date,city,temperature_c,humidity_pct,wind_speed_mps,rainfall_mm,traffic_index,industrial_index,construction_index,festival_flag,crop_burning_flag,pm25,pm10,no2,so2,co,o3,pollution_event_text,aqi
2021-01-01,Delhi,9.98,66.99,4.11,0.0,28.59,50.02,64.64,0,0,58.25,122.39,28.35,13.25,1.067,10.82,normal urban conditions,177.03
2021-01-02,Bengaluru,13.8,63.53,2.85,0.0,41.04,71.32,48.6,0,0,79.12,120.47,35.04,19.45,1.164,22.43,industrial emissions,179.57
2021-01-03,Bengaluru,12.51,80.74,3.19,0.0,45.8,39.1,70.83,0,0,64.02,91.69,43.71,16.11,1.198,7.53,construction activity,180.78
2021-01-04,Hyderabad,11.19,78.42,2.41,0.0,76.94,25.57,79.42,0,0,86.33,109.32,49.67,11.23,1.29,16.47,"heavy traffic, construction activity",217.19
2021-01-05,Hyderabad,14.35,76.31,4.28,0.0,74.88,27.0,64.16,0,0,74.98,117.15,32.54,11.01,1.207,17.52,normal urban conditions,164.85
2021-01-06,Chennai,21.91,69.27,2.37,0.0,57.19,62.47,36.59,0,0,93.18,119.37,42.28,16.29,1.473,22.57,normal urban conditions,219.41
2021-01-07,Delhi,17.8,69.8,4.98,0.0,53.22,56.66,47.21,0,0,44.71,107.78,45.13,14.21,1.282,24.89,normal urban conditions,237.02
2021-01-08,Bengaluru,21.81,73.5,2.82,0.0,73.46,39.53,59.47,0,0,69.03,108.75,38.05,10.51,1.41,14.03,normal urban conditions,176.05
2021-01-09,Mumbai,19.17,77.73,3.22,0.0,43.93,31.14,64.75,0,0,54.59,109.17,29.53,11.09,0.935,23.95,normal urban conditions,154.1
2021-01-10,Delhi,20.29,76.71,4.11,0.0,69.32,47.13,46.45,0,0,74.79,101.39,61.81,15.89,1.297,20.1,normal urban conditions,233.53
2021-01-11,Hyderabad,15.24,70.13,3.23,0.0,67.96,72.1,36.66,0,0,72.08,113.04,49.38,15.87,1.438,12.42,industrial emissions,234.83
2021-01-12,Chennai,19.51,82.01,2.84,0.0,57.61,36.96,79.68,1,0,85.59,152.44,47.37,12.69,1.174,9.64,"construction activity, festival fireworks",194.61
2021-01-13,Bengaluru,20.12,70.0,3.16,0.0,68.36,40.07,26.55,0,0,65.14,104.38,54.2,12.84,1.299,33.89,normal urban conditions,196.85
2021-01-14,Bengaluru,16.21,76.78,4.27,0.0,63.63,30.57,29.17,0,0,54.65,89.53,34.72,17.22,1.042,17.21,normal urban conditions,161.12
2021-01-15,Bengaluru,19.62,70.89,2.4,0.0,69.96,45.39,21.46,0,0,70.39,94.82,49.37,16.43,1.497,17.8,normal urban conditions,212.35
2021-01-16,Bengaluru,19.64,70.52,3.05,0.0,40.65,58.09,29.13,0,0,68.08,109.22,50.76,18.41,1.053,12.33,normal urban conditions,208.44
2021-01-17,Hyderabad,16.29,63.04,3.21,0.0,71.83,90.07,72.95,0,0,78.68,148.13,59.21,24.17,1.751,27.01,"construction activity, industrial emissions",257.06
2021-01-18,Delhi,14.57,78.61,4.24,0.0,78.43,55.92,73.62,0,0,77.15,97.15,65.09,14.31,1.47,23.66,"heavy traffic, construction activity",262.44
2021-01-19,Chennai,14.39,95.0,3.08,0.0,67.14,51.03,46.52,0,0,62.89,106.85,43.2,19.3,1.374,20.24,normal urban conditions,194.31
2021-01-20,Hyderabad,18.2,65.31,5.37,0.0,71.62,67.53,57.93,0,0,69.41,83.16,60.06,18.28,1.592,19.74,normal urban conditions,243.91
2021-01-21,Hyderabad,18.92,69.27,3.01,0.0,60.24,64.53,47.79,0,0,70.56,106.27,47.28,17.19,1.427,25.35,normal urban conditions,224.84
2021-01-22,Mumbai,15.56,66.45,2.91,0.0,76.26,41.6,24.16,0,0,78.91,121.81,46.84,10.01,1.393,12.82,heavy traffic,200.21
2021-01-23,Delhi,18.02,64.31,2.99,0.0,63.04,93.44,92.36,0,0,90.98,105.87,57.89,20.75,1.608,21.72,"construction activity, industrial emissions",280.47
2021-01-24,Chennai,19.65,83.49,1.62,0.0,43.63,51.56,75.49,0,0,72.86,110.69,39.28,9.95,1.137,18.41,"construction activity, low wind",160.5
2021-01-25,Bengaluru,19.79,61.22,1.96,0.0,75.12,56.25,55.09,0,0,80.63,127.32,51.94,15.26,1.477,23.41,"heavy traffic, low wind",224.52
2021-01-26,Bengaluru,22.59,61.24,2.56,0.0,35.85,61.92,30.88,0,0,75.59,117.76,40.84,15.18,0.963,10.39,normal urban conditions,178.76
2021-01-27,Hyderabad,21.77,50.69,4.56,0.0,66.52,58.23,43.5,0,0,45.62,100.53,35.6,15.12,1.348,36.98,normal urban conditions,190.87
2021-01-28,Chennai,14.93,63.77,3.16,0.0,55.85,79.46,34.15,0,0,63.8,89.41,43.53,15.56,1.367,29.89,industrial emissions,192.88
2021-01-29,Hyderabad,22.99,48.62,2.62,0.0,54.83,41.38,49.95,0,0,63.5,113.84,45.31,15.73,1.158,16.76,normal urban conditions,199.7
2021-01-30,Hyderabad,16.34,76.68,4.67,0.0,64.75,66.1,54.2,0,0,62.01,97.21,53.17,19.35,1.551,21.83,normal urban conditions,215.71
2021-01-31,Hyderabad,21.07,95.0,5.06,0.0,50.65,54.96,41.18,0,0,61.56,118.96,41.31,20.86,1.26,7.78,normal urban conditions,224.35
2021-02-01,Mumbai,20.7,63.64,4.71,0.0,74.2,69.69,18.91,0,0,63.16,63.05,53.14,23.13,1.493,22.34,normal urban conditions,229.52
2021-02-02,Delhi,19.26,51.65,2.18,0.0,66.91,48.13,90.64,0,0,84.86,124.31,49.85,15.17,1.489,7.03,construction activity,248.2
2021-02-03,Hyderabad,15.08,80.25,2.61,0.0,56.12,45.69,52.75,0,0,71.54,116.76,48.09,17.38,1.191,14.62,normal urban conditions,201.59
2021-02-04,Chennai,19.99,60.54,5.38,0.0,87.41,65.18,57.13,1,0,80.63,146.62,46.24,18.21,1.744,18.31,"heavy traffic, festival fireworks",208.48
2021-02-05,Delhi,15.82,83.72,3.49,0.0,69.28,58.44,39.55,0,0,59.7,106.08,45.77,15.07,1.357,24.75,normal urban conditions,222.73
2021-02-06,Chennai,23.4,62.6,2.88,0.0,76.09,37.23,16.76,0,0,66.67,110.4,47.46,12.12,1.35,35.04,heavy traffic,209.45
2021-02-07,Chennai,25.05,57.95,4.06,0.0,88.67,76.22,46.33,0,0,63.15,114.68,60.24,21.11,1.854,36.66,"heavy traffic, industrial emissions",231.48
2021-02-08,Mumbai,18.11,67.34,4.41,0.0,88.4,65.19,41.54,1,0,78.3,141.27,43.68,29.69,1.632,27.99,"heavy traffic, festival fireworks",242.81
2021-02-09,Bengaluru,21.41,74.39,2.51,0.0,75.28,50.66,62.19,0,0,86.97,120.81,43.18,18.61,1.462,21.42,heavy traffic,222.37
2021-02-10,Delhi,18.32,66.7,3.46,0.0,61.16,43.57,66.12,0,0,80.12,97.77,42.7,14.71,1.283,22.79,normal urban conditions,198.97
2021-02-11,Bengaluru,18.61,63.8,4.31,0.0,43.12,58.55,63.3,0,0,82.08,95.45,44.0,17.82,1.037,23.27,normal urban conditions,185.36
2021-02-12,Bengaluru,22.82,63.84,1.81,0.0,69.31,63.89,67.77,0,0,82.34,136.84,49.43,18.65,1.323,14.63,low wind,226.36
2021-02-13,Mumbai,20.38,54.81,3.21,0.0,83.51,23.31,84.07,0,0,67.49,119.73,43.54,10.46,1.465,30.66,"heavy traffic, construction activity",207.69
2021-02-14,Delhi,25.72,67.77,1.86,0.0,71.67,58.76,55.8,0,0,89.12,123.92,54.92,18.67,1.692,28.84,low wind,262.43
2021-02-15,Chennai,19.05,50.6,2.02,0.0,15.0,63.75,69.98,0,0,78.18,111.48,29.06,16.73,0.849,27.56,normal urban conditions,183.44
2021-02-16,Hyderabad,23.5,60.91,2.52,0.0,79.92,10.0,57.88,0,0,85.08,129.01,49.63,5.57,1.321,7.64,heavy traffic,194.65
2021-02-17,Chennai,20.79,74.84,3.77,0.0,80.9,55.53,10.0,0,0,57.28,102.94,50.99,17.33,1.483,23.62,heavy traffic,202.89
2021-02-18,Bengaluru,22.89,68.81,2.81,0.0,61.18,64.5,44.91,0,0,71.91,122.96,41.08,19.17,1.489,29.37,normal urban conditions,193.28
2021-02-19,Bengaluru,19.16,74.29,2.42,0.0,81.81,62.46,30.65,0,0,90.37,106.5,64.2,16.56,1.576,19.52,heavy traffic,240.02
2021-02-20,Bengaluru,20.35,66.9,3.26,0.0,76.05,66.44,52.63,0,0,88.7,96.08,60.7,18.56,1.654,17.66,heavy traffic,245.61
2021-02-21,Delhi,20.15,79.39,1.82,0.0,55.03,46.1,32.18,0,0,75.55,99.08,37.21,17.26,1.236,10.02,low wind,199.88
2021-02-22,Mumbai,17.99,78.45,3.71,0.0,86.34,33.28,60.11,0,0,71.25,91.33,52.38,12.17,1.536,8.44,heavy traffic,204.73
2021-02-23,Hyderabad,22.49,70.52,4.56,0.0,45.72,19.6,67.62,0,0,55.28,79.32,28.87,8.8,0.964,22.99,normal urban conditions,153.79
2021-02-24,Hyderabad,22.45,75.36,3.1,0.0,65.08,71.66,72.07,0,0,91.73,160.7,54.05,16.34,1.506,19.66,"construction activity, industrial emissions",258.68
2021-02-25,Delhi,22.28,73.71,2.96,0.0,63.49,64.66,80.39,0,0,72.83,78.46,43.25,16.58,1.422,19.67,construction activity,215.42
2021-02-26,Hyderabad,25.11,59.83,3.65,0.0,52.79,73.03,14.48,0,0,72.6,119.64,50.52,23.29,1.399,35.33,industrial emissions,261.11
2021-02-27,Delhi,24.85,50.97,0.77,0.0,70.86,38.95,24.02,0,0,84.43,137.53,55.97,12.64,1.276,16.76,low wind,257.35
2021-02-28,Bengaluru,19.38,72.44,3.84,0.0,86.97,66.47,100.0,0,0,85.05,148.56,51.04,18.71,1.673,17.54,"heavy traffic, construction activity",229.9
2021-03-01,Bengaluru,25.12,69.68,6.92,0.0,88.89,24.95,68.19,1,0,75.62,124.89,45.87,10.02,1.584,35.31,"heavy traffic, festival fireworks",216.37
2021-03-02,Chennai,22.13,77.21,3.05,0.0,80.51,36.35,52.49,0,0,83.88,147.96,56.49,11.59,1.448,18.72,heavy traffic,219.84
2021-03-03,Bengaluru,24.07,55.59,3.06,0.0,41.79,54.27,48.64,0,0,67.74,143.74,32.06,13.04,1.051,25.03,normal urban conditions,169.02
2021-03-04,Mumbai,22.2,57.2,4.09,0.0,47.55,63.94,46.86,0,0,74.44,111.02,36.93,17.53,1.287,22.12,normal urban conditions,195.27
2021-03-05,Chennai,28.86,66.2,5.17,0.0,71.59,82.22,9.33,0,0,61.65,110.41,56.41,18.6,1.669,30.87,industrial emissions,215.17
2021-03-06,Hyderabad,25.09,63.52,4.37,0.0,68.38,47.68,32.55,0,0,63.09,129.19,44.31,18.45,1.253,9.79,normal urban conditions,190.83
2021-03-07,Mumbai,23.35,46.6,0.61,0.0,60.96,36.42,45.76,0,0,47.93,80.92,35.26,12.5,1.258,23.82,low wind,153.37
2021-03-08,Chennai,27.58,66.24,3.88,0.0,99.41,35.49,33.68,0,0,84.86,118.28,53.3,12.55,1.667,25.6,heavy traffic,233.03
2021-03-09,Mumbai,17.49,51.03,6.29,0.0,70.62,39.62,36.3,0,0,57.13,90.94,52.7,12.8,1.392,14.51,normal urban conditions,200.73
2021-03-10,Delhi,17.96,59.78,3.95,0.0,77.61,91.98,99.17,0,0,106.31,154.93,70.53,22.83,1.734,23.11,"heavy traffic, construction activity, industrial emissions",328.73
2021-03-11,Hyderabad,26.39,76.85,1.81,0.0,84.73,65.62,42.97,0,0,81.14,86.84,54.32,21.97,1.698,28.8,"heavy traffic, low wind",240.31
2021-03-12,Bengaluru,24.18,83.12,3.54,0.0,69.81,72.03,53.56,0,0,88.99,154.03,46.21,15.4,1.373,24.49,industrial emissions,209.57
2021-03-13,Delhi,24.75,52.32,1.66,0.0,100.0,47.7,52.85,0,0,101.87,147.35,57.8,15.47,1.665,37.79,"heavy traffic, low wind",274.82
2021-03-14,Hyderabad,20.02,64.49,4.68,0.0,53.88,51.97,59.79,0,0,52.38,112.08,51.07,10.61,1.268,18.24,normal urban conditions,201.57
2021-03-15,Delhi,23.93,65.48,2.05,0.0,59.23,64.59,38.45,0,0,85.29,81.04,53.01,21.0,1.558,26.79,normal urban conditions,274.51
2021-03-16,Bengaluru,30.01,78.6,3.29,0.0,53.84,42.9,72.94,0,0,73.62,100.24,48.88,13.54,1.183,28.41,construction activity,201.74
2021-03-17,Hyderabad,26.47,58.34,2.17,0.0,93.93,46.76,56.87,0,0,70.7,141.68,63.43,10.0,1.602,23.91,heavy traffic,244.27
2021-03-18,Mumbai,24.51,59.87,2.54,0.0,81.76,39.86,22.26,0,0,76.68,111.99,43.07,9.55,1.481,32.23,heavy traffic,206.24
2021-03-19,Mumbai,22.68,81.41,4.98,0.0,60.22,43.95,45.85,0,0,49.62,66.69,35.0,16.47,1.165,22.72,normal urban conditions,167.38
2021-03-20,Hyderabad,22.82,62.08,3.32,0.0,55.11,52.88,44.56,0,0,46.68,99.34,38.35,10.47,1.329,14.69,normal urban conditions,182.16
2021-03-21,Bengaluru,17.61,76.69,2.53,0.0,91.09,37.21,43.64,0,0,85.27,136.41,50.89,13.79,1.57,23.74,heavy traffic,245.25
2021-03-22,Chennai,24.77,49.69,1.83,0.0,74.72,57.15,58.19,0,0,82.18,133.19,48.56,14.86,1.574,22.17,low wind,224.16
2021-03-23,Hyderabad,26.54,61.51,0.95,0.0,91.49,57.12,60.69,0,0,111.54,143.23,56.68,15.56,1.678,22.95,"heavy traffic, low wind",268.63
2021-03-24,Delhi,19.27,51.71,1.7,0.0,67.97,48.77,58.33,0,0,80.31,142.67,52.39,12.78,1.45,20.65,low wind,246.26
2021-03-25,Chennai,22.02,55.83,3.33,0.0,77.11,37.11,54.78,0,0,77.96,107.41,48.54,10.08,1.268,28.56,heavy traffic,204.01
2021-03-26,Bengaluru,20.53,75.82,4.38,0.0,73.73,53.89,49.71,0,0,74.6,126.63,55.86,14.16,1.46,27.74,normal urban conditions,223.29
2021-03-27,Bengaluru,21.1,66.53,2.53,0.0,58.94,42.91,5.0,0,0,68.93,109.73,44.46,15.58,1.258,20.51,normal urban conditions,187.32
2021-03-28,Delhi,24.16,61.7,5.08,0.0,66.62,52.84,63.56,1,0,63.18,107.62,40.72,14.58,1.345,22.37,festival fireworks,217.9
2021-03-29,Mumbai,17.75,61.89,2.34,0.0,49.98,71.77,57.77,0,0,76.7,112.63,46.67,19.75,1.309,6.0,industrial emissions,205.24
2021-03-30,Bengaluru,25.84,61.5,2.91,0.0,76.83,29.45,28.3,0,0,63.84,100.09,37.52,10.98,1.376,19.86,heavy traffic,172.84
2021-03-31,Chennai,26.26,66.43,1.9,0.0,81.11,91.12,53.61,0,0,102.83,139.14,47.89,23.41,1.854,17.85,"heavy traffic, industrial emissions, low wind",237.09
2021-04-01,Hyderabad,26.75,72.91,4.39,0.0,85.84,50.69,60.96,0,0,78.59,115.99,56.35,16.36,1.634,26.14,heavy traffic,243.3
2021-04-02,Chennai,20.06,41.51,5.72,0.0,80.66,59.41,71.42,0,0,60.29,121.98,56.78,14.88,1.606,23.3,"heavy traffic, construction activity",207.82
2021-04-03,Chennai,24.51,56.32,1.09,0.0,67.95,38.45,58.21,1,0,85.25,116.27,47.64,10.29,1.366,18.36,"low wind, festival fireworks",211.92
2021-04-04,Mumbai,31.2,61.55,2.78,0.0,94.83,72.56,54.43,0,0,108.37,171.04,59.86,21.48,1.715,28.84,"heavy traffic, industrial emissions",271.98
2021-04-05,Chennai,19.17,67.4,4.72,0.0,84.28,49.74,66.94,0,0,56.8,95.18,43.26,12.52,1.5,19.98,heavy traffic,168.92
2021-04-06,Mumbai,26.46,67.31,1.46,0.0,92.22,44.91,41.87,0,0,95.42,148.15,64.27,15.69,1.515,6.69,"heavy traffic, low wind",247.74
2021-04-07,Mumbai,23.96,67.7,3.88,0.0,93.22,41.64,56.24,0,0,90.21,146.75,57.05,13.76,1.662,30.81,heavy traffic,255.84
2021-04-08,Bengaluru,29.91,57.81,4.67,0.0,67.99,47.17,35.58,0,0,63.43,109.83,46.42,13.16,1.382,34.59,normal urban conditions,193.69
2021-04-09,Bengaluru,25.47,58.7,3.29,0.0,76.21,59.53,70.21,0,0,99.81,139.66,51.88,17.81,1.632,23.3,"heavy traffic, construction activity",245.06
2021-04-10,Delhi,28.71,59.25,3.86,0.0,82.39,55.11,15.81,0,0,76.03,100.79,49.88,19.92,1.598,29.15,heavy traffic,261.01
2021-04-11,Chennai,29.2,72.85,5.31,0.0,51.61,51.28,64.33,0,0,60.29,98.63,31.81,17.08,1.127,23.04,normal urban conditions,192.19
2021-04-12,Delhi,33.01,51.37,5.54,0.0,51.97,39.19,48.35,1,0,49.58,101.94,37.46,13.66,1.12,18.76,festival fireworks,191.7
2021-04-13,Chennai,26.89,62.35,3.13,0.0,49.21,38.15,67.31,0,0,66.82,112.38,34.35,17.97,0.919,40.45,normal urban conditions,191.05
2021-04-14,Delhi,28.63,63.59,2.56,0.0,68.27,43.7,32.39,0,0,75.35,136.7,44.07,8.97,1.299,31.36,normal urban conditions,227.12
2021-04-15,Bengaluru,23.04,81.27,2.1,0.0,64.67,60.28,49.8,0,0,80.63,113.27,59.42,13.31,1.2,27.51,normal urban conditions,230.91
2021-04-16,Bengaluru,31.07,57.05,4.37,0.0,47.03,63.92,49.21,0,0,49.97,91.29,40.12,15.83,1.224,26.25,normal urban conditions,176.04
2021-04-17,Bengaluru,25.22,73.74,1.55,0.0,72.39,66.35,56.68,0,0,77.09,89.66,39.2,21.87,1.494,30.9,low wind,216.55
2021-04-18,Bengaluru,25.82,76.05,2.9,0.0,68.47,51.97,27.05,0,0,71.64,123.56,44.72,18.14,1.373,13.48,normal urban conditions,189.94
2021-04-19,Hyderabad,27.43,61.96,3.32,0.0,88.92,58.9,60.72,0,0,69.08,124.05,50.57,11.28,1.596,23.93,heavy traffic,226.11
2021-04-20,Bengaluru,22.81,63.72,2.6,0.0,100.0,48.97,11.08,0,0,74.71,129.95,58.84,13.53,1.69,28.08,heavy traffic,231.06
2021-04-21,Mumbai,28.19,58.78,3.54,0.0,77.3,20.64,34.64,0,0,36.24,104.94,35.71,6.33,1.357,22.06,heavy traffic,134.74
2021-04-22,Bengaluru,30.4,57.96,6.28,0.0,58.85,48.11,16.75,0,0,49.14,108.06,42.06,14.58,1.13,34.14,normal urban conditions,193.55
2021-04-23,Hyderabad,28.38,70.48,3.05,0.0,80.35,45.24,64.56,0,0,91.34,146.22,49.14,16.94,1.526,27.28,heavy traffic,221.74
2021-04-24,Hyderabad,22.73,68.2,2.68,0.0,70.15,33.3,56.0,0,0,72.5,127.08,42.25,15.25,1.227,23.79,normal urban conditions,205.6
2021-04-25,Hyderabad,27.13,65.16,4.42,0.0,66.16,41.79,57.12,0,0,80.83,136.23,44.09,14.49,1.16,20.06,normal urban conditions,209.42
2021-04-26,Hyderabad,29.73,49.74,3.49,0.0,56.21,54.43,77.46,0,0,82.33,92.89,42.6,14.43,1.349,31.21,construction activity,214.15
2021-04-27,Delhi,21.87,56.82,4.93,0.0,62.57,31.6,41.68,0,0,55.4,81.75,38.38,11.77,1.297,36.74,normal urban conditions,212.66
2021-04-28,Delhi,24.28,86.24,3.4,0.0,67.16,39.21,60.19,0,0,70.56,92.4,42.94,15.32,1.248,22.23,normal urban conditions,220.18
2021-04-29,Mumbai,30.13,58.93,2.9,0.0,82.87,79.86,49.32,0,0,82.89,145.95,58.86,26.82,1.68,31.39,"heavy traffic, industrial emissions",269.49
2021-04-30,Delhi,28.31,54.24,1.06,0.0,78.18,23.15,46.28,0,0,82.78,108.54,50.12,7.15,1.307,31.99,"heavy traffic, low wind",239.54
2021-05-01,Hyderabad,31.3,74.2,1.26,0.0,98.14,48.7,74.13,0,0,99.92,127.62,61.83,19.56,1.655,18.3,"heavy traffic, construction activity, low wind",292.53
2021-05-02,Bengaluru,35.64,59.67,1.0,0.0,79.72,31.01,89.64,0,0,96.22,138.04,57.06,12.69,1.342,29.51,"heavy traffic, construction activity, low wind",233.78
2021-05-03,Bengaluru,31.47,65.55,3.66,0.0,75.72,38.47,39.37,1,0,81.46,98.43,43.8,15.62,1.425,26.3,"heavy traffic, festival fireworks",188.52
2021-05-04,Hyderabad,32.04,57.99,1.57,0.0,64.03,48.44,64.67,0,0,77.4,127.66,48.57,15.31,1.475,13.79,low wind,198.89
2021-05-05,Chennai,38.19,51.88,4.71,0.0,52.33,34.22,54.38,0,0,60.95,68.89,50.76,16.69,1.055,38.3,normal urban conditions,213.07
2021-05-06,Hyderabad,29.42,59.51,3.24,0.0,59.81,62.33,54.62,0,0,68.23,91.53,46.06,17.96,1.424,20.52,normal urban conditions,189.03
2021-05-07,Delhi,27.67,48.6,2.91,0.0,57.73,76.32,52.94,0,0,73.51,120.07,48.7,17.27,1.429,32.14,industrial emissions,236.01
2021-05-08,Bengaluru,31.35,58.98,2.19,0.0,27.95,67.15,41.34,0,0,50.52,75.5,28.85,19.09,0.855,22.86,normal urban conditions,133.15
2021-05-09,Hyderabad,31.38,62.79,3.95,0.0,52.79,70.44,5.0,0,0,52.59,118.42,40.13,21.65,1.304,42.02,industrial emissions,223.0
2021-05-10,Bengaluru,28.48,80.37,2.23,0.0,94.56,27.16,78.7,0,0,111.82,149.14,53.05,11.35,1.536,22.07,"heavy traffic, construction activity",252.94
2021-05-11,Hyderabad,26.96,63.78,2.02,0.0,74.83,47.62,34.11,0,0,66.98,129.7,53.74,8.4,1.551,38.62,normal urban conditions,223.18
2021-05-12,Hyderabad,36.99,32.56,4.63,0.0,62.9,60.41,43.17,0,0,61.54,112.78,49.33,16.32,1.488,33.23,normal urban conditions,229.82
2021-05-13,Delhi,31.04,59.13,3.63,0.0,75.3,67.68,43.59,0,0,69.81,112.38,54.76,18.12,1.59,27.6,heavy traffic,224.96
2021-05-14,Hyderabad,27.87,89.69,2.92,0.0,37.67,83.56,32.32,0,0,45.73,75.24,47.35,20.23,1.301,33.53,industrial emissions,198.52
2021-05-15,Bengaluru,32.81,67.5,3.97,0.0,73.44,71.24,52.8,1,0,90.49,145.93,46.4,16.91,1.547,21.52,"industrial emissions, festival fireworks",228.22
2021-05-16,Mumbai,29.73,52.88,3.21,0.0,89.37,68.14,47.11,0,0,77.37,126.62,61.67,21.87,1.821,28.36,heavy traffic,253.02
2021-05-17,Bengaluru,29.3,67.2,3.66,0.0,66.99,99.4,33.67,0,0,81.53,157.71,56.03,15.79,1.658,29.83,industrial emissions,254.15
2021-05-18,Delhi,31.75,52.16,2.22,0.0,40.58,53.73,50.99,0,0,73.03,130.8,39.25,15.88,1.147,32.03,normal urban conditions,203.67
2021-05-19,Mumbai,26.19,49.93,5.68,0.0,62.31,46.8,47.34,0,0,53.13,93.37,39.04,14.81,1.374,26.71,normal urban conditions,174.5
2021-05-20,Hyderabad,31.12,56.53,2.5,0.0,89.4,55.19,66.56,0,0,91.31,136.68,51.29,22.12,1.711,27.67,heavy traffic,259.55
2021-05-21,Chennai,35.8,57.65,5.07,0.0,73.07,35.53,21.19,0,0,42.59,97.08,36.5,12.64,1.281,36.7,normal urban conditions,181.49
2021-05-22,Mumbai,31.46,41.06,2.97,0.0,46.24,53.22,31.89,0,0,62.6,126.71,41.57,16.85,1.09,31.61,normal urban conditions,206.91
2021-05-23,Mumbai,28.93,50.05,4.17,0.0,100.0,20.92,62.51,0,0,70.29,139.01,55.17,10.72,1.636,34.67,heavy traffic,236.63
2021-05-24,Hyderabad,28.54,61.92,4.08,0.0,48.87,42.47,35.21,0,0,31.49,79.92,36.39,14.08,1.163,29.01,normal urban conditions,155.78
2021-05-25,Chennai,28.83,57.54,4.58,0.0,65.04,49.92,29.93,0,0,64.57,85.14,44.12,20.28,1.343,31.5,normal urban conditions,193.7
2021-05-26,Chennai,29.3,65.24,2.19,0.0,52.33,69.09,36.19,0,0,82.92,88.16,41.75,14.72,1.268,34.22,normal urban conditions,231.63
2021-05-27,Delhi,28.93,49.4,4.49,0.0,52.35,72.0,45.98,0,0,74.36,95.77,46.92,16.52,1.326,25.81,industrial emissions,219.7
2021-05-28,Mumbai,32.81,65.97,5.42,0.0,61.69,34.65,46.06,1,0,81.42,110.94,39.24,14.81,1.176,35.87,festival fireworks,189.54
2021-05-29,Chennai,24.86,52.56,2.89,0.0,79.11,89.37,43.8,0,0,92.98,157.07,57.27,22.07,1.714,24.27,"heavy traffic, industrial emissions",263.73
2021-05-30,Delhi,32.65,75.37,3.24,0.0,89.58,54.67,27.43,0,0,83.27,148.09,61.28,14.9,1.81,17.11,heavy traffic,259.1
2021-05-31,Chennai,28.92,44.4,2.57,0.0,62.75,56.32,63.46,0,0,84.4,143.2,50.89,15.8,1.303,26.28,normal urban conditions,246.52
2021-06-01,Mumbai,32.13,48.38,2.78,2.58,49.84,22.88,74.52,0,0,46.66,121.09,25.96,13.4,1.026,24.81,construction activity,187.7
2021-06-02,Chennai,27.62,66.64,5.25,1.83,73.66,40.84,9.79,0,0,30.83,66.56,45.15,14.99,1.391,27.82,normal urban conditions,171.76
2021-06-03,Mumbai,34.99,73.95,1.99,5.98,74.13,70.9,16.93,0,0,64.51,78.14,49.2,16.2,1.467,26.37,"industrial emissions, rain, low wind",209.19
2021-06-04,Hyderabad,34.74,60.63,2.07,3.58,69.85,55.06,68.06,0,0,88.86,111.69,50.91,16.52,1.318,30.72,rain,214.29
2021-06-05,Bengaluru,33.88,63.71,5.13,0.2,70.41,53.94,79.4,0,0,61.61,74.11,27.47,15.48,1.412,36.09,construction activity,182.67
2021-06-06,Delhi,26.46,63.46,3.95,0.47,64.2,56.09,5.42,0,0,60.4,80.9,47.06,17.39,1.201,35.34,normal urban conditions,205.29
2021-06-07,Hyderabad,33.49,48.09,5.74,3.0,67.57,26.02,64.31,0,0,50.79,91.7,43.26,10.2,1.363,32.7,rain,179.1
2021-06-08,Hyderabad,32.21,54.35,2.66,0.35,63.09,50.26,80.76,0,0,78.57,126.62,45.17,11.42,1.28,36.8,construction activity,224.73
2021-06-09,Bengaluru,26.18,51.35,3.35,1.92,83.12,77.35,30.75,0,0,61.86,107.53,51.05,21.39,1.676,25.0,"heavy traffic, industrial emissions",223.26
2021-06-10,Chennai,30.93,47.36,2.41,3.86,100.0,71.56,79.59,0,0,95.89,124.06,76.16,20.1,1.977,18.38,"heavy traffic, construction activity, industrial emissions, rain",259.98
2021-06-11,Bengaluru,32.09,63.35,3.37,2.64,68.87,49.75,44.44,0,0,59.69,115.34,54.01,19.21,1.364,19.79,normal urban conditions,202.42
2021-06-12,Hyderabad,32.67,47.7,1.07,0.27,65.89,80.15,54.29,0,0,104.85,128.09,51.6,15.87,1.574,28.87,"industrial emissions, low wind",231.12
2021-06-13,Hyderabad,31.53,62.92,4.02,0.51,70.09,29.34,33.62,1,0,76.93,116.91,41.11,11.48,1.221,33.36,festival fireworks,206.14
2021-06-14,Hyderabad,31.87,46.47,3.59,2.72,55.47,34.51,68.02,0,0,51.07,81.48,26.79,11.83,1.126,28.6,normal urban conditions,151.32
2021-06-15,Chennai,35.42,59.97,3.13,8.68,78.24,85.55,64.69,0,0,90.2,150.01,60.92,19.5,1.78,38.59,"heavy traffic, industrial emissions, rain",261.92
2021-06-16,Mumbai,34.68,52.64,2.73,1.52,73.06,62.4,82.49,0,0,85.07,129.08,43.75,12.36,1.432,43.58,construction activity,235.7
2021-06-17,Delhi,22.4,80.19,2.13,3.98,59.27,46.8,76.81,0,0,56.13,118.53,48.33,11.29,1.284,14.48,"construction activity, rain",218.29
2021-06-18,Mumbai,30.05,64.0,4.07,2.66,80.43,51.0,47.82,0,0,65.62,88.06,57.03,15.97,1.328,41.72,heavy traffic,238.34
2021-06-19,Delhi,30.51,72.8,1.79,0.77,66.3,37.48,100.0,0,0,101.35,146.16,45.12,11.5,1.372,14.6,"construction activity, low wind",239.2
2021-06-20,Delhi,25.74,56.22,3.81,4.02,50.48,56.98,75.02,0,0,50.19,111.95,34.61,13.64,1.153,38.35,"construction activity, rain",219.11
2021-06-21,Delhi,31.28,60.46,5.69,0.11,71.63,55.55,58.81,0,0,60.62,70.73,54.0,20.18,1.436,27.72,normal urban conditions,241.64
2021-06-22,Bengaluru,34.75,47.67,4.98,3.76,69.79,52.36,28.06,0,0,34.61,105.35,46.03,22.5,1.394,29.76,rain,188.69
2021-06-23,Bengaluru,27.74,58.25,1.39,2.82,81.37,31.12,17.4,0,0,56.14,76.7,51.03,11.81,1.335,26.21,"heavy traffic, low wind",197.83
2021-06-24,Bengaluru,32.01,56.77,2.56,0.87,79.3,56.77,19.1,0,0,63.34,108.59,47.83,11.58,1.458,23.19,heavy traffic,190.12
2021-06-25,Hyderabad,28.25,54.76,3.71,0.4,64.25,42.47,29.33,0,0,45.09,124.51,44.62,14.98,1.318,37.48,normal urban conditions,206.22
2021-06-26,Bengaluru,28.98,49.36,3.12,0.97,58.45,34.25,75.55,0,0,57.85,124.64,39.1,6.22,1.202,23.17,construction activity,183.37
2021-06-27,Delhi,35.43,42.86,1.52,0.69,66.03,74.8,57.74,0,0,100.57,110.53,45.26,14.92,1.42,28.39,"industrial emissions, low wind",262.52
2021-06-28,Chennai,29.37,37.84,3.66,1.26,71.81,91.05,35.73,0,0,71.58,109.77,64.15,22.81,1.701,19.96,industrial emissions,239.2
2021-06-29,Hyderabad,32.39,48.57,3.19,1.1,73.74,86.97,45.28,1,0,95.13,153.98,67.14,16.76,1.701,24.87,"industrial emissions, festival fireworks",286.29
2021-06-30,Chennai,25.39,70.3,5.5,0.87,70.82,63.7,42.85,0,0,71.8,99.29,54.17,16.3,1.452,18.62,normal urban conditions,195.98
2021-07-01,Delhi,35.65,40.86,2.9,0.1,60.55,47.22,64.0,0,0,56.48,98.56,49.19,10.1,1.156,27.33,normal urban conditions,216.83
2021-07-02,Hyderabad,31.87,45.81,4.6,0.32,77.95,50.73,30.42,0,0,51.65,90.41,59.84,15.29,1.487,28.8,heavy traffic,217.68
2021-07-03,Bengaluru,29.51,79.05,1.68,4.61,51.21,59.3,54.99,0,0,76.73,129.41,38.02,19.86,1.25,16.94,"rain, low wind",191.16
2021-07-04,Hyderabad,31.79,53.18,1.97,0.9,100.0,44.44,54.0,0,0,81.52,94.96,53.17,12.27,1.712,40.26,"heavy traffic, low wind",252.05
2021-07-05,Hyderabad,25.83,66.93,4.07,1.29,74.21,75.74,31.02,0,0,76.78,127.58,50.98,19.06,1.548,23.11,industrial emissions,240.21
2021-07-06,Delhi,33.61,64.7,4.5,1.03,43.96,15.36,79.76,0,0,64.51,101.74,31.16,7.01,0.907,31.34,construction activity,196.73
2021-07-07,Mumbai,29.09,68.06,2.05,6.1,64.96,46.68,42.09,0,0,47.96,95.81,44.8,12.23,1.411,31.86,rain,194.19
2021-07-08,Mumbai,29.45,45.96,3.23,0.67,74.36,66.42,28.14,0,0,65.62,103.54,46.55,15.13,1.479,42.86,normal urban conditions,218.75
2021-07-09,Mumbai,28.59,59.48,1.54,0.6,56.41,36.79,65.06,1,0,79.37,133.13,41.98,15.24,1.124,32.95,"low wind, festival fireworks",225.65
2021-07-10,Bengaluru,28.32,45.79,2.98,2.88,38.08,47.68,49.09,0,0,44.3,93.74,34.86,10.39,1.212,26.35,normal urban conditions,140.0
2021-07-11,Bengaluru,32.15,83.76,4.2,2.08,45.37,62.69,56.17,0,0,52.94,127.38,44.78,16.03,1.194,18.12,normal urban conditions,176.7
2021-07-12,Bengaluru,30.83,44.27,2.68,2.96,70.67,79.33,24.31,0,0,64.03,123.75,54.78,20.92,1.473,32.01,industrial emissions,234.04
2021-07-13,Mumbai,32.02,48.91,2.9,2.78,33.93,28.71,64.25,0,0,46.66,83.39,18.72,14.32,0.791,37.18,normal urban conditions,162.12
2021-07-14,Chennai,30.04,50.37,1.84,4.12,38.81,27.37,91.45,0,0,59.9,135.47,35.32,12.7,0.819,29.47,"construction activity, rain, low wind",172.12
2021-07-15,Delhi,31.6,44.71,2.42,0.25,70.59,34.97,22.74,0,0,72.02,117.5,55.4,12.38,1.337,30.47,normal urban conditions,247.81
2021-07-16,Mumbai,28.81,75.16,5.31,2.62,58.44,24.32,55.08,1,0,54.32,105.41,35.87,9.19,1.122,26.32,festival fireworks,154.15
2021-07-17,Delhi,36.75,80.3,3.29,0.61,50.87,25.61,32.29,0,0,64.21,122.3,41.43,13.87,0.963,15.49,normal urban conditions,200.56
2021-07-18,Mumbai,25.36,59.29,2.0,0.04,54.08,34.49,100.0,0,0,70.91,101.44,37.02,9.92,1.254,25.86,"construction activity, low wind",190.65
2021-07-19,Chennai,33.84,44.9,2.82,2.76,38.47,74.2,72.79,0,0,51.32,77.4,44.47,16.32,1.164,36.35,"construction activity, industrial emissions",210.51
2021-07-20,Mumbai,34.17,35.51,1.28,2.61,69.75,46.38,53.64,0,0,69.7,114.16,44.77,18.48,1.329,32.21,low wind,210.28
2021-07-21,Chennai,27.51,60.1,1.98,1.67,49.1,52.56,23.44,0,0,64.69,95.42,40.31,16.49,1.057,33.78,low wind,181.85
2021-07-22,Hyderabad,36.75,52.91,4.83,4.18,53.43,34.8,28.28,0,0,45.45,129.8,35.03,13.76,1.028,39.96,rain,192.46
2021-07-23,Bengaluru,33.05,52.15,3.03,0.62,67.55,63.4,62.93,0,0,89.65,116.03,52.57,18.94,1.341,26.39,normal urban conditions,208.19
2021-07-24,Hyderabad,32.98,60.93,5.47,3.21,57.89,85.76,20.75,0,0,53.82,98.58,42.64,20.44,1.444,31.92,"industrial emissions, rain",225.0
2021-07-25,Mumbai,30.15,64.65,3.09,1.42,50.73,36.02,21.38,0,0,58.31,104.76,28.99,8.45,1.004,27.12,normal urban conditions,143.51
2021-07-26,Bengaluru,29.41,64.44,3.16,1.55,30.17,83.05,48.18,0,0,73.63,138.17,42.11,21.04,1.173,12.24,industrial emissions,197.44
2021-07-27,Chennai,29.43,58.03,3.97,0.07,67.88,58.56,50.67,0,0,60.05,88.22,50.34,16.31,1.369,25.91,normal urban conditions,205.55
2021-07-28,Mumbai,31.23,48.92,0.3,4.22,63.26,52.3,55.6,0,0,74.34,88.41,49.82,12.79,1.39,22.09,"rain, low wind",211.83
2021-07-29,Bengaluru,34.27,64.47,3.45,2.51,53.72,59.2,39.21,0,0,86.28,149.51,48.72,13.21,1.289,30.05,normal urban conditions,224.88
2021-07-30,Mumbai,30.61,60.5,3.14,3.1,45.4,59.03,66.4,0,0,69.36,116.43,39.07,16.31,1.201,32.35,rain,200.2
2021-07-31,Bengaluru,27.33,71.55,4.98,0.5,62.2,85.43,30.76,0,0,69.21,125.17,51.43,16.6,1.581,22.92,industrial emissions,220.45
2021-08-01,Bengaluru,29.97,68.72,4.36,2.24,65.69,61.36,60.53,0,0,74.31,133.42,44.91,16.39,1.566,19.94,normal urban conditions,215.99
2021-08-02,Hyderabad,30.26,46.4,1.84,1.42,59.56,61.74,52.28,0,0,59.52,124.46,46.22,16.09,1.267,30.71,low wind,236.12
2021-08-03,Bengaluru,29.46,46.83,4.69,2.65,84.21,44.41,60.01,0,0,56.53,97.8,52.29,13.75,1.595,45.69,heavy traffic,208.72
2021-08-04,Mumbai,29.74,53.43,2.89,2.13,69.28,67.1,71.64,0,0,66.9,102.09,64.88,18.94,1.516,12.74,construction activity,206.43
2021-08-05,Delhi,26.69,52.56,2.11,7.12,56.28,34.78,38.89,0,0,54.25,64.42,45.26,14.43,1.219,28.0,rain,194.41
2021-08-06,Delhi,24.71,72.05,3.44,5.38,69.81,53.96,34.78,0,0,55.71,83.05,51.49,13.5,1.42,19.14,rain,200.19
2021-08-07,Hyderabad,24.9,67.89,2.96,1.24,58.78,100.0,14.23,1,0,82.22,119.49,58.43,25.61,1.649,20.56,"industrial emissions, festival fireworks",239.67
2021-08-08,Chennai,22.59,76.98,5.05,2.76,58.72,10.0,7.62,0,0,29.61,65.5,19.17,7.94,0.911,20.46,normal urban conditions,92.6
2021-08-09,Delhi,28.21,66.02,3.61,1.13,78.74,56.2,44.48,0,0,55.72,81.59,53.75,21.25,1.452,23.19,heavy traffic,233.79
2021-08-10,Hyderabad,27.25,64.81,3.45,4.08,43.63,56.89,45.85,0,0,60.92,107.1,44.28,14.35,1.069,29.42,rain,212.16
2021-08-11,Bengaluru,26.18,75.47,4.28,1.49,58.37,47.89,26.28,0,0,35.94,109.28,42.13,9.83,1.232,21.65,normal urban conditions,171.92
2021-08-12,Mumbai,18.63,73.45,4.51,0.95,77.04,48.32,30.58,0,0,55.14,99.02,48.26,17.23,1.468,4.3,heavy traffic,177.21
2021-08-13,Bengaluru,23.76,65.85,4.14,2.21,62.94,53.65,78.47,0,0,53.59,84.22,39.04,16.86,1.268,32.12,construction activity,175.71
2021-08-14,Mumbai,30.86,75.0,4.9,5.03,52.1,47.46,65.52,0,0,40.58,116.2,35.8,18.2,1.081,33.88,rain,205.54
2021-08-15,Chennai,25.51,65.1,3.93,4.37,30.7,56.0,22.77,0,0,39.81,73.65,28.15,16.89,0.902,19.97,rain,147.08
2021-08-16,Hyderabad,28.58,58.75,3.4,1.02,21.67,43.22,39.15,0,0,54.09,126.9,33.8,20.94,0.633,27.02,normal urban conditions,185.48
2021-08-17,Hyderabad,23.33,57.09,4.69,6.61,91.22,88.4,56.12,0,0,56.43,99.32,70.73,20.58,1.852,32.5,"heavy traffic, industrial emissions, rain",266.11
2021-08-18,Delhi,31.82,66.56,3.09,0.55,62.94,47.46,35.47,0,0,58.84,105.24,56.31,17.73,1.285,34.74,normal urban conditions,248.96
2021-08-19,Hyderabad,27.07,75.22,3.24,0.81,48.65,62.25,31.83,0,0,43.84,119.79,36.95,15.38,1.243,33.36,normal urban conditions,215.77
2021-08-20,Chennai,28.37,61.44,5.27,3.93,63.59,39.96,41.24,1,0,48.0,71.62,36.83,14.87,1.266,28.85,"rain, festival fireworks",167.53
2021-08-21,Delhi,34.48,70.75,5.15,0.05,42.84,68.8,69.81,0,0,59.84,89.36,34.36,20.04,1.32,33.86,normal urban conditions,219.05
2021-08-22,Bengaluru,32.05,39.67,3.19,1.75,52.7,65.2,71.63,0,0,73.65,112.96,38.13,19.93,1.339,40.73,construction activity,189.77
2021-08-23,Hyderabad,26.58,62.64,2.66,1.24,42.94,59.55,33.29,0,0,37.7,84.75,34.03,18.86,1.182,22.7,normal urban conditions,162.69
2021-08-24,Bengaluru,25.72,63.39,4.96,6.93,35.39,33.51,57.21,0,0,36.18,136.55,26.11,2.65,0.905,27.62,rain,128.62
2021-08-25,Bengaluru,26.52,55.96,4.16,0.42,24.32,38.46,47.87,0,0,30.28,67.47,32.19,12.95,0.815,10.85,normal urban conditions,129.55
2021-08-26,Hyderabad,29.03,85.32,3.58,0.49,32.44,82.35,27.84,1,0,55.85,76.75,35.2,18.45,1.116,12.67,"industrial emissions, festival fireworks",160.03
2021-08-27,Mumbai,27.18,62.11,2.81,7.73,74.34,38.26,42.06,0,0,57.03,85.97,53.84,11.99,1.38,29.0,rain,206.89
2021-08-28,Bengaluru,26.31,59.3,3.6,1.25,42.21,63.54,22.72,0,0,57.9,105.33,47.63,16.32,1.291,29.93,normal urban conditions,192.87
2021-08-29,Delhi,31.9,59.73,3.17,4.86,66.56,35.0,71.26,0,0,60.17,117.54,45.19,15.53,1.253,25.67,"construction activity, rain",213.19
2021-08-30,Hyderabad,27.16,42.76,2.4,1.03,73.31,70.15,79.05,0,0,73.43,106.83,61.38,18.83,1.444,23.56,"construction activity, industrial emissions",228.85
2021-08-31,Delhi,34.4,50.12,3.35,0.77,58.27,39.64,39.79,0,0,55.74,101.96,32.88,11.82,1.243,28.42,normal urban conditions,197.03
2021-09-01,Bengaluru,24.27,74.64,3.52,5.07,50.29,34.66,35.02,0,0,38.5,123.09,33.47,8.14,1.132,23.74,rain,153.93
2021-09-02,Bengaluru,29.36,54.96,2.75,9.28,57.2,39.18,69.09,0,0,57.36,106.95,42.41,17.87,1.184,11.35,rain,172.72
2021-09-03,Delhi,25.07,55.96,4.28,5.41,48.41,42.03,72.32,0,0,58.31,113.19,38.0,11.78,0.933,28.33,"construction activity, rain",195.19
2021-09-04,Bengaluru,26.89,76.07,4.75,0.95,74.33,59.28,25.71,0,0,72.41,146.39,57.98,16.09,1.601,23.89,normal urban conditions,230.67
2021-09-05,Hyderabad,21.83,79.92,4.36,1.67,85.1,53.25,45.04,0,0,70.89,101.01,46.76,21.94,1.609,22.15,heavy traffic,218.22
2021-09-06,Bengaluru,21.44,71.96,2.87,0.52,78.27,32.29,46.82,0,0,82.87,109.03,44.54,10.31,1.358,20.29,heavy traffic,181.72
2021-09-07,Delhi,25.38,59.48,4.11,0.66,20.65,51.5,32.58,0,0,28.82,72.07,27.71,14.41,0.902,15.14,normal urban conditions,156.88
2021-09-08,Delhi,26.97,60.53,3.29,0.61,48.08,31.42,55.72,0,0,73.38,107.22,32.49,12.72,0.853,17.88,normal urban conditions,215.03
2021-09-09,Hyderabad,24.12,56.87,1.72,1.06,55.14,63.58,34.0,0,0,60.0,71.3,40.35,12.36,1.302,35.11,low wind,193.09
2021-09-10,Delhi,20.14,57.75,4.01,1.97,62.48,66.88,37.19,0,0,40.81,92.55,44.45,12.54,1.358,17.65,normal urban conditions,183.69
2021-09-11,Mumbai,19.92,57.41,3.38,1.75,27.43,51.57,45.97,0,0,60.46,109.77,30.22,13.81,1.008,27.72,normal urban conditions,187.02
2021-09-12,Bengaluru,19.72,61.82,6.31,3.44,27.18,56.89,18.22,0,0,16.43,66.16,37.82,14.76,0.937,13.85,rain,147.41
2021-09-13,Delhi,18.7,58.36,4.95,2.08,75.98,83.54,6.87,0,0,61.06,106.08,48.52,20.77,1.594,21.17,"heavy traffic, industrial emissions",255.46
2021-09-14,Bengaluru,24.33,49.13,4.05,3.15,46.13,49.16,66.37,0,0,41.23,98.53,42.39,11.93,1.19,22.4,rain,167.35
2021-09-15,Delhi,27.38,64.83,3.5,3.62,31.27,35.0,33.19,1,0,70.78,88.38,37.32,13.9,0.639,23.26,"rain, festival fireworks",188.9
2021-09-16,Delhi,23.96,67.37,3.4,0.98,37.41,62.43,90.7,0,0,85.16,134.95,34.55,10.52,1.114,20.71,construction activity,202.15
2021-09-17,Hyderabad,17.22,86.75,2.0,1.45,61.32,31.61,87.44,0,0,93.57,145.72,43.79,11.85,1.074,27.17,"construction activity, low wind",234.56
2021-09-18,Bengaluru,23.43,58.72,1.11,17.41,41.91,48.21,37.87,0,0,35.91,57.73,42.69,15.79,1.005,37.33,"rain, low wind",191.44
2021-09-19,Delhi,23.51,68.3,2.15,0.88,58.94,41.22,94.78,0,0,88.54,159.12,45.52,14.58,1.185,24.4,construction activity,235.45
2021-09-20,Mumbai,30.29,63.73,3.14,3.31,39.41,39.37,66.75,0,0,52.22,79.93,34.57,12.81,1.032,24.12,rain,131.87
2021-09-21,Chennai,19.63,65.52,0.67,0.29,27.16,47.5,35.09,0,0,73.08,93.53,29.94,12.62,1.037,11.63,low wind,153.68
2021-09-22,Chennai,22.83,73.26,2.55,3.71,77.86,68.2,5.0,0,0,64.42,107.55,59.15,17.34,1.451,11.98,"heavy traffic, rain",201.5
2021-09-23,Hyderabad,29.12,69.17,2.9,0.71,61.44,71.9,61.76,0,0,93.35,142.05,47.0,22.21,1.454,35.86,industrial emissions,243.76
2021-09-24,Hyderabad,25.35,67.33,2.94,1.81,49.73,68.67,48.63,0,0,61.36,120.85,44.27,16.19,1.435,13.58,normal urban conditions,196.54
2021-09-25,Mumbai,25.69,61.26,2.41,1.63,46.73,58.05,56.63,0,0,62.3,118.62,42.54,19.22,1.113,21.7,normal urban conditions,199.73
2021-09-26,Bengaluru,24.34,61.18,2.79,1.66,78.51,47.36,43.42,0,0,67.32,101.34,56.09,17.99,1.425,25.13,heavy traffic,208.52
2021-09-27,Hyderabad,24.99,50.63,5.27,1.39,64.54,10.0,25.12,0,0,38.4,88.77,46.77,3.39,1.103,7.46,normal urban conditions,159.83
2021-09-28,Mumbai,26.33,55.31,3.99,2.67,73.42,58.62,39.46,0,0,58.77,98.11,45.4,15.99,1.549,17.09,normal urban conditions,191.77
2021-09-29,Delhi,21.57,60.48,2.53,4.71,45.73,10.97,62.13,0,0,51.89,104.51,31.86,5.82,0.917,13.24,rain,141.6
2021-09-30,Delhi,26.63,51.92,3.12,0.49,55.88,17.38,40.91,0,0,46.97,96.37,27.06,5.28,0.996,21.76,normal urban conditions,172.38
2021-10-01,Chennai,16.38,74.73,3.17,1.43,60.44,49.09,40.79,0,1,92.04,119.84,52.87,17.23,1.206,19.85,crop burning,216.26
2021-10-02,Hyderabad,21.49,78.73,2.28,0.08,45.2,56.76,17.61,0,0,77.42,108.93,41.06,17.5,1.238,27.56,normal urban conditions,195.67
2021-10-03,Hyderabad,21.04,57.99,2.28,2.05,52.47,43.88,49.82,0,0,63.12,74.98,39.18,14.81,1.081,17.97,normal urban conditions,170.2
2021-10-04,Hyderabad,18.65,71.58,4.41,0.43,44.66,79.64,25.76,1,0,87.94,138.99,42.92,16.49,1.11,16.44,"industrial emissions, festival fireworks",214.19
2021-10-05,Bengaluru,20.43,57.16,2.7,1.73,60.38,60.32,66.37,0,0,83.57,131.0,47.39,17.28,1.22,21.54,normal urban conditions,211.13
2021-10-06,Delhi,18.63,65.71,1.89,2.13,32.86,47.51,33.32,0,1,95.44,89.06,30.33,10.67,0.883,14.72,"low wind, crop burning",200.66
2021-10-07,Delhi,17.28,62.8,3.15,0.12,63.15,76.95,42.09,0,0,73.49,129.45,57.74,19.54,1.589,22.9,industrial emissions,269.39
2021-10-08,Mumbai,19.44,74.21,3.34,2.47,58.97,80.17,91.28,0,0,63.76,112.82,53.3,17.84,1.344,22.93,"construction activity, industrial emissions",201.17
2021-10-09,Hyderabad,17.19,62.98,0.83,4.51,50.75,61.23,41.87,0,1,81.87,104.57,50.23,19.95,1.348,1.0,"rain, low wind, crop burning",172.38
2021-10-10,Bengaluru,21.47,76.89,3.15,3.04,61.19,38.05,39.19,1,0,61.5,87.37,38.0,12.0,1.317,25.06,"rain, festival fireworks",175.36
2021-10-11,Hyderabad,17.05,67.41,4.24,0.5,48.16,42.1,59.71,0,0,45.94,84.23,32.23,14.43,1.099,20.18,normal urban conditions,170.12
2021-10-12,Hyderabad,22.64,59.46,3.74,1.61,43.28,25.96,12.29,0,0,15.93,51.65,31.47,11.85,0.721,25.13,normal urban conditions,131.35
2021-10-13,Chennai,16.96,57.4,5.88,1.81,62.7,51.24,73.02,0,1,84.9,113.09,46.82,14.97,1.215,28.69,"construction activity, crop burning",220.27
2021-10-14,Delhi,18.8,71.17,4.7,1.46,63.39,33.1,67.88,0,0,39.31,123.24,43.08,12.61,1.159,7.3,normal urban conditions,179.55
2021-10-15,Hyderabad,18.63,77.71,4.94,0.26,45.88,46.08,58.49,0,1,82.73,130.74,31.06,15.28,1.216,10.13,crop burning,179.05
2021-10-16,Hyderabad,24.48,67.4,6.56,0.63,44.51,56.69,5.0,0,0,54.76,133.32,39.39,13.38,1.079,22.88,normal urban conditions,178.18
2021-10-17,Hyderabad,21.49,89.14,4.11,1.32,51.07,16.29,42.81,0,1,60.57,109.63,26.9,10.82,0.899,2.87,crop burning,151.57
2021-10-18,Chennai,19.86,82.19,3.4,2.1,45.17,29.25,22.54,0,1,70.22,120.8,29.97,14.27,0.983,17.58,crop burning,153.34
2021-10-19,Mumbai,22.0,63.33,4.37,0.87,78.4,42.88,70.48,0,1,85.71,111.89,49.07,15.05,1.335,28.42,"heavy traffic, construction activity, crop burning",245.86
2021-10-20,Chennai,14.18,68.69,2.53,0.06,59.06,51.05,69.05,0,0,83.62,122.98,37.59,14.11,1.263,20.33,normal urban conditions,185.16
2021-10-21,Mumbai,20.37,72.24,3.33,0.94,54.23,43.11,55.76,0,0,50.63,98.19,34.45,14.42,1.096,21.09,normal urban conditions,174.68
2021-10-22,Hyderabad,26.49,54.88,2.42,7.11,39.08,47.13,23.94,0,1,59.84,113.92,45.68,13.45,1.217,24.36,"rain, crop burning",196.08
2021-10-23,Hyderabad,20.9,78.83,3.68,2.49,65.82,39.29,77.89,0,0,79.09,122.78,51.66,12.93,1.202,17.04,construction activity,231.87
2021-10-24,Chennai,20.7,70.92,2.42,2.04,44.21,25.91,42.75,0,1,72.73,121.01,47.82,7.58,1.09,17.48,crop burning,203.59
2021-10-25,Hyderabad,22.14,68.86,2.38,0.61,43.56,42.37,84.11,0,1,72.84,125.4,39.88,17.92,0.936,23.52,"construction activity, crop burning",197.39
2021-10-26,Mumbai,23.19,72.44,3.7,1.0,66.36,48.16,53.31,0,0,79.24,115.37,49.28,20.51,1.356,11.2,normal urban conditions,213.54
2021-10-27,Delhi,14.51,88.87,3.03,0.05,60.2,46.41,58.14,0,0,59.46,99.27,42.59,12.31,1.291,25.56,normal urban conditions,230.21
2021-10-28,Mumbai,15.45,72.69,0.89,0.56,15.0,54.01,38.79,0,0,59.22,92.03,28.34,18.0,0.765,12.61,low wind,152.92
2021-10-29,Chennai,21.13,65.88,1.45,2.36,51.48,59.54,76.14,0,1,103.04,160.9,49.96,20.9,1.231,25.62,"construction activity, low wind, crop burning",229.95
2021-10-30,Delhi,18.36,84.04,1.82,2.06,56.01,64.27,60.17,0,0,79.51,116.41,55.12,14.41,1.377,18.57,low wind,247.45
2021-10-31,Chennai,24.44,74.37,2.14,0.77,48.57,40.6,76.86,0,0,96.5,142.52,43.73,7.02,1.11,14.44,construction activity,186.06
2021-11-01,Hyderabad,16.99,66.7,3.7,0.0,57.64,23.64,51.55,0,1,83.9,121.3,32.15,15.33,1.07,28.39,crop burning,199.35
2021-11-02,Delhi,12.13,73.36,3.46,0.0,26.12,74.89,47.06,0,0,56.01,121.78,38.1,18.95,0.959,23.44,industrial emissions,201.08
2021-11-03,Mumbai,14.13,73.86,4.48,0.0,15.0,58.94,59.9,0,0,51.91,65.33,22.49,14.87,0.77,5.92,normal urban conditions,125.56
2021-11-04,Hyderabad,9.69,78.64,4.1,0.0,39.46,34.82,76.85,1,0,67.74,120.48,30.09,12.71,0.918,13.38,"construction activity, festival fireworks",144.82
2021-11-05,Mumbai,17.24,56.17,4.49,0.0,59.59,57.0,68.33,1,0,74.0,96.11,53.48,15.01,1.291,22.19,festival fireworks,199.03
2021-11-06,Delhi,17.37,54.21,3.93,0.0,15.0,71.22,50.76,0,0,49.82,105.49,23.03,27.27,0.863,6.55,industrial emissions,163.5
2021-11-07,Bengaluru,16.66,61.26,3.45,0.0,41.58,83.13,10.86,1,1,82.24,115.34,56.29,18.71,1.135,4.97,"industrial emissions, festival fireworks, crop burning",204.33
2021-11-08,Bengaluru,21.17,57.33,4.52,0.0,24.31,56.51,64.21,0,1,69.76,88.41,33.41,17.02,0.799,16.93,crop burning,142.31
2021-11-09,Delhi,21.53,60.29,4.3,0.0,51.19,71.07,19.23,0,1,70.49,116.25,40.71,22.25,1.357,13.42,"industrial emissions, crop burning",212.63
2021-11-10,Mumbai,17.43,75.95,3.65,0.0,86.4,30.23,48.7,0,1,73.4,119.93,49.9,15.7,1.288,11.17,"heavy traffic, crop burning",211.42
2021-11-11,Mumbai,11.53,72.04,4.73,0.0,51.6,51.35,45.68,0,0,66.87,106.47,35.1,18.5,1.273,6.51,normal urban conditions,181.96
2021-11-12,Bengaluru,19.79,69.91,0.39,0.0,53.35,45.97,19.64,0,0,66.92,105.66,40.72,13.08,1.121,19.64,low wind,147.24
2021-11-13,Bengaluru,19.6,55.83,2.85,0.0,68.5,58.17,55.45,0,0,76.42,121.87,49.68,15.85,1.555,15.84,normal urban conditions,200.81
2021-11-14,Bengaluru,18.87,63.98,2.83,0.0,55.41,81.0,91.09,0,1,97.07,159.94,46.88,13.44,1.499,28.5,"construction activity, industrial emissions, crop burning",244.53
2021-11-15,Chennai,20.88,73.05,4.58,0.0,51.63,56.5,41.75,0,0,49.69,91.62,34.82,15.82,1.182,21.98,normal urban conditions,169.55
2021-11-16,Bengaluru,14.44,77.64,5.09,0.0,69.9,35.12,63.32,0,1,71.5,134.46,41.15,12.72,1.282,22.19,crop burning,196.11
2021-11-17,Mumbai,23.96,57.78,1.46,0.0,62.62,29.26,95.11,1,0,99.42,140.3,35.01,13.91,1.304,12.43,"construction activity, low wind, festival fireworks",201.9
2021-11-18,Delhi,15.06,72.87,4.89,0.0,59.69,81.62,65.25,0,1,102.99,163.39,40.5,25.45,1.558,13.14,"industrial emissions, crop burning",244.93
2021-11-19,Bengaluru,20.19,89.66,1.79,0.0,52.85,61.25,35.1,0,0,75.49,111.6,37.49,18.93,1.33,19.3,low wind,191.14
2021-11-20,Chennai,12.88,72.61,1.83,0.0,49.53,60.07,52.74,0,1,89.17,116.21,53.67,19.82,1.296,19.54,"low wind, crop burning",230.85
2021-11-21,Chennai,15.15,64.27,2.92,0.0,69.75,45.81,57.62,0,0,56.54,84.56,49.6,14.28,1.275,14.09,normal urban conditions,184.71
2021-11-22,Mumbai,22.49,64.32,2.82,0.0,49.69,56.82,76.68,0,0,80.24,123.77,45.44,19.94,1.204,19.14,construction activity,205.28
2021-11-23,Mumbai,17.16,70.71,1.33,0.0,74.77,34.23,72.28,0,1,98.66,123.39,48.73,12.51,1.291,16.21,"construction activity, low wind, crop burning",214.22
2021-11-24,Delhi,20.46,65.97,3.98,0.0,38.32,58.97,5.0,0,0,34.69,106.9,39.62,19.86,0.975,19.25,normal urban conditions,182.82
2021-11-25,Delhi,18.65,68.43,4.02,0.0,78.01,30.85,30.88,0,1,82.01,104.53,53.05,14.35,1.384,35.19,"heavy traffic, crop burning",264.62
2021-11-26,Hyderabad,17.62,55.03,4.46,0.0,62.62,45.53,46.6,0,1,74.54,104.08,44.99,15.46,1.242,23.28,crop burning,191.2
2021-11-27,Hyderabad,22.03,56.75,2.68,0.0,39.58,40.43,27.69,0,1,56.81,111.39,44.75,8.85,0.954,23.58,crop burning,177.64
2021-11-28,Mumbai,17.23,68.25,3.15,0.0,63.22,10.0,5.0,0,0,34.44,102.77,37.02,11.88,1.029,10.47,normal urban conditions,156.06
2021-11-29,Mumbai,12.6,71.33,3.16,0.0,44.67,45.76,33.49,0,0,59.95,117.14,40.92,15.46,0.96,7.72,normal urban conditions,174.34
2021-11-30,Chennai,15.53,65.27,5.23,0.0,55.61,35.82,47.93,0,0,43.09,112.12,41.25,14.84,1.268,17.22,normal urban conditions,166.14
2021-12-01,Hyderabad,18.65,66.97,0.3,0.0,50.21,48.21,37.49,0,0,80.84,118.69,37.77,15.65,1.154,28.14,low wind,185.55
2021-12-02,Chennai,18.19,69.68,2.05,0.0,55.87,52.03,28.06,0,0,69.52,109.32,44.43,16.78,1.117,18.25,normal urban conditions,190.22
2021-12-03,Chennai,12.3,82.08,3.21,0.0,73.06,83.82,48.83,0,0,95.24,168.5,44.63,24.31,1.644,13.82,industrial emissions,223.29
2021-12-04,Mumbai,14.83,70.43,1.9,0.0,66.3,57.48,54.86,0,0,72.81,146.61,48.63,14.78,1.512,12.49,low wind,214.95
2021-12-05,Mumbai,15.25,75.11,2.89,0.0,39.99,58.01,38.63,0,0,63.44,120.07,36.66,17.69,1.155,5.18,normal urban conditions,164.13
2021-12-06,Chennai,15.9,65.25,3.05,0.0,40.91,60.92,75.43,0,0,74.47,139.82,37.04,14.42,1.065,21.98,construction activity,166.18
2021-12-07,Bengaluru,12.87,78.51,2.41,0.0,62.33,67.69,49.15,0,0,73.07,131.16,46.89,19.56,1.365,13.88,normal urban conditions,186.17
2021-12-08,Mumbai,15.11,74.98,3.28,0.0,63.49,60.18,30.57,0,0,79.64,96.69,50.3,17.38,1.296,20.44,normal urban conditions,206.7
2021-12-09,Bengaluru,14.81,80.09,3.95,0.0,47.21,57.07,25.51,0,0,39.44,86.93,34.29,14.24,1.1,17.62,normal urban conditions,149.81
2021-12-10,Hyderabad,19.31,75.41,2.92,0.0,83.46,64.8,43.74,0,0,75.27,143.64,67.34,17.65,1.587,12.82,heavy traffic,237.93
2021-12-11,Chennai,19.43,74.09,2.66,0.0,71.02,10.0,70.27,0,0,52.68,115.91,44.2,6.89,1.045,21.37,construction activity,163.51
2021-12-12,Mumbai,16.56,69.22,3.0,0.0,47.99,89.6,31.53,0,0,63.14,104.99,42.74,20.2,1.328,9.77,industrial emissions,196.66
2021-12-13,Chennai,15.82,73.17,3.19,0.0,46.44,80.62,59.92,0,0,71.53,143.0,48.83,20.96,1.319,19.45,industrial emissions,228.62
2021-12-14,Chennai,17.42,80.24,1.11,0.0,54.35,55.91,49.89,0,0,88.33,133.88,51.47,16.75,1.205,17.51,low wind,220.93
2021-12-15,Delhi,14.55,65.09,3.75,0.0,52.69,26.57,87.86,0,0,61.04,124.93,38.05,5.49,1.059,28.98,construction activity,200.91
2021-12-16,Delhi,13.56,66.02,2.66,0.0,78.1,73.79,55.81,0,0,80.41,128.74,50.21,19.92,1.76,11.47,"heavy traffic, industrial emissions",241.33
2021-12-17,Hyderabad,14.18,73.69,4.71,0.0,73.75,39.51,34.04,0,0,44.37,102.11,58.7,12.41,1.519,7.67,normal urban conditions,208.01
2021-12-18,Delhi,15.1,75.39,3.91,0.0,58.56,61.61,62.73,0,0,58.07,117.11,48.72,15.61,1.317,14.36,normal urban conditions,218.14
2021-12-19,Mumbai,13.51,64.1,4.6,0.0,68.85,28.91,63.4,0,0,63.42,133.57,33.93,8.24,1.32,22.0,normal urban conditions,186.48
2021-12-20,Hyderabad,17.49,68.81,1.99,0.0,71.17,92.08,40.06,0,0,97.83,158.92,59.33,21.6,1.643,1.0,"industrial emissions, low wind",259.74
2021-12-21,Chennai,19.19,67.43,2.75,0.0,58.93,26.04,24.72,0,0,53.02,89.61,37.98,9.6,1.074,26.59,normal urban conditions,170.96
2021-12-22,Chennai,12.24,51.08,1.71,0.0,64.44,53.24,58.72,0,0,90.2,136.09,48.12,19.34,1.253,17.14,low wind,211.34
2021-12-23,Delhi,17.08,67.65,2.35,0.0,67.51,13.8,49.27,0,0,55.78,125.63,33.43,3.96,1.15,11.28,normal urban conditions,173.17
2021-12-24,Chennai,16.34,68.79,4.7,0.0,65.8,51.26,17.67,0,0,51.4,93.3,44.94,12.31,1.434,16.16,normal urban conditions,157.69
2021-12-25,Delhi,18.02,67.58,4.98,0.0,45.54,44.34,53.09,0,0,47.25,73.25,30.2,11.0,0.961,14.62,normal urban conditions,165.56
2021-12-26,Bengaluru,16.96,84.09,1.82,0.0,47.16,72.47,35.26,0,0,90.15,110.49,43.13,19.37,1.228,8.66,"industrial emissions, low wind",193.12
2021-12-27,Chennai,12.64,60.79,2.65,0.0,53.38,44.34,17.69,0,0,59.21,86.42,43.3,17.61,1.13,4.09,normal urban conditions,150.97
2021-12-28,Chennai,13.21,64.3,3.11,0.0,46.69,72.5,40.96,0,0,47.89,87.58,40.65,20.11,1.265,22.66,industrial emissions,208.13
2021-12-29,Mumbai,17.09,43.72,3.9,0.0,34.43,33.57,73.66,0,0,58.71,94.44,28.37,9.09,0.886,18.24,construction activity,152.74
2021-12-30,Chennai,20.09,62.93,1.09,0.0,68.82,46.92,72.16,0,0,104.89,160.85,54.15,13.22,1.4,18.76,"construction activity, low wind",226.22
2021-12-31,Delhi,10.36,70.59,1.28,0.0,63.54,47.29,66.94,0,0,80.63,118.52,41.74,12.14,1.448,21.14,low wind,251.72
2022-01-01,Hyderabad,18.98,63.42,3.79,0.0,40.57,60.92,53.38,0,0,49.77,121.43,34.17,18.27,1.033,21.22,normal urban conditions,173.49
2022-01-02,Hyderabad,21.51,77.82,0.86,0.0,58.15,58.63,59.92,0,0,94.34,112.6,40.26,15.03,1.225,9.57,low wind,209.67
2022-01-03,Mumbai,17.48,78.17,2.66,0.0,59.05,65.0,49.97,0,0,95.48,126.25,42.31,13.16,1.368,22.94,normal urban conditions,212.72
2022-01-04,Delhi,19.59,68.87,3.39,0.0,64.91,56.8,25.9,0,0,73.96,115.45,47.73,17.84,1.486,30.9,normal urban conditions,243.34
2022-01-05,Bengaluru,15.83,67.01,3.7,0.0,44.69,63.9,29.89,0,0,41.06,103.97,44.16,21.01,1.053,22.19,normal urban conditions,175.89
2022-01-06,Mumbai,17.58,79.76,3.03,0.0,40.34,35.84,35.86,0,0,61.92,126.33,29.02,12.2,0.976,12.04,normal urban conditions,172.18
2022-01-07,Bengaluru,13.08,72.45,2.76,0.0,70.32,59.0,76.03,0,0,87.61,120.14,53.87,16.8,1.432,6.19,construction activity,220.79
2022-01-08,Hyderabad,10.9,65.98,4.21,0.0,37.46,80.95,69.53,0,0,55.0,122.47,41.0,15.43,1.254,9.77,industrial emissions,182.1
2022-01-09,Mumbai,20.77,50.1,3.54,0.0,58.28,21.76,26.4,0,0,62.05,74.43,28.95,4.3,1.13,24.13,normal urban conditions,124.09
2022-01-10,Chennai,14.98,66.9,2.42,0.0,56.78,60.8,49.07,0,0,77.46,134.67,46.88,11.18,1.3,28.2,normal urban conditions,213.06
2022-01-11,Delhi,16.57,77.75,3.25,0.0,60.03,64.18,39.95,0,0,83.73,98.46,53.92,17.13,1.394,12.47,normal urban conditions,226.43
2022-01-12,Bengaluru,13.78,94.92,3.66,0.0,66.04,78.3,44.9,0,0,68.02,119.44,40.01,18.6,1.46,9.65,industrial emissions,190.02
2022-01-13,Bengaluru,13.71,72.82,5.26,0.0,87.58,65.07,37.28,0,0,74.8,135.9,67.01,19.05,1.755,23.95,heavy traffic,243.74
2022-01-14,Mumbai,17.42,61.96,4.14,0.0,36.41,53.81,76.11,0,0,48.75,116.66,30.96,15.02,1.121,17.11,construction activity,152.49
2022-01-15,Mumbai,15.75,58.93,4.66,0.0,76.03,59.74,47.62,0,0,70.12,83.8,40.35,19.52,1.529,31.59,heavy traffic,197.5
2022-01-16,Delhi,19.07,73.97,2.47,0.0,21.81,38.77,52.32,0,0,67.48,103.84,28.91,15.82,0.712,18.58,normal urban conditions,197.87
2022-01-17,Chennai,19.3,50.65,2.57,0.0,84.3,45.02,52.49,0,0,64.28,122.41,57.94,13.24,1.52,30.71,heavy traffic,205.3
2022-01-18,Chennai,18.9,74.07,2.92,0.0,29.31,27.96,27.44,0,0,31.43,94.26,26.55,8.46,0.833,22.19,normal urban conditions,136.64
2022-01-19,Mumbai,18.65,76.92,3.03,0.0,100.0,78.77,50.17,0,0,105.53,145.14,66.99,13.85,1.919,23.98,"heavy traffic, industrial emissions",275.95
2022-01-20,Delhi,22.67,70.29,1.99,0.0,55.76,60.1,69.25,0,0,79.61,83.39,58.54,20.92,1.184,20.79,low wind,250.99
2022-01-21,Delhi,14.74,69.29,4.72,0.0,82.65,35.51,77.45,0,0,83.32,148.35,49.08,9.85,1.531,17.01,"heavy traffic, construction activity",235.84
2022-01-22,Delhi,17.77,75.01,4.26,0.0,79.35,56.88,25.04,0,0,59.89,127.7,69.31,11.61,1.465,21.71,heavy traffic,268.26
2022-01-23,Chennai,21.34,68.57,2.83,0.0,55.02,72.87,17.63,0,0,67.25,110.5,54.67,19.05,1.381,27.09,industrial emissions,216.37
2022-01-24,Chennai,21.73,58.81,3.97,0.0,56.24,69.87,49.24,1,0,81.57,126.2,45.89,13.72,1.195,26.58,festival fireworks,202.58
2022-01-25,Delhi,13.67,90.73,3.47,0.0,48.61,35.3,70.18,0,0,66.84,122.61,38.12,13.03,1.054,2.26,construction activity,192.68
2022-01-26,Bengaluru,17.0,66.38,4.06,0.0,74.6,10.0,55.19,0,0,41.23,118.83,38.55,7.59,1.2,21.19,normal urban conditions,180.3
2022-01-27,Delhi,22.01,74.15,1.59,0.0,55.22,59.12,61.61,0,0,108.58,148.34,47.4,19.23,1.11,16.61,low wind,236.82
2022-01-28,Mumbai,19.46,43.99,3.03,0.0,48.9,36.04,20.8,0,0,51.75,92.87,40.53,15.28,1.08,19.6,normal urban conditions,179.74
2022-01-29,Hyderabad,18.52,81.6,3.13,0.0,70.6,63.2,36.56,0,0,62.13,112.85,48.29,20.42,1.388,21.6,normal urban conditions,214.35
2022-01-30,Bengaluru,17.28,84.39,3.95,0.0,47.65,69.1,5.0,0,0,58.97,99.63,33.91,18.68,1.243,29.27,normal urban conditions,176.32
2022-01-31,Chennai,16.79,70.35,2.45,0.0,56.74,72.05,45.15,0,0,80.03,120.44,55.96,15.95,1.33,17.17,industrial emissions,200.45
2022-02-01,Delhi,21.36,72.43,0.3,0.0,67.71,83.41,5.0,0,0,97.08,96.62,62.89,17.23,1.445,34.87,"industrial emissions, low wind",262.43
2022-02-02,Delhi,19.74,73.57,1.9,0.0,55.72,74.25,74.65,0,0,95.13,144.72,40.24,17.29,1.281,12.35,"construction activity, industrial emissions, low wind",236.79
2022-02-03,Mumbai,20.37,61.11,3.13,0.0,58.14,83.49,79.1,0,0,79.77,145.41,51.06,26.34,1.371,30.49,"construction activity, industrial emissions",228.77
2022-02-04,Mumbai,20.74,72.76,3.28,0.0,90.56,76.82,50.81,0,0,72.11,133.55,67.01,18.54,1.876,23.69,"heavy traffic, industrial emissions",268.96
2022-02-05,Chennai,18.47,60.79,5.22,0.0,62.73,78.39,17.75,0,0,62.1,120.82,53.79,20.03,1.54,22.32,industrial emissions,207.18
2022-02-06,Bengaluru,22.1,60.24,3.9,0.0,60.25,51.26,55.51,1,0,56.84,103.34,39.3,19.76,1.456,32.61,festival fireworks,201.99
2022-02-07,Mumbai,29.24,72.6,3.3,0.0,63.2,28.79,85.18,0,0,83.15,130.2,46.71,12.37,1.14,20.92,construction activity,199.29
2022-02-08,Chennai,15.17,80.93,3.16,0.0,73.27,96.68,57.51,0,0,83.12,145.69,58.48,20.22,1.666,25.57,industrial emissions,240.7
2022-02-09,Hyderabad,21.47,59.71,4.53,0.0,49.46,53.13,71.7,0,0,66.33,128.96,41.32,17.69,1.173,21.19,construction activity,191.85
2022-02-10,Hyderabad,18.22,61.71,2.49,0.0,72.84,74.12,38.3,0,0,73.94,141.81,48.99,17.57,1.54,16.12,industrial emissions,228.77
2022-02-11,Hyderabad,22.23,59.78,3.03,0.0,70.09,42.1,30.58,0,0,60.43,91.88,20.87,14.6,1.297,13.77,normal urban conditions,160.05
2022-02-12,Delhi,20.64,74.68,1.89,0.0,37.38,69.35,46.58,0,0,62.27,95.07,36.14,19.63,1.119,31.49,low wind,212.47
2022-02-13,Chennai,22.79,55.85,4.9,0.0,94.71,10.0,9.47,0,0,59.07,94.46,50.33,7.12,1.503,31.82,heavy traffic,206.45
2022-02-14,Delhi,24.03,68.55,3.67,0.0,89.37,44.61,93.28,0,0,80.11,109.3,52.25,14.7,1.421,19.64,"heavy traffic, construction activity",243.16
2022-02-15,Delhi,21.08,74.51,2.35,0.0,53.19,50.23,50.79,0,0,78.11,95.89,46.34,19.84,1.144,24.47,normal urban conditions,219.34
2022-02-16,Mumbai,23.9,64.19,3.06,0.0,48.04,60.33,65.34,0,0,62.72,118.31,48.28,14.77,1.076,24.33,normal urban conditions,205.06
2022-02-17,Mumbai,13.47,82.47,3.81,0.0,69.65,71.3,38.77,0,0,71.93,120.81,49.17,22.36,1.501,13.04,industrial emissions,210.22
2022-02-18,Delhi,25.27,61.07,2.9,0.0,43.19,32.31,17.14,0,0,48.82,98.1,31.82,10.4,0.997,31.32,normal urban conditions,158.16
2022-02-19,Delhi,21.63,64.52,2.56,0.0,87.83,63.88,76.52,0,0,94.39,141.34,44.96,22.63,1.777,17.77,"heavy traffic, construction activity",254.72
2022-02-20,Bengaluru,23.73,55.41,2.41,0.0,58.5,74.08,25.52,0,0,61.47,77.82,39.86,16.29,1.362,9.06,industrial emissions,146.2
2022-02-21,Chennai,16.84,80.18,3.61,0.0,91.95,94.23,54.98,0,0,102.08,129.52,56.42,20.89,1.927,19.46,"heavy traffic, industrial emissions",236.76
2022-02-22,Delhi,18.01,61.53,2.77,0.0,52.81,64.72,56.86,0,0,68.67,108.05,48.03,21.88,1.137,20.99,normal urban conditions,231.8
2022-02-23,Mumbai,20.94,70.64,2.66,0.0,64.2,43.73,49.48,0,0,76.45,119.15,43.03,18.65,1.214,16.89,normal urban conditions,198.97
2022-02-24,Hyderabad,20.45,66.77,1.6,0.0,86.28,29.11,32.31,1,0,87.15,97.97,48.48,14.11,1.477,14.99,"heavy traffic, low wind, festival fireworks",204.47
2022-02-25,Chennai,21.35,56.33,3.29,0.0,60.83,84.93,45.01,0,0,80.25,103.89,47.26,17.34,1.381,12.07,industrial emissions,205.97
2022-02-26,Bengaluru,23.75,59.08,2.98,0.0,70.35,65.27,29.0,0,0,67.66,101.37,46.54,17.69,1.585,21.44,normal urban conditions,200.59
2022-02-27,Bengaluru,15.2,84.99,2.81,0.0,83.48,51.6,64.18,0,0,78.51,140.63,59.21,15.26,1.603,10.04,heavy traffic,217.8
2022-02-28,Hyderabad,23.42,67.42,3.44,0.0,57.1,22.84,59.43,0,0,63.64,114.57,37.7,8.09,1.0,29.54,normal urban conditions,186.14
2022-03-01,Hyderabad,24.02,54.89,4.1,0.0,48.74,35.24,47.57,0,0,46.03,113.62,41.6,14.73,0.928,28.24,normal urban conditions,202.47
2022-03-02,Delhi,23.39,68.48,4.04,0.0,45.59,63.36,36.63,0,0,71.95,111.15,26.99,14.81,1.12,19.25,normal urban conditions,167.27
2022-03-03,Chennai,19.59,66.63,3.86,0.0,78.26,58.37,90.15,0,0,83.82,128.7,54.97,12.47,1.467,24.44,"heavy traffic, construction activity",241.24
2022-03-04,Chennai,25.51,95.0,2.91,0.0,75.15,16.97,21.96,0,0,50.9,104.79,40.55,4.85,1.156,19.88,heavy traffic,154.44
2022-03-05,Delhi,16.76,72.92,2.52,0.0,85.91,63.39,17.11,0,0,74.4,109.66,55.61,22.28,1.549,16.58,heavy traffic,244.79
2022-03-06,Bengaluru,25.95,59.83,1.95,0.0,64.54,23.77,46.36,0,0,57.17,92.2,50.06,9.27,1.149,24.71,low wind,180.48
2022-03-07,Delhi,19.52,82.33,2.49,0.0,46.04,76.37,42.84,0,0,83.92,96.26,42.44,17.75,1.319,31.26,industrial emissions,228.34
2022-03-08,Bengaluru,24.16,46.48,3.22,0.0,31.28,55.75,69.95,0,0,65.06,101.42,37.12,12.83,0.903,30.22,normal urban conditions,162.87
2022-03-09,Chennai,23.64,66.19,2.26,0.0,100.0,43.66,60.92,0,0,90.54,145.26,52.92,18.09,1.748,20.97,heavy traffic,248.0
2022-03-10,Delhi,27.51,82.49,3.32,0.0,77.36,69.82,48.59,0,0,85.09,147.34,54.6,14.03,1.571,29.49,heavy traffic,269.65
2022-03-11,Hyderabad,23.46,64.21,2.04,0.0,71.12,58.36,58.01,0,0,81.63,109.27,41.7,12.73,1.503,29.2,normal urban conditions,191.61
2022-03-12,Delhi,21.92,49.12,1.21,0.0,73.39,75.85,57.64,0,0,99.28,105.17,56.26,18.17,1.523,25.98,"industrial emissions, low wind",278.37
2022-03-13,Hyderabad,22.48,62.1,4.18,0.0,46.03,53.45,90.07,0,0,70.0,134.99,40.47,15.49,1.145,20.61,construction activity,207.25
2022-03-14,Chennai,27.82,76.87,2.63,0.0,56.21,54.5,53.07,0,0,79.29,122.08,50.74,17.7,1.261,21.31,normal urban conditions,197.14
2022-03-15,Delhi,25.61,67.63,2.2,0.0,96.82,46.87,34.38,0,0,83.41,97.43,53.62,12.47,1.802,16.44,heavy traffic,248.02
2022-03-16,Mumbai,22.84,57.42,1.89,0.0,79.46,56.73,51.97,0,0,77.99,63.74,51.1,20.71,1.589,24.94,"heavy traffic, low wind",226.41
2022-03-17,Chennai,23.29,58.64,3.71,0.0,56.71,82.56,5.0,0,0,67.79,89.1,44.75,18.2,1.446,19.5,industrial emissions,175.85
2022-03-18,Mumbai,19.3,62.69,4.85,0.0,49.3,42.95,47.35,0,0,65.87,101.75,34.98,10.85,0.982,18.03,normal urban conditions,168.91
2022-03-19,Delhi,25.17,67.8,2.72,0.0,60.68,63.66,69.86,0,0,89.79,110.0,41.75,13.87,1.318,28.07,normal urban conditions,228.02
2022-03-20,Hyderabad,18.72,82.08,2.94,0.0,63.88,36.15,60.04,0,0,87.03,139.93,30.03,10.46,1.169,30.26,normal urban conditions,203.64
2022-03-21,Hyderabad,26.26,73.95,4.49,0.0,100.0,14.8,53.97,0,0,72.06,100.89,44.32,5.86,1.473,26.19,heavy traffic,189.47
2022-03-22,Bengaluru,24.39,69.29,1.03,0.0,65.92,55.73,60.98,0,0,76.73,120.09,49.67,18.17,1.377,22.36,low wind,225.6
2022-03-23,Mumbai,31.16,46.67,5.56,0.0,49.9,58.67,70.07,0,0,44.9,139.81,38.13,13.38,1.22,29.41,construction activity,181.89
2022-03-24,Chennai,20.7,54.03,6.13,0.0,67.99,50.02,76.5,1,0,81.6,127.5,46.79,14.6,1.388,30.87,"construction activity, festival fireworks",210.72
2022-03-25,Hyderabad,23.69,70.55,0.3,0.0,73.16,25.07,56.95,1,0,74.78,115.84,52.51,7.92,1.379,25.28,"low wind, festival fireworks",209.48
2022-03-26,Mumbai,29.39,47.77,3.08,0.0,48.44,57.48,41.68,0,0,75.32,114.82,38.51,12.67,1.215,29.79,normal urban conditions,206.11
2022-03-27,Chennai,27.57,60.24,2.34,0.0,75.36,56.79,5.0,0,0,62.22,114.31,42.68,19.41,1.397,27.79,heavy traffic,193.26
2022-03-28,Chennai,21.91,69.5,2.88,0.0,88.27,36.0,67.56,1,0,110.47,155.77,54.7,17.57,1.541,11.71,"heavy traffic, festival fireworks",253.22
2022-03-29,Hyderabad,24.67,53.15,2.7,0.0,71.15,27.64,58.3,0,0,68.01,94.94,44.27,15.23,1.316,27.92,normal urban conditions,209.84
2022-03-30,Delhi,24.01,54.75,4.17,0.0,56.18,47.46,51.05,0,0,65.28,102.69,39.28,10.18,1.31,18.51,normal urban conditions,188.15
2022-03-31,Hyderabad,24.85,63.47,3.06,0.0,60.47,63.75,34.24,0,0,92.11,116.18,54.37,13.2,1.346,26.81,normal urban conditions,237.63
2022-04-01,Hyderabad,25.4,69.05,2.11,0.0,43.46,59.5,67.3,0,0,69.49,110.11,43.59,22.46,1.117,18.54,normal urban conditions,207.2
2022-04-02,Delhi,27.23,73.35,2.99,0.0,67.86,36.14,42.86,0,0,64.16,141.14,45.16,12.02,1.367,28.31,normal urban conditions,216.35
2022-04-03,Bengaluru,22.71,71.98,3.82,0.0,74.97,54.46,47.31,0,0,65.25,120.73,50.78,11.59,1.491,20.78,normal urban conditions,201.87
2022-04-04,Chennai,27.91,63.0,1.78,0.0,55.65,67.97,46.88,0,0,67.03,109.47,52.7,21.12,1.198,17.77,low wind,215.48
2022-04-05,Delhi,28.85,54.14,1.22,0.0,100.0,30.89,57.0,0,0,87.28,149.7,53.57,12.14,1.49,25.34,"heavy traffic, low wind",273.78
2022-04-06,Bengaluru,26.82,52.32,5.59,0.0,82.68,53.14,25.03,0,0,52.14,100.5,45.05,17.21,1.708,41.91,heavy traffic,224.43
2022-04-07,Delhi,22.65,60.83,2.43,0.0,41.32,76.11,59.25,0,0,59.2,77.03,41.6,12.46,1.065,7.25,industrial emissions,217.08
2022-04-08,Bengaluru,30.47,64.57,3.04,0.0,41.64,29.05,33.58,0,0,48.15,125.09,25.93,10.67,0.911,28.17,normal urban conditions,149.09
2022-04-09,Hyderabad,28.59,65.15,2.72,0.0,54.26,72.8,34.28,0,0,74.64,112.28,46.64,21.49,1.409,18.83,industrial emissions,225.63
2022-04-10,Delhi,25.32,43.08,3.86,0.0,95.17,81.15,65.7,0,0,79.29,81.74,63.35,18.06,1.738,36.4,"heavy traffic, industrial emissions",272.37
2022-04-11,Chennai,26.66,55.28,5.33,0.0,84.25,48.0,28.1,1,0,66.9,79.76,49.81,18.39,1.463,31.74,"heavy traffic, festival fireworks",235.01
2022-04-12,Delhi,23.0,77.75,3.9,0.0,95.98,45.83,65.67,0,0,97.77,156.51,53.79,10.38,1.577,22.62,heavy traffic,253.72
2022-04-13,Hyderabad,24.42,65.5,1.38,0.0,70.16,70.6,50.03,0,0,73.4,87.55,64.05,17.96,1.66,30.0,"industrial emissions, low wind",273.64
2022-04-14,Delhi,25.89,49.51,1.54,0.0,66.65,48.65,15.03,0,0,88.2,147.24,53.85,19.72,1.503,28.01,low wind,292.93
2022-04-15,Chennai,31.19,83.53,2.72,0.0,50.04,10.0,75.29,0,0,55.7,107.27,32.17,5.15,0.852,25.17,construction activity,141.63
2022-04-16,Bengaluru,25.58,63.6,2.88,0.0,75.59,50.22,54.21,0,0,78.72,133.4,50.87,15.85,1.505,20.25,heavy traffic,228.78
2022-04-17,Chennai,29.42,65.05,1.13,0.0,66.86,60.47,55.88,0,0,98.63,131.05,59.4,18.43,1.44,23.85,low wind,252.51
2022-04-18,Hyderabad,25.89,67.68,4.18,0.0,66.25,65.32,68.14,0,0,89.08,139.41,44.71,17.73,1.414,20.87,normal urban conditions,221.31
2022-04-19,Hyderabad,28.24,58.35,1.9,0.0,95.89,36.15,77.98,0,0,96.45,142.39,50.6,12.03,1.487,26.6,"heavy traffic, construction activity, low wind",238.12
2022-04-20,Bengaluru,27.08,55.57,4.99,0.0,67.98,47.14,52.02,0,0,52.17,99.68,45.63,11.91,1.533,12.98,normal urban conditions,179.83
2022-04-21,Bengaluru,30.12,81.93,5.38,0.0,91.3,69.58,60.35,0,0,71.69,96.83,59.63,18.72,1.618,31.94,heavy traffic,239.72
2022-04-22,Chennai,25.9,73.71,2.9,0.0,44.59,50.92,55.42,0,0,58.86,112.25,41.58,14.84,1.108,37.03,normal urban conditions,213.58
2022-04-23,Delhi,22.78,74.07,3.73,0.0,100.0,24.48,41.14,0,0,93.41,97.29,58.39,6.61,1.545,18.62,heavy traffic,255.81
2022-04-24,Bengaluru,23.35,71.21,1.72,0.0,64.03,74.28,16.33,0,0,73.58,128.92,47.72,22.18,1.545,30.52,"industrial emissions, low wind",216.06
2022-04-25,Delhi,25.9,53.63,3.95,0.0,81.31,48.15,52.3,0,0,74.14,120.43,42.34,11.97,1.582,24.87,heavy traffic,239.54
2022-04-26,Mumbai,23.75,77.95,2.6,0.0,83.86,71.64,75.58,0,0,84.37,135.7,54.57,14.23,1.608,17.49,"heavy traffic, construction activity, industrial emissions",207.11
2022-04-27,Chennai,28.73,53.26,1.9,0.0,62.04,26.88,59.67,0,0,57.57,58.24,45.17,9.51,1.093,24.74,low wind,167.56
2022-04-28,Mumbai,26.1,66.36,2.85,0.0,83.1,49.82,26.65,0,0,74.74,93.99,47.59,12.29,1.422,24.99,heavy traffic,201.17
2022-04-29,Bengaluru,34.62,41.17,2.64,0.0,83.94,61.18,69.95,0,0,81.69,115.56,44.36,16.01,1.64,27.05,heavy traffic,220.55
2022-04-30,Hyderabad,22.29,45.79,2.81,0.0,58.59,50.43,41.81,0,0,61.58,118.33,44.84,11.34,1.313,29.01,normal urban conditions,227.03
2022-05-01,Mumbai,30.67,63.51,4.34,0.0,57.71,30.71,6.16,0,0,29.79,61.11,34.46,13.26,1.091,23.61,normal urban conditions,150.27
2022-05-02,Mumbai,26.68,55.03,2.26,0.0,69.65,10.0,68.36,0,0,67.29,159.53,30.4,12.74,1.126,18.56,normal urban conditions,171.46
2022-05-03,Hyderabad,28.58,41.9,5.28,0.0,67.08,79.42,29.09,0,0,74.55,109.66,50.48,20.02,1.684,28.55,industrial emissions,228.13
2022-05-04,Bengaluru,30.49,65.87,1.61,0.0,91.22,56.46,83.61,0,0,90.75,114.81,56.71,11.7,1.758,22.01,"heavy traffic, construction activity, low wind",239.4
2022-05-05,Bengaluru,23.09,86.84,5.14,0.0,80.17,73.0,70.96,0,0,88.87,126.8,63.96,15.94,1.758,17.99,"heavy traffic, construction activity, industrial emissions",241.52
2022-05-06,Chennai,30.77,74.15,1.98,0.0,67.8,68.72,43.44,0,0,47.9,79.02,52.66,18.66,1.297,25.65,low wind,192.74
2022-05-07,Chennai,35.77,54.19,3.2,0.0,78.63,62.74,57.19,0,0,71.04,93.83,57.1,11.14,1.614,21.79,heavy traffic,225.52
2022-05-08,Bengaluru,28.7,61.8,2.61,0.0,36.18,46.22,96.48,0,0,49.25,121.71,34.75,10.7,0.982,36.58,construction activity,186.02
2022-05-09,Bengaluru,30.84,69.09,2.79,0.0,59.08,60.82,68.0,0,0,88.97,139.13,42.68,11.79,1.224,32.36,normal urban conditions,199.17
2022-05-10,Mumbai,33.14,69.83,4.16,0.0,73.53,77.79,52.76,0,0,85.85,135.01,50.58,19.79,1.516,23.44,industrial emissions,214.74
2022-05-11,Hyderabad,29.57,57.67,5.0,0.0,86.77,53.49,100.0,0,0,69.83,142.36,59.16,22.05,1.595,27.21,"heavy traffic, construction activity",252.92
2022-05-12,Delhi,28.32,62.32,4.63,0.0,72.12,86.23,50.35,0,0,77.46,127.9,58.59,17.01,1.526,30.55,industrial emissions,256.28
2022-05-13,Mumbai,23.23,68.54,2.71,0.0,92.26,25.01,59.64,0,0,92.01,111.95,42.87,13.45,1.443,24.02,heavy traffic,195.24
2022-05-14,Chennai,31.99,64.95,3.42,0.0,82.82,23.08,29.28,0,0,77.67,129.52,39.49,9.0,1.345,40.96,heavy traffic,193.86
2022-05-15,Hyderabad,29.72,59.66,2.26,0.0,61.11,69.79,14.51,0,0,65.69,85.73,42.31,14.21,1.448,25.52,normal urban conditions,212.63
2022-05-16,Delhi,27.02,61.68,2.01,0.0,66.69,37.26,42.24,0,0,48.84,88.1,51.74,17.65,1.217,33.78,normal urban conditions,242.11
2022-05-17,Bengaluru,30.44,74.29,1.82,0.0,75.46,88.78,48.77,0,0,84.67,123.53,48.85,27.68,1.652,16.49,"heavy traffic, industrial emissions, low wind",257.19
2022-05-18,Chennai,28.31,74.08,2.67,0.0,61.75,76.07,54.59,0,0,88.16,125.02,55.19,20.41,1.529,16.42,industrial emissions,223.24
2022-05-19,Chennai,28.48,66.64,3.5,0.0,93.43,80.58,19.6,0,0,103.65,102.85,64.81,20.98,1.713,37.46,"heavy traffic, industrial emissions",288.85
2022-05-20,Mumbai,31.88,76.67,0.91,0.0,51.19,67.92,61.21,0,0,84.5,108.3,47.83,18.05,1.29,23.31,low wind,221.91
2022-05-21,Hyderabad,26.05,59.7,3.14,0.0,73.99,35.41,31.39,0,0,58.71,102.39,43.59,12.22,1.381,16.99,normal urban conditions,183.89
2022-05-22,Hyderabad,33.2,74.79,5.02,0.0,80.7,22.13,60.17,0,0,86.35,115.99,51.2,11.56,1.384,26.95,heavy traffic,226.31
2022-05-23,Mumbai,25.87,69.12,4.55,0.0,63.91,78.92,66.7,0,0,77.95,141.74,50.3,21.65,1.45,32.78,industrial emissions,232.22
2022-05-24,Mumbai,28.07,94.86,2.5,0.0,60.31,25.01,40.09,0,0,54.17,123.8,31.26,15.99,1.039,16.71,normal urban conditions,166.97
2022-05-25,Mumbai,35.83,44.79,1.52,0.0,67.71,80.53,28.72,0,0,79.49,97.89,47.74,18.32,1.667,32.04,"industrial emissions, low wind",237.96
2022-05-26,Chennai,33.44,51.5,3.75,0.0,81.92,64.05,78.87,0,0,92.24,134.72,44.57,17.63,1.549,17.23,"heavy traffic, construction activity",211.34
2022-05-27,Bengaluru,30.35,64.74,0.42,0.0,60.93,50.63,65.46,0,0,85.7,155.62,54.98,14.84,1.196,23.64,low wind,237.43
2022-05-28,Chennai,27.24,66.7,4.53,0.0,51.83,59.96,51.04,0,0,67.36,109.23,49.79,19.67,1.233,31.96,normal urban conditions,231.35
2022-05-29,Chennai,28.47,81.37,2.94,0.0,87.34,60.38,77.37,0,0,76.19,114.1,63.25,23.86,1.601,18.41,"heavy traffic, construction activity",260.58
2022-05-30,Chennai,30.28,53.92,5.4,0.0,75.32,48.36,49.67,0,0,45.42,110.51,45.96,17.91,1.528,19.28,heavy traffic,176.53
2022-05-31,Delhi,30.17,69.73,1.13,0.0,85.05,77.66,35.59,0,0,87.76,120.15,52.94,21.82,1.715,20.8,"heavy traffic, industrial emissions, low wind",264.56
2022-06-01,Chennai,30.73,71.92,4.3,2.29,78.15,77.05,27.97,0,0,66.07,130.79,48.62,22.05,1.745,22.0,"heavy traffic, industrial emissions",229.48
2022-06-02,Delhi,30.91,67.21,3.08,8.15,100.0,54.8,45.84,0,0,75.25,106.23,54.33,19.57,1.815,32.29,"heavy traffic, rain",254.47
2022-06-03,Hyderabad,30.36,50.94,2.8,2.2,83.84,41.2,63.43,0,0,80.85,114.7,51.46,20.84,1.472,31.24,heavy traffic,226.22
2022-06-04,Hyderabad,26.67,77.21,1.56,4.35,54.41,75.51,75.8,0,0,105.15,157.18,57.24,14.02,1.445,27.42,"construction activity, industrial emissions, rain, low wind",259.9
2022-06-05,Mumbai,29.45,73.48,3.91,2.69,73.52,15.59,48.47,0,0,48.37,98.9,49.66,11.29,1.174,25.58,normal urban conditions,185.14
2022-06-06,Delhi,33.74,64.18,4.01,0.07,57.08,59.99,72.26,0,0,65.67,114.88,40.94,8.85,1.269,24.52,construction activity,211.11
2022-06-07,Delhi,26.89,65.02,5.34,1.6,58.73,65.31,43.71,0,0,47.73,61.67,30.55,20.3,1.389,19.56,normal urban conditions,182.35
2022-06-08,Chennai,30.43,62.76,4.41,3.05,43.4,37.09,32.37,0,0,50.5,90.39,26.62,14.59,1.011,30.23,rain,180.76
2022-06-09,Mumbai,28.54,61.03,2.49,3.06,61.42,69.53,21.87,1,0,85.23,137.1,56.39,16.48,1.35,37.5,"rain, festival fireworks",242.26
2022-06-10,Mumbai,31.33,66.27,2.0,1.71,74.72,51.53,37.88,0,0,70.79,98.53,52.69,7.23,1.333,20.7,low wind,207.15
2022-06-11,Chennai,29.83,61.23,1.56,2.56,64.94,42.18,22.63,0,0,85.68,134.59,44.11,13.71,1.281,19.94,low wind,210.72
2022-06-12,Delhi,35.43,48.51,4.97,3.98,48.41,69.34,88.19,0,0,49.3,107.38,38.75,18.76,1.189,23.72,"construction activity, rain",189.1
2022-06-13,Chennai,32.52,48.55,2.27,0.18,41.63,32.46,56.79,0,0,68.1,109.29,30.09,12.0,0.947,35.88,normal urban conditions,191.74
2022-06-14,Chennai,27.06,55.33,4.98,3.99,99.79,67.65,46.09,0,0,85.28,148.93,53.25,15.96,1.82,25.95,"heavy traffic, rain",247.11
2022-06-15,Hyderabad,33.01,60.91,3.83,0.12,71.2,16.32,82.44,0,0,51.99,97.77,53.16,6.92,1.145,32.74,construction activity,206.9
2022-06-16,Delhi,28.68,61.46,3.6,0.17,52.81,57.14,21.95,0,0,62.51,99.65,52.49,15.99,1.205,22.84,normal urban conditions,245.55
2022-06-17,Delhi,29.27,63.47,2.83,1.96,73.39,52.79,45.26,0,0,43.93,89.57,45.12,13.04,1.442,30.81,normal urban conditions,216.69
2022-06-18,Mumbai,31.94,64.45,3.99,2.69,100.0,42.29,87.99,0,0,90.31,134.74,46.14,16.19,1.759,25.82,"heavy traffic, construction activity",240.66
2022-06-19,Hyderabad,29.52,54.86,3.18,1.71,75.93,59.01,45.12,0,0,60.25,119.41,52.85,16.21,1.549,16.84,heavy traffic,194.75
2022-06-20,Delhi,33.68,72.88,2.76,0.4,21.41,50.57,96.94,0,0,68.83,91.75,29.06,9.92,0.978,34.24,construction activity,205.76
2022-06-21,Hyderabad,28.68,59.05,4.04,0.25,100.0,70.98,63.71,0,0,95.65,150.01,66.12,18.89,1.887,26.43,"heavy traffic, industrial emissions",283.16
2022-06-22,Delhi,29.14,57.07,3.03,1.9,36.41,62.08,74.12,0,0,72.76,119.69,42.75,18.18,1.006,25.01,construction activity,229.98
2022-06-23,Hyderabad,29.03,66.3,2.24,1.51,62.7,60.15,74.7,0,0,88.29,140.15,41.15,21.48,1.35,27.98,construction activity,219.92
2022-06-24,Delhi,29.3,42.92,3.92,1.11,47.87,57.25,48.03,0,0,54.58,144.75,47.62,18.94,1.213,18.86,normal urban conditions,227.44
2022-06-25,Bengaluru,34.3,49.89,3.12,3.83,54.16,43.5,38.24,0,0,47.57,86.06,38.41,11.26,1.241,33.89,rain,169.79
2022-06-26,Delhi,32.89,68.59,3.79,1.4,70.55,46.57,45.69,0,0,64.03,86.46,50.23,18.73,1.483,23.69,normal urban conditions,222.77
2022-06-27,Delhi,36.13,39.13,2.66,0.21,32.86,56.47,28.26,0,0,39.54,91.53,34.03,11.88,0.902,32.08,normal urban conditions,191.97
2022-06-28,Delhi,37.8,66.51,1.75,1.12,64.56,48.88,46.68,0,0,72.24,121.12,52.74,14.91,1.42,38.79,low wind,278.42
2022-06-29,Chennai,27.91,77.38,5.28,3.0,84.36,72.01,47.91,0,0,65.92,125.88,40.94,20.78,1.691,28.56,"heavy traffic, industrial emissions",193.98
2022-06-30,Delhi,31.21,56.26,5.06,1.3,52.51,53.68,81.78,0,0,50.05,92.66,44.05,19.97,1.128,27.18,construction activity,224.65
2022-07-01,Hyderabad,26.53,66.14,4.26,2.94,39.76,58.77,59.87,0,0,34.29,72.96,31.76,22.07,1.063,23.95,normal urban conditions,160.37
2022-07-02,Hyderabad,27.73,73.58,2.73,3.53,59.77,26.75,95.25,0,0,55.22,80.25,40.22,15.1,1.225,6.5,"construction activity, rain",163.7
2022-07-03,Hyderabad,28.17,57.41,2.84,1.41,56.59,68.98,5.0,0,0,27.84,51.86,54.36,17.63,1.379,20.85,normal urban conditions,192.47
2022-07-04,Bengaluru,26.89,71.65,4.86,1.7,52.48,41.54,23.66,0,0,41.33,81.35,32.6,15.39,1.032,25.36,normal urban conditions,153.86
2022-07-05,Chennai,26.91,56.25,2.78,1.21,42.99,33.23,40.89,0,0,55.25,99.24,28.89,12.99,0.869,20.7,normal urban conditions,151.88
2022-07-06,Mumbai,29.63,56.28,2.44,3.01,70.31,81.63,77.85,0,0,57.4,144.56,52.88,17.93,1.485,18.26,"construction activity, industrial emissions, rain",202.48
2022-07-07,Chennai,26.41,55.32,5.45,1.17,71.52,64.56,45.81,0,0,61.95,76.49,45.94,16.98,1.437,29.25,normal urban conditions,211.67
2022-07-08,Mumbai,32.59,62.41,3.14,2.73,44.95,69.59,18.64,0,0,52.75,102.84,35.93,23.53,1.213,37.58,normal urban conditions,198.34
2022-07-09,Chennai,27.31,74.26,5.32,2.16,47.16,60.18,43.1,0,0,36.76,74.68,39.21,18.57,1.087,19.06,normal urban conditions,167.91
2022-07-10,Hyderabad,38.49,53.02,1.52,0.06,64.18,50.32,24.05,0,0,66.43,111.72,48.58,21.23,1.288,38.93,low wind,247.88
2022-07-11,Bengaluru,28.71,48.99,3.82,2.88,46.56,46.97,20.13,0,0,53.19,87.35,40.28,11.27,1.203,32.98,normal urban conditions,154.37
2022-07-12,Chennai,30.28,49.78,5.69,1.96,64.86,66.02,87.98,0,0,52.95,123.91,41.11,16.42,1.554,21.84,construction activity,197.99
2022-07-13,Bengaluru,26.18,67.42,3.24,5.36,85.49,72.39,40.97,0,0,74.2,134.09,52.42,19.83,1.834,19.21,"heavy traffic, industrial emissions, rain",224.4
2022-07-14,Chennai,35.18,75.61,2.88,0.32,61.04,50.77,51.46,0,0,74.38,114.93,44.18,17.35,1.144,40.9,normal urban conditions,227.79
2022-07-15,Hyderabad,33.42,62.34,1.8,2.2,42.58,89.31,46.14,0,0,64.59,134.89,45.41,20.94,1.431,21.08,"industrial emissions, low wind",208.46
2022-07-16,Delhi,30.95,56.26,4.5,0.97,68.27,48.45,42.97,0,0,68.77,125.41,43.88,17.15,1.367,24.01,normal urban conditions,244.08
2022-07-17,Hyderabad,26.02,71.25,2.28,0.08,59.16,26.91,31.19,0,0,66.08,133.37,35.89,13.68,1.128,37.52,normal urban conditions,191.28
2022-07-18,Delhi,30.69,57.92,3.09,0.03,59.6,21.01,41.79,0,0,54.03,99.76,40.13,6.2,1.174,23.95,normal urban conditions,202.2
2022-07-19,Chennai,26.7,59.33,1.72,6.33,69.61,21.62,54.74,0,0,84.1,141.78,38.06,12.72,1.271,35.04,"rain, low wind",211.07
2022-07-20,Mumbai,34.45,48.1,5.07,2.21,73.06,44.55,76.37,0,0,70.64,103.32,44.86,17.35,1.244,24.02,construction activity,200.14
2022-07-21,Mumbai,32.49,73.14,4.59,1.35,62.57,47.82,66.95,0,0,45.73,81.68,41.0,15.54,1.239,28.06,normal urban conditions,167.53
2022-07-22,Mumbai,30.35,35.16,3.16,0.15,61.03,64.29,23.62,0,0,57.38,140.11,47.05,11.77,1.339,38.07,normal urban conditions,209.21
2022-07-23,Bengaluru,22.75,73.85,1.82,6.01,95.02,51.49,67.77,0,0,110.02,126.1,66.34,14.41,1.593,18.38,"heavy traffic, rain, low wind",265.14
2022-07-24,Hyderabad,27.11,58.18,5.04,0.68,81.21,67.18,57.51,0,0,60.95,99.77,45.36,19.06,1.707,26.63,heavy traffic,234.65
2022-07-25,Chennai,32.13,55.21,2.76,2.32,75.34,52.81,35.51,0,0,69.09,76.91,36.53,12.85,1.586,34.26,heavy traffic,213.01
2022-07-26,Hyderabad,33.7,75.13,1.87,1.88,64.1,52.24,51.64,0,0,87.72,111.76,43.99,18.11,1.332,21.21,low wind,224.47
2022-07-27,Mumbai,33.39,51.29,1.09,8.55,45.91,41.6,59.45,0,0,61.24,90.17,32.56,15.85,1.074,45.89,"rain, low wind",192.64
2022-07-28,Delhi,25.29,57.3,2.42,1.66,80.04,77.61,48.94,0,0,91.75,117.62,39.95,19.82,1.675,32.3,"heavy traffic, industrial emissions",258.55
2022-07-29,Delhi,30.97,58.82,1.45,0.9,64.31,24.43,57.6,0,0,78.04,125.84,53.06,10.96,1.176,25.47,low wind,266.03
2022-07-30,Mumbai,33.11,62.76,2.45,2.24,52.77,57.42,30.74,0,0,61.73,114.72,46.95,16.77,1.317,27.03,normal urban conditions,212.57
2022-07-31,Chennai,25.09,59.82,4.09,2.5,58.11,48.73,87.86,0,0,56.17,89.54,45.92,14.78,1.098,38.0,construction activity,198.35
2022-08-01,Hyderabad,27.48,46.83,2.75,13.68,42.54,66.07,9.41,0,0,34.34,67.67,39.37,13.71,1.196,25.01,rain,166.57
2022-08-02,Chennai,28.32,53.32,3.63,1.63,74.92,51.63,59.56,0,0,65.36,130.67,51.97,13.97,1.46,23.87,normal urban conditions,210.88
2022-08-03,Delhi,26.6,75.99,2.33,0.3,68.93,52.16,55.34,0,0,74.01,147.84,46.29,15.56,1.333,31.53,normal urban conditions,252.8
2022-08-04,Delhi,21.94,67.19,3.28,1.11,60.91,47.2,60.86,0,0,81.89,146.33,48.54,18.81,1.224,12.2,normal urban conditions,231.07
2022-08-05,Chennai,26.52,67.74,5.51,2.24,57.32,77.08,33.83,0,0,49.86,66.82,46.72,21.41,1.547,23.91,industrial emissions,186.59
2022-08-06,Delhi,26.52,60.62,2.78,2.67,47.11,52.04,71.38,0,0,80.52,145.37,39.75,19.74,1.021,25.9,construction activity,234.17
2022-08-07,Delhi,27.06,56.27,3.66,0.95,23.92,87.45,45.84,0,0,57.49,136.99,37.42,16.78,1.048,21.2,industrial emissions,204.83
2022-08-08,Hyderabad,25.81,80.51,1.32,8.14,35.39,56.9,24.28,0,0,48.76,63.96,47.04,15.04,1.146,11.58,"rain, low wind",184.66
2022-08-09,Chennai,26.17,61.6,5.02,0.51,46.12,52.39,26.1,0,0,26.69,97.64,37.98,21.6,1.016,25.49,normal urban conditions,174.41
2022-08-10,Bengaluru,27.38,58.2,2.63,3.91,43.71,49.38,50.49,0,0,76.04,122.14,32.16,12.67,1.034,30.89,rain,183.2
2022-08-11,Delhi,28.83,72.58,4.46,1.15,62.63,62.16,16.07,0,0,56.34,93.29,47.89,14.66,1.378,20.39,normal urban conditions,226.21
2022-08-12,Chennai,26.59,55.97,3.05,1.73,70.98,41.41,84.01,0,0,50.8,105.09,49.53,12.81,1.383,17.65,construction activity,189.24
2022-08-13,Chennai,26.27,57.46,3.93,1.29,55.94,54.62,68.98,0,0,73.18,126.14,41.59,21.79,1.243,34.35,normal urban conditions,168.76
2022-08-14,Chennai,27.78,62.46,4.01,2.21,80.54,52.15,84.54,0,0,75.31,142.46,50.92,13.33,1.458,29.48,"heavy traffic, construction activity",212.37
2022-08-15,Chennai,21.74,66.59,2.66,1.65,45.47,57.85,82.43,0,0,60.89,130.47,34.27,17.93,1.179,19.43,construction activity,186.29
2022-08-16,Mumbai,28.93,64.14,4.51,1.39,55.83,58.3,40.96,0,0,65.09,81.61,43.05,17.5,1.262,32.66,normal urban conditions,190.09
2022-08-17,Chennai,27.5,83.47,2.29,3.02,57.18,59.24,30.61,0,0,41.05,77.79,38.54,10.69,1.342,24.8,rain,173.14
2022-08-18,Mumbai,27.62,65.83,4.13,0.25,75.47,53.71,5.0,0,0,52.65,96.77,47.96,15.55,1.552,37.82,heavy traffic,223.02
2022-08-19,Chennai,30.38,36.75,2.73,2.32,59.69,80.24,39.88,0,0,64.43,136.41,46.44,18.18,1.329,34.95,industrial emissions,214.09
2022-08-20,Hyderabad,21.64,69.91,3.62,4.95,60.14,59.61,83.31,0,0,75.27,72.36,51.33,18.57,1.412,11.78,"construction activity, rain",201.96
2022-08-21,Bengaluru,21.58,67.07,2.65,1.44,31.52,98.91,31.44,0,0,87.11,113.11,52.89,28.04,1.201,17.21,industrial emissions,226.41
2022-08-22,Bengaluru,28.32,62.41,3.26,3.68,43.6,52.9,43.8,0,0,49.43,69.83,31.37,14.43,1.157,21.81,rain,150.1
2022-08-23,Bengaluru,27.48,65.02,1.91,3.21,75.54,69.26,36.91,1,0,91.57,103.46,55.24,17.05,1.611,27.48,"heavy traffic, rain, low wind, festival fireworks",241.41
2022-08-24,Bengaluru,28.01,61.91,3.5,0.65,24.79,38.93,55.5,0,0,73.64,134.63,26.15,20.78,0.929,23.85,normal urban conditions,145.1
2022-08-25,Bengaluru,26.11,62.99,3.25,1.75,79.49,77.21,73.72,0,0,85.07,118.07,59.53,17.22,1.668,16.91,"heavy traffic, construction activity, industrial emissions",223.19
2022-08-26,Bengaluru,29.49,67.29,2.55,3.26,65.99,39.32,17.22,0,0,62.37,61.84,45.46,9.26,1.246,30.27,rain,169.16
2022-08-27,Delhi,30.3,55.17,3.13,1.58,46.04,60.21,21.04,0,0,41.03,85.45,38.45,20.77,1.123,35.04,normal urban conditions,181.4
2022-08-28,Chennai,28.95,52.06,3.36,2.9,44.69,47.24,77.73,0,0,77.13,158.82,37.96,14.41,0.987,26.96,construction activity,190.98
2022-08-29,Hyderabad,26.72,93.34,2.46,1.17,88.34,60.14,62.66,0,0,84.6,93.45,56.35,17.47,1.735,22.96,heavy traffic,222.72
2022-08-30,Mumbai,21.18,59.82,3.05,5.3,80.58,47.77,42.81,0,0,67.43,120.3,61.06,21.34,1.416,15.7,"heavy traffic, rain",225.38
2022-08-31,Hyderabad,29.81,61.94,1.99,1.44,56.09,37.79,82.14,0,0,75.03,149.35,36.72,8.84,1.214,23.3,"construction activity, low wind",190.21
2022-09-01,Chennai,27.67,47.48,6.01,1.47,57.23,47.11,20.7,0,0,38.74,85.65,40.49,13.95,1.201,24.15,normal urban conditions,172.61
2022-09-02,Chennai,25.93,64.81,4.47,1.5,44.73,79.75,66.62,0,0,58.2,141.35,45.64,16.05,1.124,28.4,industrial emissions,198.61
2022-09-03,Chennai,21.36,57.51,3.53,1.7,57.23,60.41,46.64,0,0,64.51,97.11,47.23,17.67,1.418,24.64,normal urban conditions,182.14
2022-09-04,Hyderabad,26.02,59.16,4.61,0.28,44.29,28.8,60.13,0,0,64.84,136.87,30.27,9.95,0.684,22.9,normal urban conditions,173.56
2022-09-05,Bengaluru,26.58,73.64,0.82,0.48,53.82,71.72,5.0,0,0,96.85,150.02,57.01,14.96,1.32,21.2,"industrial emissions, low wind",264.4
2022-09-06,Mumbai,28.68,66.45,0.3,4.19,84.04,35.95,42.79,0,0,79.33,119.04,41.23,14.95,1.493,12.02,"heavy traffic, rain, low wind",207.56
2022-09-07,Bengaluru,21.37,72.52,2.72,3.67,53.54,65.38,62.74,0,0,64.01,83.76,38.59,17.49,1.1,32.29,rain,192.8
2022-09-08,Bengaluru,23.32,47.76,1.55,3.46,38.3,61.96,46.73,0,0,52.21,81.74,44.07,13.16,1.117,10.5,"rain, low wind",160.01
2022-09-09,Mumbai,26.24,81.8,2.92,2.65,33.21,63.09,73.11,0,0,90.01,89.09,31.46,13.52,0.973,25.57,construction activity,173.83
2022-09-10,Mumbai,24.17,52.96,3.45,0.92,57.11,85.36,72.44,0,0,77.15,132.25,44.0,21.28,1.428,25.2,"construction activity, industrial emissions",212.16
2022-09-11,Delhi,20.65,82.63,4.3,0.81,42.9,37.08,28.83,0,0,57.45,110.08,30.75,7.92,1.095,17.58,normal urban conditions,184.01
2022-09-12,Delhi,25.24,74.34,1.83,1.62,59.02,62.99,64.48,0,0,86.5,129.04,43.11,17.76,1.348,22.91,low wind,227.32
2022-09-13,Hyderabad,25.74,69.56,3.68,4.78,29.16,74.67,28.15,0,0,66.89,106.34,40.42,22.97,1.02,19.17,"industrial emissions, rain",201.54
2022-09-14,Hyderabad,24.26,56.27,3.22,2.08,66.12,40.42,49.08,0,0,59.39,129.87,49.77,15.47,1.272,29.16,normal urban conditions,211.24
2022-09-15,Delhi,24.66,66.05,3.62,0.45,38.11,38.58,61.12,0,0,42.54,99.6,33.39,11.3,1.081,14.44,normal urban conditions,155.9
2022-09-16,Hyderabad,23.22,60.83,2.58,0.18,55.81,46.83,31.29,0,0,81.33,109.77,48.81,15.32,1.233,25.77,normal urban conditions,212.98
2022-09-17,Bengaluru,28.43,62.19,4.86,3.78,49.66,57.85,63.74,0,0,60.39,110.59,31.29,12.5,1.122,21.43,rain,176.09
2022-09-18,Mumbai,21.3,64.39,3.08,6.15,82.57,26.61,37.89,0,0,62.17,143.03,48.46,11.67,1.361,19.0,"heavy traffic, rain",203.74
2022-09-19,Mumbai,22.24,45.85,5.33,0.11,57.82,61.93,36.39,0,0,67.09,120.88,51.05,15.93,1.22,21.93,normal urban conditions,166.92
2022-09-20,Mumbai,24.03,76.19,2.25,3.9,86.2,26.65,62.13,0,0,80.09,115.5,56.24,8.15,1.408,20.92,"heavy traffic, rain",208.6
2022-09-21,Hyderabad,26.64,62.34,4.09,2.59,64.04,75.28,31.28,0,0,77.66,116.2,58.1,20.92,1.599,28.68,industrial emissions,262.12
2022-09-22,Mumbai,19.51,63.3,3.13,0.62,77.88,61.25,30.26,0,0,75.5,123.59,49.55,10.87,1.539,20.88,heavy traffic,207.21
2022-09-23,Bengaluru,20.07,62.15,2.81,2.11,51.73,86.44,68.82,0,0,84.73,119.22,54.08,17.27,1.282,28.11,industrial emissions,232.83
2022-09-24,Mumbai,17.89,72.86,3.96,0.34,60.6,64.04,50.17,0,0,73.04,106.63,43.52,14.05,1.396,26.41,normal urban conditions,197.96
2022-09-25,Hyderabad,24.1,55.99,2.84,1.32,74.57,46.51,18.92,0,0,60.89,102.74,52.8,12.93,1.393,26.7,normal urban conditions,218.51
2022-09-26,Mumbai,20.65,44.8,0.3,1.72,69.55,37.62,65.11,0,0,79.08,149.47,56.46,16.92,1.355,28.76,low wind,240.35
2022-09-27,Delhi,22.85,69.88,0.3,5.25,63.57,56.3,39.87,1,0,80.59,134.46,45.29,18.27,1.331,36.35,"rain, low wind, festival fireworks",247.12
2022-09-28,Bengaluru,25.98,68.8,4.73,1.24,49.82,51.46,19.94,0,0,48.95,86.74,27.42,15.55,1.272,14.14,normal urban conditions,150.82
2022-09-29,Mumbai,22.08,64.35,4.68,0.72,52.53,73.35,5.0,0,0,46.36,106.02,55.11,18.91,1.248,29.95,industrial emissions,231.97
2022-09-30,Mumbai,24.69,53.04,5.46,2.4,73.27,35.28,66.07,0,0,58.32,106.83,46.27,12.61,1.248,36.03,normal urban conditions,208.37
2022-10-01,Bengaluru,19.6,68.97,3.18,2.97,75.53,88.38,30.8,0,0,80.04,124.93,56.92,25.26,1.762,23.54,"heavy traffic, industrial emissions",245.13
2022-10-02,Chennai,22.52,51.39,1.65,0.68,44.51,74.95,23.12,0,0,68.57,113.77,43.95,13.54,1.074,37.55,"industrial emissions, low wind",192.99
2022-10-03,Bengaluru,21.93,56.18,2.7,0.42,42.1,48.34,60.79,0,1,83.92,87.25,24.85,17.05,1.031,35.73,crop burning,186.29
2022-10-04,Chennai,18.42,61.4,3.21,0.48,39.53,84.36,64.12,0,1,83.53,70.49,44.29,18.97,1.295,18.41,"industrial emissions, crop burning",189.9
2022-10-05,Chennai,19.99,76.24,1.99,5.27,67.28,37.9,32.26,0,1,79.16,122.32,42.57,14.57,1.109,18.02,"rain, low wind, crop burning",199.15
2022-10-06,Hyderabad,23.63,61.63,5.18,2.85,39.13,55.7,66.25,0,0,29.7,69.88,35.11,17.44,1.059,27.32,normal urban conditions,174.3
2022-10-07,Bengaluru,21.68,62.15,5.89,1.15,67.08,29.02,89.1,0,0,54.59,77.12,39.41,13.84,1.109,18.1,construction activity,174.59
2022-10-08,Mumbai,16.31,89.93,3.77,4.53,62.73,85.24,74.93,0,0,66.31,98.93,31.09,25.39,1.367,35.16,"construction activity, industrial emissions, rain",210.79
2022-10-09,Hyderabad,22.47,69.6,3.19,0.67,45.28,22.35,71.82,0,0,58.13,123.86,35.79,6.46,0.842,27.53,construction activity,186.59
2022-10-10,Hyderabad,17.25,73.12,1.65,1.55,79.02,26.07,54.28,0,1,89.78,135.29,49.4,14.19,1.34,19.04,"heavy traffic, low wind, crop burning",210.99
2022-10-11,Chennai,24.74,60.79,5.06,0.33,30.6,40.58,39.13,0,1,36.95,101.3,30.62,13.3,0.804,14.44,crop burning,126.58
2022-10-12,Chennai,23.57,59.34,3.29,4.35,80.55,75.8,46.88,0,0,96.27,140.98,55.72,17.75,1.76,25.61,"heavy traffic, industrial emissions, rain",231.96
2022-10-13,Hyderabad,21.37,44.98,2.85,0.6,59.1,69.19,56.81,0,0,69.13,97.12,48.17,24.17,1.381,16.06,normal urban conditions,198.47
2022-10-14,Bengaluru,20.97,76.81,3.78,0.62,20.82,54.2,22.85,1,0,65.67,120.97,30.26,17.78,0.786,25.64,festival fireworks,186.61
2022-10-15,Mumbai,19.87,72.37,2.5,2.46,79.47,70.34,32.61,0,1,93.06,139.25,57.92,17.0,1.521,2.73,"heavy traffic, industrial emissions, crop burning",215.32
2022-10-16,Chennai,22.54,64.23,3.38,0.02,69.56,49.92,19.44,0,0,80.57,115.65,50.22,17.86,1.402,32.37,normal urban conditions,212.66
2022-10-17,Hyderabad,19.39,66.86,1.47,0.22,47.15,59.6,52.7,0,0,62.53,109.28,44.77,16.4,1.338,17.67,low wind,200.0
2022-10-18,Hyderabad,21.21,74.32,4.5,3.36,38.56,81.73,49.66,0,0,56.25,117.41,51.69,18.78,1.147,8.9,"industrial emissions, rain",192.68
2022-10-19,Bengaluru,23.12,50.07,3.07,0.47,28.89,47.56,34.95,0,1,55.84,87.59,27.45,12.79,0.835,24.59,crop burning,173.13
2022-10-20,Bengaluru,18.81,62.73,4.59,10.87,92.65,38.21,64.41,0,0,80.16,142.43,50.09,14.03,1.506,20.94,"heavy traffic, rain",212.82
2022-10-21,Delhi,18.65,57.38,2.96,2.0,39.23,60.47,27.11,0,0,49.79,105.77,48.61,14.83,1.178,20.92,normal urban conditions,222.99
2022-10-22,Mumbai,16.92,87.67,3.04,0.09,33.78,65.32,34.2,0,1,88.59,125.59,36.33,17.92,1.122,26.44,crop burning,193.43
2022-10-23,Delhi,17.31,78.44,1.75,6.42,58.29,53.99,63.61,0,1,93.46,160.29,51.44,18.3,1.238,20.77,"rain, low wind, crop burning",240.95
2022-10-24,Bengaluru,15.01,49.26,4.11,2.0,27.79,70.06,66.58,1,0,59.7,84.46,35.45,18.54,0.956,25.92,"industrial emissions, festival fireworks",161.7
2022-10-25,Delhi,22.69,50.78,2.15,1.36,38.3,48.38,32.09,0,1,79.37,110.1,35.28,20.67,0.924,22.64,crop burning,207.95
2022-10-26,Mumbai,25.93,62.33,2.62,1.99,69.92,54.3,52.64,0,0,86.22,113.7,55.21,15.73,1.392,27.77,normal urban conditions,224.12
2022-10-27,Hyderabad,24.78,59.73,3.2,0.09,61.43,58.74,32.42,0,1,92.1,134.41,49.36,20.45,1.421,15.3,crop burning,213.43
2022-10-28,Bengaluru,15.62,57.62,3.35,1.61,47.82,57.17,44.05,0,0,59.19,125.97,31.39,19.08,1.17,21.48,normal urban conditions,174.12
2022-10-29,Hyderabad,22.67,85.38,1.15,0.52,54.29,81.04,50.88,0,1,112.04,127.44,51.5,24.54,1.491,14.92,"industrial emissions, low wind, crop burning",246.81
2022-10-30,Chennai,24.77,67.59,2.92,1.5,46.92,58.65,59.21,0,1,104.08,199.66,35.08,22.3,1.107,32.75,crop burning,212.85
2022-10-31,Chennai,19.13,73.16,4.15,0.96,53.01,46.53,54.35,0,0,54.08,90.15,47.09,9.16,0.98,20.27,normal urban conditions,174.65
2022-11-01,Delhi,18.24,62.11,2.75,0.0,42.88,61.5,53.46,0,0,46.95,103.12,50.82,17.64,1.342,25.22,normal urban conditions,238.52
2022-11-02,Chennai,11.91,80.68,2.93,0.0,45.79,70.16,26.43,0,1,74.08,113.78,54.16,17.89,1.238,16.71,"industrial emissions, crop burning",226.09
2022-11-03,Bengaluru,18.74,64.88,3.39,0.0,45.3,65.94,55.77,0,0,54.95,103.74,43.47,17.88,1.252,33.16,normal urban conditions,166.67
2022-11-04,Bengaluru,14.75,68.64,3.05,0.0,43.46,64.94,59.02,0,1,78.44,106.65,38.07,16.2,1.098,6.95,crop burning,162.72
2022-11-05,Delhi,18.54,74.93,1.96,0.0,71.77,25.04,61.78,0,0,67.87,132.53,46.86,9.38,1.152,18.41,low wind,203.88
2022-11-06,Bengaluru,13.25,56.23,3.16,0.0,67.39,10.0,33.61,0,0,54.36,84.43,33.18,5.3,1.131,11.82,normal urban conditions,130.78
2022-11-07,Bengaluru,19.57,84.07,4.39,0.0,40.15,74.95,66.31,0,1,87.57,96.79,54.05,19.28,1.022,4.33,"industrial emissions, crop burning",216.47
2022-11-08,Hyderabad,21.01,68.92,1.94,0.0,35.96,59.9,21.66,0,0,62.76,84.47,45.49,19.39,1.02,14.11,low wind,182.9
2022-11-09,Delhi,15.59,83.7,2.75,0.0,52.56,51.61,39.38,0,1,79.89,145.66,43.82,13.78,1.272,24.73,crop burning,231.78
2022-11-10,Hyderabad,14.53,60.88,1.54,0.0,89.56,64.5,42.49,0,0,101.3,158.58,66.06,16.33,1.748,18.47,"heavy traffic, low wind",262.82
2022-11-11,Chennai,11.47,64.54,4.33,0.0,38.63,86.69,22.75,1,0,69.87,74.01,38.87,18.78,1.254,15.03,"industrial emissions, festival fireworks",196.47
2022-11-12,Bengaluru,17.14,58.18,3.09,0.0,52.49,77.44,42.19,0,0,85.14,138.56,40.08,16.41,1.484,25.86,industrial emissions,181.19
2022-11-13,Delhi,16.19,72.97,2.18,0.0,56.49,69.32,52.43,0,0,86.79,90.71,34.44,17.38,1.374,18.96,normal urban conditions,209.34
2022-11-14,Chennai,13.28,73.16,3.31,0.0,53.33,36.04,11.48,0,1,68.89,107.55,39.0,13.8,0.954,20.82,crop burning,166.81
2022-11-15,Chennai,19.3,63.65,1.76,0.0,47.74,38.38,40.11,0,0,77.0,95.82,37.46,16.91,1.041,23.24,low wind,163.44
2022-11-16,Delhi,16.59,60.05,1.96,0.0,73.55,10.0,13.03,0,0,62.73,119.65,45.71,5.02,1.347,23.72,low wind,229.53
2022-11-17,Chennai,14.71,58.84,1.45,0.0,62.34,63.4,88.83,0,1,117.19,163.54,49.71,17.05,1.354,15.88,"construction activity, low wind, crop burning",215.68
2022-11-18,Hyderabad,16.27,69.92,1.92,0.0,68.6,71.96,52.25,0,0,92.65,148.39,56.0,22.05,1.654,25.89,"industrial emissions, low wind",256.47
2022-11-19,Hyderabad,21.15,62.34,4.83,0.0,64.5,73.42,50.52,0,0,65.25,104.68,53.27,15.21,1.546,13.67,industrial emissions,212.54
2022-11-20,Hyderabad,19.75,61.12,2.32,0.0,69.37,64.16,52.64,0,1,101.2,133.78,42.65,21.07,1.435,20.92,crop burning,223.54
2022-11-21,Bengaluru,17.55,84.99,3.76,0.0,80.42,49.23,60.09,0,1,96.95,107.94,56.11,13.56,1.424,25.13,"heavy traffic, crop burning",208.48
2022-11-22,Chennai,19.8,67.12,2.2,0.0,76.37,41.84,67.56,0,0,73.4,99.61,47.31,15.83,1.445,19.75,heavy traffic,199.55
2022-11-23,Bengaluru,14.46,84.38,4.11,0.0,92.27,37.14,16.73,0,1,67.2,124.48,55.66,12.29,1.682,12.81,"heavy traffic, crop burning",199.3
2022-11-24,Chennai,18.03,63.84,1.97,0.0,74.55,49.06,74.2,0,0,78.42,129.33,56.91,16.23,1.313,36.28,"construction activity, low wind",248.15
2022-11-25,Chennai,18.38,71.38,3.25,0.0,44.36,34.4,72.92,0,0,63.48,113.23,41.01,17.33,0.998,29.47,construction activity,197.77
2022-11-26,Delhi,16.53,69.68,3.26,0.0,68.63,83.61,46.67,0,0,90.92,151.51,54.66,20.01,1.412,19.72,industrial emissions,290.54
2022-11-27,Mumbai,19.24,51.35,5.99,0.0,66.44,28.56,45.63,0,1,73.63,92.3,39.84,14.56,1.191,15.63,crop burning,182.79
2022-11-28,Bengaluru,15.6,85.17,3.96,0.0,85.8,48.45,5.0,0,0,64.49,116.93,57.9,15.58,1.438,2.11,heavy traffic,206.1
2022-11-29,Hyderabad,19.47,66.82,2.49,0.0,39.6,17.15,23.12,1,1,69.24,88.48,21.48,7.39,0.873,25.65,"festival fireworks, crop burning",146.43
2022-11-30,Delhi,19.59,75.55,4.02,0.0,64.0,57.34,58.38,0,0,68.11,139.69,40.25,15.74,1.307,28.57,normal urban conditions,251.42
2022-12-01,Delhi,8.25,68.51,5.77,0.0,47.1,51.96,72.01,1,0,52.4,112.74,34.7,14.69,1.22,17.09,"construction activity, festival fireworks",195.39
2022-12-02,Hyderabad,20.57,65.75,1.24,0.0,66.2,45.58,62.58,0,0,61.18,125.76,39.78,10.06,1.275,9.45,low wind,177.9
2022-12-03,Bengaluru,7.86,67.63,2.19,0.0,54.56,35.21,46.49,0,0,50.29,85.67,38.52,14.01,1.066,15.33,normal urban conditions,164.19
2022-12-04,Delhi,15.15,83.55,2.92,0.0,65.67,52.04,86.52,0,0,96.4,176.96,44.91,17.3,1.221,12.9,construction activity,238.98
2022-12-05,Delhi,20.08,70.86,2.7,0.0,35.43,42.2,68.1,0,0,80.1,159.22,34.19,16.19,0.96,21.67,normal urban conditions,213.41
2022-12-06,Delhi,16.05,74.24,2.8,0.0,70.69,49.54,40.12,0,0,80.78,128.15,48.07,19.22,1.435,31.52,normal urban conditions,263.28
2022-12-07,Hyderabad,12.6,86.56,1.63,0.0,61.3,87.23,91.64,0,0,98.58,161.09,60.19,23.82,1.584,20.07,"construction activity, industrial emissions, low wind",278.74
2022-12-08,Delhi,13.72,83.76,4.88,0.0,60.44,55.1,26.08,0,0,43.13,85.04,46.56,14.01,1.358,19.53,normal urban conditions,214.93
2022-12-09,Hyderabad,20.08,75.4,1.49,0.0,89.2,61.59,18.56,0,0,85.96,98.86,59.0,15.68,1.722,19.68,"heavy traffic, low wind",240.44
2022-12-10,Hyderabad,11.24,59.72,2.96,0.0,51.88,43.64,39.58,1,0,75.07,130.38,37.89,16.5,1.182,19.91,festival fireworks,202.98
2022-12-11,Hyderabad,20.39,60.57,4.45,0.0,63.48,37.88,32.83,0,0,62.27,89.1,41.07,14.23,1.295,16.88,normal urban conditions,198.01
2022-12-12,Bengaluru,16.83,59.98,3.16,0.0,59.6,51.59,40.7,0,0,71.7,137.25,43.99,15.2,1.347,23.95,normal urban conditions,189.04
2022-12-13,Hyderabad,13.42,79.68,2.02,0.0,61.17,97.07,63.96,0,0,104.69,160.05,70.34,19.91,1.444,14.47,industrial emissions,276.92
2022-12-14,Bengaluru,15.25,72.83,1.58,0.0,93.55,46.83,47.32,0,0,110.27,147.62,49.27,12.9,1.617,11.89,"heavy traffic, low wind",189.04
2022-12-15,Bengaluru,13.95,58.13,2.92,0.0,59.02,58.51,47.83,0,0,65.05,112.76,40.06,18.11,1.179,24.4,normal urban conditions,197.28
2022-12-16,Chennai,19.6,66.19,2.29,0.0,48.92,37.09,49.18,0,0,91.6,147.41,31.82,7.08,1.086,5.22,normal urban conditions,156.38
2022-12-17,Bengaluru,19.2,53.42,3.45,0.0,87.93,10.0,5.0,0,0,35.33,87.04,47.9,1.58,1.496,18.34,heavy traffic,151.66
2022-12-18,Hyderabad,11.84,72.98,1.52,0.0,53.08,37.78,17.69,0,0,56.17,91.97,42.28,15.13,1.185,20.05,low wind,186.32
2022-12-19,Hyderabad,15.79,54.19,4.18,0.0,32.32,94.85,40.29,0,0,60.13,77.67,37.8,20.58,1.158,28.75,industrial emissions,201.13
2022-12-20,Mumbai,14.41,77.0,3.34,0.0,46.15,62.72,31.14,0,0,66.86,126.14,46.45,18.44,1.22,19.99,normal urban conditions,233.1
2022-12-21,Hyderabad,20.88,70.96,3.43,0.0,38.05,81.54,43.36,0,0,62.47,113.65,43.87,24.78,1.224,16.26,industrial emissions,188.17
2022-12-22,Delhi,12.95,91.81,4.93,0.0,29.2,45.74,76.08,0,0,47.39,149.27,34.96,11.28,0.894,13.75,construction activity,177.23
2022-12-23,Chennai,21.81,75.01,2.67,0.0,52.19,10.0,46.51,0,0,78.09,117.42,40.84,3.59,0.832,23.03,normal urban conditions,177.2
2022-12-24,Chennai,16.9,65.74,2.33,0.0,56.88,32.04,21.56,1,0,62.93,110.22,27.44,11.3,1.23,30.33,festival fireworks,157.94
2022-12-25,Delhi,13.51,80.52,2.54,0.0,76.89,59.15,32.14,0,0,69.13,116.56,57.11,14.41,1.433,22.21,heavy traffic,258.75
2022-12-26,Bengaluru,14.97,57.35,2.97,0.0,68.07,56.28,82.21,0,0,96.66,149.07,40.82,15.93,1.375,25.85,construction activity,213.5
2022-12-27,Delhi,14.6,61.96,3.09,0.0,67.34,51.81,78.65,0,0,85.9,111.46,48.74,16.9,1.446,19.05,construction activity,254.02
2022-12-28,Bengaluru,13.18,75.91,2.2,0.0,43.71,42.46,59.92,0,0,77.95,119.27,37.02,14.77,0.999,8.64,normal urban conditions,167.13
2022-12-29,Delhi,17.28,48.12,0.77,0.0,72.16,68.91,16.75,0,0,83.38,134.44,55.1,18.17,1.536,11.89,low wind,260.08
2022-12-30,Hyderabad,13.32,72.11,2.53,0.0,80.26,42.98,54.14,0,0,66.22,105.17,43.83,17.05,1.481,14.56,heavy traffic,189.33
2022-12-31,Bengaluru,10.46,64.28,3.63,0.0,64.31,57.54,55.67,0,0,70.81,129.01,52.77,18.22,1.372,20.94,normal urban conditions,238.71
2023-01-01,Bengaluru,16.8,71.05,3.36,0.0,68.76,55.52,48.51,0,0,57.18,105.45,40.45,15.34,1.417,15.2,normal urban conditions,155.75
2023-01-02,Hyderabad,12.53,62.25,4.64,0.0,41.76,45.37,36.6,0,0,48.79,103.22,38.88,16.16,1.04,21.43,normal urban conditions,172.14
2023-01-03,Chennai,15.68,75.07,5.55,0.0,78.87,36.14,40.75,0,0,64.86,129.26,36.95,8.15,1.419,12.05,heavy traffic,152.83
2023-01-04,Bengaluru,15.21,71.35,4.11,0.0,90.49,44.31,35.21,0,0,82.72,117.17,53.21,17.28,1.53,13.32,heavy traffic,224.45
2023-01-05,Mumbai,15.32,85.08,4.86,0.0,67.17,85.73,25.1,0,0,67.86,82.78,62.66,20.78,1.446,26.08,industrial emissions,241.02
2023-01-06,Bengaluru,23.94,65.11,4.12,0.0,52.49,72.02,75.32,0,0,77.94,117.7,58.58,14.92,1.392,28.72,"construction activity, industrial emissions",214.99
2023-01-07,Bengaluru,18.11,61.44,5.25,0.0,59.41,70.37,65.65,0,0,55.17,89.4,35.63,17.01,1.469,18.44,industrial emissions,181.99
2023-01-08,Mumbai,18.67,66.26,5.42,0.0,55.27,37.84,42.3,0,0,57.57,64.99,32.84,16.17,1.167,14.51,normal urban conditions,148.56
2023-01-09,Bengaluru,12.61,59.53,4.34,0.0,56.23,26.12,55.04,0,0,59.53,104.33,33.25,8.88,1.108,24.43,normal urban conditions,165.25
2023-01-10,Chennai,15.98,74.68,4.05,0.0,72.37,71.74,55.79,0,0,68.86,116.93,65.52,19.71,1.476,23.96,industrial emissions,248.27
2023-01-11,Chennai,18.58,74.69,2.95,0.0,66.47,68.29,94.86,0,0,93.16,154.63,49.96,20.56,1.262,23.73,construction activity,230.13
2023-01-12,Bengaluru,14.86,95.0,3.15,0.0,78.06,54.47,65.45,0,0,95.6,114.05,58.23,15.79,1.494,13.53,heavy traffic,237.61
2023-01-13,Bengaluru,20.66,61.12,2.79,0.0,67.93,45.33,64.7,0,0,75.08,120.67,48.33,11.66,1.185,14.37,normal urban conditions,190.03
2023-01-14,Mumbai,14.33,69.09,3.95,0.0,48.17,25.65,48.76,0,0,43.03,113.43,26.51,10.91,0.997,17.49,normal urban conditions,146.31
2023-01-15,Bengaluru,17.08,64.09,2.34,0.0,53.99,67.61,39.31,0,0,73.42,104.44,35.08,13.59,1.408,29.56,normal urban conditions,183.15
2023-01-16,Mumbai,16.18,72.6,2.97,0.0,52.99,73.35,75.65,0,0,84.1,136.81,42.56,17.27,1.277,11.82,"construction activity, industrial emissions",179.13
2023-01-17,Hyderabad,18.43,72.72,0.37,0.0,59.02,39.78,61.05,0,0,74.68,147.09,58.83,10.04,1.152,19.74,low wind,226.46
2023-01-18,Mumbai,16.02,70.05,5.27,0.0,90.72,38.27,31.41,0,0,52.91,64.93,52.35,12.98,1.488,29.85,heavy traffic,191.0
2023-01-19,Mumbai,17.13,80.68,2.94,0.0,93.28,74.34,57.08,0,0,99.52,141.4,68.12,15.09,1.819,15.61,"heavy traffic, industrial emissions",278.62
2023-01-20,Delhi,17.23,63.57,3.75,0.0,75.39,40.45,64.75,0,0,79.65,143.44,38.73,13.72,1.395,18.96,heavy traffic,209.34
2023-01-21,Chennai,15.73,80.65,4.95,0.0,63.9,84.02,6.08,0,0,82.99,111.66,48.2,23.84,1.439,7.52,industrial emissions,223.59
2023-01-22,Delhi,19.39,73.61,3.56,0.0,40.21,50.04,29.55,0,0,59.72,128.3,40.69,18.59,1.106,24.2,normal urban conditions,218.67
2023-01-23,Delhi,18.65,68.62,4.93,0.0,65.52,45.04,55.26,0,0,48.32,109.29,36.44,10.47,1.523,14.84,normal urban conditions,198.49
2023-01-24,Chennai,17.67,66.28,1.71,0.0,49.36,52.81,9.51,0,0,83.03,150.26,41.88,13.45,1.254,8.88,low wind,175.4
2023-01-25,Hyderabad,16.65,94.41,6.08,0.0,88.09,45.04,12.68,0,0,69.33,119.0,44.91,16.76,1.568,9.15,heavy traffic,199.59
2023-01-26,Hyderabad,20.33,59.4,4.5,0.0,36.3,72.27,42.59,0,0,33.02,118.23,42.8,20.68,1.109,23.51,industrial emissions,182.27
2023-01-27,Bengaluru,17.23,72.72,3.45,0.0,68.15,67.94,57.83,0,0,67.04,117.62,52.74,16.03,1.434,7.69,normal urban conditions,222.97
2023-01-28,Mumbai,17.02,62.39,4.91,0.0,48.01,71.59,58.76,0,0,55.01,78.69,45.77,16.99,1.213,10.17,industrial emissions,168.69
2023-01-29,Delhi,18.25,86.88,1.8,0.0,61.85,55.32,79.65,0,0,95.37,124.73,52.64,16.1,1.401,21.53,"construction activity, low wind",271.5
2023-01-30,Bengaluru,23.03,74.55,2.85,0.0,72.66,43.79,49.65,0,0,50.57,117.22,46.58,8.51,1.465,21.21,normal urban conditions,196.93
2023-01-31,Delhi,13.92,65.27,4.93,0.0,78.35,51.84,40.55,0,0,63.16,125.21,55.24,16.87,1.408,11.42,heavy traffic,250.81
2023-02-01,Hyderabad,22.81,70.96,0.96,0.0,65.03,44.34,21.85,0,0,82.66,114.03,43.89,17.34,1.326,19.78,low wind,206.36
2023-02-02,Chennai,14.82,74.0,3.87,0.0,78.18,78.4,40.31,0,0,50.46,130.16,59.5,18.38,1.747,29.44,"heavy traffic, industrial emissions",254.12
2023-02-03,Chennai,21.15,61.83,3.84,0.0,55.4,70.04,62.15,0,0,76.84,113.72,33.63,13.95,1.307,31.19,industrial emissions,213.99
2023-02-04,Mumbai,25.23,71.72,5.56,0.0,69.93,50.35,63.05,0,0,71.27,124.33,40.49,19.29,1.374,22.51,normal urban conditions,207.27
2023-02-05,Bengaluru,21.97,70.32,1.3,0.0,82.04,35.32,53.29,0,0,76.46,126.56,65.57,13.31,1.502,27.36,"heavy traffic, low wind",235.03
2023-02-06,Bengaluru,21.01,69.25,5.13,0.0,71.31,79.74,58.94,0,0,61.02,83.89,55.55,21.88,1.642,22.09,industrial emissions,205.77
2023-02-07,Hyderabad,18.82,68.21,2.53,0.0,57.53,54.46,73.53,0,0,68.01,112.85,48.39,11.75,1.301,7.75,construction activity,200.52
2023-02-08,Delhi,20.59,71.7,2.66,0.0,61.54,49.66,49.51,0,0,44.87,137.44,40.18,10.99,1.307,7.05,normal urban conditions,193.94
2023-02-09,Mumbai,19.74,70.27,1.73,0.0,82.25,79.89,75.35,0,0,96.7,119.97,53.59,21.03,1.747,14.06,"heavy traffic, construction activity, industrial emissions, low wind",239.55
2023-02-10,Bengaluru,18.14,69.69,1.89,0.0,48.53,42.82,33.47,0,0,66.42,120.08,38.15,16.93,1.067,8.58,low wind,153.67
2023-02-11,Chennai,19.63,61.65,3.68,0.0,50.89,46.26,46.53,0,0,45.88,74.22,38.77,11.01,1.049,23.3,normal urban conditions,159.19
2023-02-12,Delhi,21.1,83.97,1.87,0.0,75.63,47.85,38.38,0,0,90.93,111.02,62.56,14.35,1.32,15.68,"heavy traffic, low wind",273.39
2023-02-13,Bengaluru,18.2,58.56,4.09,0.0,58.97,28.3,63.85,0,0,58.83,81.33,44.28,6.77,1.175,23.96,normal urban conditions,181.32
2023-02-14,Chennai,18.08,73.42,2.4,0.0,42.75,57.68,27.71,0,0,64.87,123.92,40.55,14.12,1.118,22.22,normal urban conditions,180.5
2023-02-15,Chennai,16.42,67.1,1.74,0.0,87.61,38.28,41.56,0,0,78.74,103.36,54.25,12.35,1.567,23.81,"heavy traffic, low wind",216.57
2023-02-16,Hyderabad,21.67,84.22,2.57,0.0,48.41,41.73,10.81,0,0,64.79,127.71,43.21,15.14,1.015,13.3,normal urban conditions,174.16
2023-02-17,Delhi,22.14,57.27,3.6,0.0,62.81,39.32,59.89,0,0,77.12,110.46,34.49,6.97,1.248,26.91,normal urban conditions,199.45
2023-02-18,Mumbai,21.19,59.61,2.87,0.0,56.09,41.43,72.94,0,0,64.98,114.79,29.63,17.59,1.178,15.82,construction activity,164.63
2023-02-19,Chennai,23.4,55.72,3.24,0.0,61.24,36.9,66.21,0,0,73.6,125.55,46.22,12.39,1.309,29.16,normal urban conditions,214.6
2023-02-20,Chennai,20.76,70.5,4.04,0.0,51.85,56.45,64.25,0,0,72.37,87.89,41.58,19.92,1.279,29.52,normal urban conditions,191.75
2023-02-21,Bengaluru,21.68,52.9,4.5,0.0,77.43,49.2,64.79,0,0,73.24,121.37,40.99,16.97,1.415,28.64,heavy traffic,190.12
2023-02-22,Delhi,21.41,62.03,2.83,0.0,67.77,52.86,61.99,0,0,92.46,138.08,35.36,18.02,1.421,21.09,normal urban conditions,242.55
2023-02-23,Delhi,20.23,46.12,1.95,0.0,81.74,94.37,60.29,1,0,97.41,155.81,67.96,28.16,1.737,27.56,"heavy traffic, industrial emissions, low wind, festival fireworks",310.35
2023-02-24,Hyderabad,18.91,70.97,3.29,0.0,56.25,49.2,61.58,0,0,63.96,93.09,39.14,12.53,1.011,9.15,normal urban conditions,160.9
2023-02-25,Hyderabad,27.14,57.8,3.76,0.0,100.0,62.89,34.89,1,0,82.48,106.34,63.46,17.47,1.965,13.68,"heavy traffic, festival fireworks",259.1
2023-02-26,Delhi,19.14,53.52,1.45,0.0,35.53,64.94,44.0,0,0,74.17,127.78,38.17,14.42,1.036,25.37,low wind,224.48
2023-02-27,Bengaluru,18.5,79.7,2.13,0.0,40.64,50.87,49.4,0,0,63.91,134.28,37.85,14.83,1.126,27.77,normal urban conditions,184.22
2023-02-28,Hyderabad,21.8,53.46,2.34,0.0,94.05,56.93,41.29,0,0,78.55,108.2,55.77,18.27,1.667,14.96,heavy traffic,227.89
2023-03-01,Delhi,24.76,72.44,2.95,0.0,76.51,52.37,16.67,0,0,87.03,100.04,50.55,18.76,1.418,23.03,heavy traffic,254.46
2023-03-02,Delhi,19.79,60.94,2.29,0.0,74.39,55.65,23.3,0,0,91.84,120.98,55.12,14.76,1.433,24.64,normal urban conditions,267.28
2023-03-03,Hyderabad,27.37,78.66,4.05,0.0,75.83,41.44,52.6,0,0,66.54,92.98,45.59,10.02,1.429,19.31,heavy traffic,198.77
2023-03-04,Bengaluru,23.72,72.69,1.27,0.0,78.07,43.1,66.12,0,0,74.97,126.32,49.76,14.12,1.46,19.95,"heavy traffic, low wind",209.48
2023-03-05,Chennai,20.67,57.25,1.3,0.0,73.72,52.3,48.19,0,0,101.47,117.45,55.56,12.81,1.488,26.79,low wind,229.14
2023-03-06,Hyderabad,27.57,53.33,2.8,0.0,53.47,16.51,100.0,0,0,71.0,137.76,39.31,7.91,0.951,27.52,construction activity,187.17
2023-03-07,Mumbai,25.88,69.74,2.99,0.0,82.02,78.93,29.6,0,0,86.75,127.44,51.54,21.64,1.711,24.65,"heavy traffic, industrial emissions",237.96
2023-03-08,Chennai,20.21,65.03,1.45,0.0,79.5,90.9,56.9,0,0,99.55,154.56,61.47,23.0,1.682,14.43,"heavy traffic, industrial emissions, low wind",245.36
2023-03-09,Hyderabad,29.33,59.57,2.47,0.0,91.78,55.07,73.82,0,0,83.3,82.71,54.78,18.31,1.799,26.77,"heavy traffic, construction activity",228.03
2023-03-10,Mumbai,25.98,76.34,2.72,0.0,97.16,63.98,69.31,0,0,92.25,100.86,61.53,16.22,1.695,20.34,heavy traffic,241.8
2023-03-11,Hyderabad,23.97,57.53,2.73,0.0,74.22,71.46,61.1,0,0,90.25,153.29,62.82,21.46,1.504,21.87,industrial emissions,277.48
2023-03-12,Delhi,28.77,62.57,3.38,0.0,49.29,28.16,69.41,0,0,54.64,91.36,37.46,11.55,0.977,22.53,normal urban conditions,168.45
2023-03-13,Mumbai,24.48,74.21,2.41,0.0,97.29,68.71,49.11,0,0,99.05,108.79,75.81,17.14,2.021,22.37,heavy traffic,274.94
2023-03-14,Hyderabad,23.92,73.15,4.97,0.0,52.64,44.32,81.26,0,0,60.73,106.65,39.22,10.8,1.209,16.3,construction activity,183.31
2023-03-15,Chennai,22.02,64.79,3.79,0.0,74.34,93.23,73.66,0,0,77.09,126.02,56.35,15.65,1.633,22.42,"construction activity, industrial emissions",241.67
2023-03-16,Bengaluru,25.75,60.89,2.23,0.0,64.82,48.61,30.96,0,0,85.66,120.12,46.56,10.09,1.385,22.3,normal urban conditions,224.77
2023-03-17,Bengaluru,25.43,46.61,3.31,0.0,62.04,68.35,54.43,0,0,76.74,127.51,49.12,18.58,1.446,19.87,normal urban conditions,210.11
2023-03-18,Hyderabad,24.04,54.41,3.35,0.0,81.16,48.79,17.05,0,0,69.98,115.52,53.52,12.08,1.539,11.06,heavy traffic,235.93
2023-03-19,Delhi,21.63,69.84,4.66,0.0,72.84,91.54,78.44,0,0,89.07,136.26,49.45,16.71,1.729,28.15,"construction activity, industrial emissions",269.66
2023-03-20,Mumbai,24.39,63.35,2.48,0.0,77.14,42.78,52.48,0,0,59.17,129.95,48.49,12.59,1.437,29.04,heavy traffic,219.22
2023-03-21,Chennai,23.79,65.9,4.12,0.0,55.88,72.97,74.98,0,0,67.36,114.26,41.54,19.51,1.372,17.54,"construction activity, industrial emissions",180.46
2023-03-22,Delhi,20.0,78.19,3.25,0.0,66.14,63.28,45.81,0,0,59.14,104.07,55.07,18.37,1.299,24.39,normal urban conditions,247.5
2023-03-23,Chennai,19.58,56.22,4.99,0.0,56.62,59.28,10.87,0,0,49.7,108.03,30.83,16.4,1.401,14.85,normal urban conditions,170.84
2023-03-24,Bengaluru,25.7,61.45,4.75,0.0,65.74,56.12,100.0,0,0,76.66,134.44,46.45,15.8,1.34,22.61,construction activity,199.22
2023-03-25,Mumbai,16.19,72.35,3.44,0.0,67.03,39.99,50.62,0,0,68.86,96.47,35.24,11.78,1.195,14.51,normal urban conditions,136.93
2023-03-26,Bengaluru,24.62,57.53,2.89,0.0,98.44,10.0,28.0,0,0,80.8,117.3,53.54,10.5,1.451,22.69,heavy traffic,215.07
2023-03-27,Chennai,22.57,80.32,3.81,0.0,64.78,71.34,70.92,0,0,63.86,119.29,46.92,17.88,1.418,25.3,"construction activity, industrial emissions",204.31
2023-03-28,Delhi,27.92,71.34,2.98,0.0,34.92,43.2,88.72,0,0,56.63,97.55,22.43,13.68,0.864,21.98,construction activity,187.73
2023-03-29,Delhi,22.52,68.94,5.22,0.0,91.25,73.05,43.95,0,0,79.98,110.55,63.68,21.8,1.846,19.74,"heavy traffic, industrial emissions",271.27
2023-03-30,Bengaluru,25.98,81.56,3.29,0.0,76.12,58.33,46.02,0,0,80.46,95.82,36.54,18.71,1.591,27.7,heavy traffic,190.04
2023-03-31,Chennai,22.81,50.84,2.71,0.0,66.83,73.6,52.76,0,0,64.84,58.07,51.67,18.22,1.337,24.88,industrial emissions,187.27
2023-04-01,Delhi,27.84,62.23,2.65,0.0,63.0,66.43,25.78,0,0,82.36,113.13,53.2,16.65,1.363,21.7,normal urban conditions,242.06
2023-04-02,Bengaluru,29.71,64.67,1.74,0.0,54.85,10.0,34.19,0,0,73.54,116.55,44.01,7.6,0.933,28.27,low wind,218.31
2023-04-03,Delhi,26.11,54.38,3.87,0.0,100.0,63.07,83.64,0,0,95.2,116.72,51.31,11.03,1.815,32.79,"heavy traffic, construction activity",246.31
2023-04-04,Bengaluru,30.49,63.46,2.22,0.0,70.83,45.81,45.36,0,0,59.92,130.18,45.32,17.62,1.511,34.55,normal urban conditions,196.13
2023-04-05,Bengaluru,24.52,53.57,4.52,0.0,42.2,72.97,31.25,0,0,54.08,80.47,46.71,16.62,1.129,15.78,industrial emissions,175.77
2023-04-06,Delhi,28.38,68.84,1.65,0.0,75.24,62.64,38.96,0,0,87.63,141.83,61.05,19.59,1.654,16.43,"heavy traffic, low wind",298.37
2023-04-07,Bengaluru,30.27,71.19,3.35,0.0,89.3,62.85,69.46,0,0,85.58,135.06,65.17,17.18,1.687,33.1,heavy traffic,268.45
2023-04-08,Chennai,29.48,63.89,4.58,0.0,72.5,47.1,8.48,1,0,77.54,153.35,61.84,18.71,1.528,24.53,festival fireworks,265.62
2023-04-09,Chennai,33.25,40.0,0.62,0.0,55.57,35.57,53.09,0,0,71.09,124.41,39.44,14.28,1.105,16.09,low wind,176.85
2023-04-10,Delhi,25.21,54.49,5.62,0.0,54.14,44.21,97.24,0,0,79.43,100.21,39.9,16.81,1.131,20.22,construction activity,202.23
2023-04-11,Mumbai,23.36,71.09,2.69,0.0,55.32,19.6,88.62,0,0,76.58,142.05,34.64,8.36,1.03,19.24,construction activity,172.15
2023-04-12,Mumbai,24.52,64.85,3.37,0.0,94.35,41.37,59.46,0,0,84.08,155.75,43.23,9.76,1.734,21.51,heavy traffic,212.83
2023-04-13,Hyderabad,29.48,34.22,3.89,0.0,68.85,25.65,74.33,0,0,70.48,84.88,41.09,11.55,1.243,35.46,construction activity,202.64
2023-04-14,Delhi,28.99,73.93,4.07,0.0,43.14,26.12,74.14,0,0,70.04,127.93,19.77,5.43,0.941,18.57,construction activity,166.23
2023-04-15,Chennai,27.81,63.7,3.53,0.0,76.15,54.1,45.48,0,0,81.56,137.11,47.4,14.25,1.539,32.2,heavy traffic,231.54
2023-04-16,Bengaluru,24.13,56.72,4.4,0.0,72.26,61.61,66.5,0,0,70.96,112.37,40.69,13.29,1.416,26.46,normal urban conditions,184.2
2023-04-17,Chennai,29.8,70.89,3.82,0.0,62.82,51.43,83.77,0,0,67.11,71.79,47.2,12.71,1.339,16.88,construction activity,173.2
2023-04-18,Delhi,23.83,58.35,5.31,0.0,53.67,43.02,22.72,0,0,32.51,76.78,32.95,15.67,1.102,21.87,normal urban conditions,163.85
2023-04-19,Delhi,30.98,53.23,3.83,0.0,52.98,34.95,59.53,0,0,32.25,75.87,26.82,14.18,1.213,32.11,normal urban conditions,180.07
2023-04-20,Chennai,36.07,60.13,5.56,0.0,87.39,46.29,55.23,0,0,67.63,139.89,55.99,13.92,1.61,30.9,heavy traffic,232.49
2023-04-21,Mumbai,28.6,79.59,4.28,0.0,73.96,37.2,50.06,0,0,62.23,106.08,41.78,13.91,1.416,26.83,normal urban conditions,207.86
2023-04-22,Bengaluru,29.25,77.56,1.03,0.0,77.66,50.87,48.29,0,0,85.42,117.44,50.85,13.52,1.324,20.67,"heavy traffic, low wind",229.49
2023-04-23,Chennai,26.02,67.18,6.33,0.0,73.92,24.61,52.63,0,0,60.27,95.96,34.54,18.22,1.341,28.13,normal urban conditions,167.64
2023-04-24,Delhi,22.07,70.98,2.51,0.0,75.24,64.62,54.31,0,0,82.62,129.34,60.4,18.24,1.526,18.83,heavy traffic,267.07
2023-04-25,Delhi,25.69,71.73,4.99,0.0,62.51,41.79,70.37,0,0,80.55,124.88,42.74,11.92,1.136,41.35,construction activity,239.74
2023-04-26,Delhi,24.22,52.28,3.23,0.0,66.71,58.77,57.53,0,0,66.46,97.53,44.55,19.03,1.411,15.81,normal urban conditions,204.36
2023-04-27,Delhi,23.16,72.03,4.47,0.0,88.64,67.97,44.44,0,0,68.19,116.23,45.42,21.6,1.6,40.98,heavy traffic,251.64
2023-04-28,Delhi,32.67,51.59,2.37,0.0,92.63,57.9,31.2,0,0,69.87,101.11,74.0,13.94,1.758,23.12,heavy traffic,297.93
2023-04-29,Chennai,28.32,65.16,3.95,0.0,50.45,66.38,38.55,0,0,68.04,64.0,54.58,13.37,1.368,34.65,normal urban conditions,204.78
2023-04-30,Bengaluru,28.64,59.48,2.9,0.0,66.67,14.8,53.22,0,0,73.36,128.43,48.48,5.71,0.996,32.41,normal urban conditions,188.74
2023-05-01,Chennai,29.14,66.42,5.09,0.0,82.36,43.13,33.88,0,0,55.59,111.07,44.59,11.89,1.495,19.69,heavy traffic,185.73
2023-05-02,Chennai,29.54,62.3,3.73,0.0,99.04,71.86,66.92,1,0,89.62,133.84,59.53,18.33,1.856,30.97,"heavy traffic, industrial emissions, festival fireworks",267.85
2023-05-03,Chennai,32.96,28.0,4.32,0.0,97.44,61.17,56.6,0,0,92.15,122.94,61.48,11.9,1.627,29.29,heavy traffic,242.15
2023-05-04,Mumbai,29.97,62.61,0.6,0.0,56.2,85.27,70.87,0,0,79.33,121.7,47.32,19.39,1.509,28.89,"construction activity, industrial emissions, low wind",227.27
2023-05-05,Mumbai,31.65,66.06,3.1,0.0,89.33,82.68,35.22,0,0,97.07,146.78,55.83,19.6,1.868,28.52,"heavy traffic, industrial emissions",232.56
2023-05-06,Chennai,29.47,65.63,3.69,0.0,69.87,57.39,31.38,0,0,61.24,93.32,57.35,17.16,1.595,23.89,normal urban conditions,224.93
2023-05-07,Mumbai,29.04,60.45,3.47,0.0,85.64,47.46,70.72,0,0,84.35,142.22,52.54,16.43,1.602,23.69,"heavy traffic, construction activity",236.9
2023-05-08,Delhi,25.84,80.13,4.35,0.0,81.54,34.75,50.6,0,0,79.4,94.07,40.99,13.76,1.367,24.98,heavy traffic,234.91
2023-05-09,Bengaluru,24.13,68.02,2.76,0.0,48.7,43.44,43.95,0,0,66.53,113.2,44.6,19.33,1.136,16.78,normal urban conditions,167.93
2023-05-10,Chennai,29.28,65.68,3.26,0.0,77.73,44.65,61.97,0,0,73.09,117.72,46.11,17.43,1.553,20.16,heavy traffic,203.72
2023-05-11,Chennai,30.23,71.08,4.62,0.0,85.02,41.32,61.23,0,0,85.53,144.54,38.15,14.28,1.481,32.78,heavy traffic,224.29
2023-05-12,Chennai,26.2,67.08,0.47,0.0,68.61,35.47,22.88,0,0,79.23,100.63,40.8,9.76,1.354,27.36,low wind,185.64
2023-05-13,Delhi,29.96,51.85,3.91,0.0,64.99,59.23,75.69,0,0,108.59,130.95,43.75,14.45,1.197,19.11,construction activity,244.36
2023-05-14,Bengaluru,30.22,36.26,2.8,0.0,43.78,82.54,39.79,0,0,47.56,70.34,46.11,15.92,1.389,23.25,industrial emissions,175.68
2023-05-15,Chennai,23.59,60.51,2.11,0.0,79.87,68.8,82.0,1,0,85.54,118.8,57.61,18.47,1.685,8.76,"heavy traffic, construction activity, festival fireworks",221.18
2023-05-16,Bengaluru,27.32,70.29,3.6,0.0,72.27,46.2,21.33,0,0,73.81,117.52,54.74,15.39,1.191,30.96,normal urban conditions,234.24
2023-05-17,Chennai,31.28,56.37,4.67,0.0,54.17,70.25,54.35,0,0,61.44,75.24,42.61,20.92,1.352,33.26,industrial emissions,182.47
2023-05-18,Chennai,31.22,67.96,4.45,0.0,63.71,58.24,44.29,1,0,80.38,112.63,42.73,17.12,1.205,19.4,festival fireworks,196.78
2023-05-19,Hyderabad,26.6,64.67,3.04,0.0,71.4,51.27,8.5,0,0,53.36,107.04,56.21,18.36,1.366,29.42,normal urban conditions,230.21
2023-05-20,Delhi,30.54,73.3,4.25,0.0,59.99,50.14,61.16,0,0,65.65,109.72,48.6,18.25,1.325,39.9,normal urban conditions,261.75
2023-05-21,Hyderabad,33.13,55.66,4.24,0.0,68.97,48.4,9.52,0,0,59.28,101.95,44.52,11.66,1.357,18.77,normal urban conditions,191.29
2023-05-22,Mumbai,32.39,63.8,3.1,0.0,40.93,63.72,42.17,0,0,55.65,74.68,41.33,15.64,1.224,23.85,normal urban conditions,191.91
2023-05-23,Delhi,29.78,66.02,2.37,0.0,90.52,54.51,70.09,0,0,93.61,131.82,54.61,15.69,1.668,15.53,"heavy traffic, construction activity",259.59
2023-05-24,Delhi,28.66,76.76,2.44,0.0,69.18,38.89,37.4,0,0,57.74,103.31,39.17,11.1,1.311,31.19,normal urban conditions,214.78
2023-05-25,Bengaluru,28.17,45.01,4.21,0.0,51.34,38.02,29.93,1,0,59.9,100.57,50.25,12.35,1.182,27.42,festival fireworks,196.42
2023-05-26,Hyderabad,31.47,55.19,3.15,0.0,29.57,57.51,64.01,0,0,71.9,119.36,30.71,17.1,0.923,25.9,normal urban conditions,193.7
2023-05-27,Hyderabad,30.65,68.83,1.94,0.0,85.39,59.72,43.01,0,0,74.86,110.74,58.83,16.19,1.631,28.19,"heavy traffic, low wind",250.86
2023-05-28,Bengaluru,31.95,74.89,1.18,0.0,77.86,46.36,39.9,0,0,71.57,105.26,43.35,14.42,1.471,22.69,"heavy traffic, low wind",181.47
2023-05-29,Hyderabad,30.46,62.88,4.2,0.0,72.3,31.62,73.5,0,0,78.8,104.2,48.18,9.23,1.302,24.39,construction activity,212.98
2023-05-30,Bengaluru,32.52,56.11,2.54,0.0,82.75,74.52,24.65,0,0,67.79,126.34,51.06,20.44,1.783,31.08,"heavy traffic, industrial emissions",236.29
2023-05-31,Delhi,30.35,68.13,3.6,0.0,82.7,70.69,38.81,0,0,87.39,103.12,66.32,19.61,1.613,22.24,"heavy traffic, industrial emissions",297.31
2023-06-01,Chennai,33.35,67.14,4.69,2.0,69.11,16.23,65.33,0,0,54.26,106.38,49.67,7.31,1.11,25.01,normal urban conditions,173.12
2023-06-02,Hyderabad,33.61,54.67,1.63,4.89,61.93,76.11,23.36,0,0,63.59,138.13,55.2,15.3,1.365,28.83,"industrial emissions, rain, low wind",239.34
2023-06-03,Delhi,28.59,65.09,3.15,0.55,59.33,48.24,83.51,0,0,87.72,150.63,44.11,18.41,1.08,26.55,construction activity,242.56
2023-06-04,Chennai,25.58,75.7,3.0,1.09,72.74,55.42,43.66,0,0,83.06,131.71,49.0,21.11,1.574,27.19,normal urban conditions,233.38
2023-06-05,Bengaluru,35.63,75.76,3.66,2.23,88.35,72.49,65.49,0,0,87.5,132.98,58.4,19.3,1.673,32.59,"heavy traffic, industrial emissions",238.26
2023-06-06,Delhi,31.77,66.99,4.69,1.53,64.35,81.75,65.45,0,0,49.23,97.47,52.63,18.99,1.494,16.94,industrial emissions,229.07
2023-06-07,Delhi,25.86,64.14,1.6,1.36,89.62,70.05,44.95,0,0,98.3,117.9,61.68,21.35,1.87,34.38,"heavy traffic, industrial emissions, low wind",302.44
2023-06-08,Delhi,28.86,61.06,3.88,4.45,71.97,56.34,38.42,0,0,48.7,91.57,54.85,17.43,1.44,26.96,rain,225.85
2023-06-09,Mumbai,33.32,64.05,4.44,0.43,72.09,27.24,47.14,0,0,55.66,112.75,37.01,10.73,1.32,26.32,normal urban conditions,196.4
2023-06-10,Delhi,30.16,59.53,2.98,0.5,100.0,15.53,62.25,0,0,77.78,127.82,61.7,12.39,1.43,21.12,heavy traffic,240.81
2023-06-11,Bengaluru,29.46,63.07,3.04,0.25,92.44,67.81,28.27,0,0,101.09,148.41,57.51,15.42,1.878,40.56,heavy traffic,272.53
2023-06-12,Hyderabad,35.2,46.58,3.7,2.3,92.86,76.16,23.93,0,0,71.33,133.32,56.6,17.11,1.812,48.29,"heavy traffic, industrial emissions",236.78
2023-06-13,Chennai,27.86,75.27,3.61,1.19,53.24,37.34,77.68,0,0,49.54,98.62,40.54,14.06,1.031,37.35,construction activity,181.35
2023-06-14,Bengaluru,28.61,50.37,3.9,4.07,100.0,47.14,33.3,0,0,82.01,123.96,60.31,14.89,1.651,28.54,"heavy traffic, rain",245.96
2023-06-15,Bengaluru,31.63,55.33,3.87,2.1,64.68,41.97,55.08,0,0,66.44,77.26,32.91,15.63,1.413,31.17,normal urban conditions,186.44
2023-06-16,Hyderabad,32.17,60.26,2.02,0.87,62.36,41.49,43.96,0,0,76.33,158.13,41.68,17.22,1.2,38.9,normal urban conditions,229.02
2023-06-17,Delhi,32.49,78.97,4.39,0.71,31.45,71.35,44.84,0,0,68.31,104.16,22.92,13.76,0.976,24.71,industrial emissions,181.44
2023-06-18,Delhi,33.73,53.96,4.6,1.43,71.22,55.93,76.61,0,0,85.01,139.68,43.68,16.07,1.406,33.87,construction activity,258.89
2023-06-19,Bengaluru,31.6,53.02,3.42,0.34,48.67,47.87,46.3,0,0,48.08,89.16,35.16,20.36,1.125,30.61,normal urban conditions,185.74
2023-06-20,Delhi,32.47,53.56,1.41,4.54,72.53,99.84,40.86,0,0,70.8,105.12,62.63,21.18,1.732,42.86,"industrial emissions, rain, low wind",304.76
2023-06-21,Delhi,30.22,77.23,3.06,1.13,47.41,26.18,42.61,0,0,62.18,102.48,29.85,9.04,1.012,35.41,normal urban conditions,181.03
2023-06-22,Mumbai,31.19,31.84,3.43,0.18,94.76,61.86,37.93,0,0,74.26,92.83,55.96,10.18,1.777,30.37,heavy traffic,223.83
2023-06-23,Chennai,31.32,49.85,1.83,5.36,74.83,33.12,34.6,0,0,59.62,59.22,55.69,12.6,1.398,39.92,"rain, low wind",186.85
2023-06-24,Hyderabad,31.65,86.96,2.77,1.46,100.0,49.17,38.01,0,0,74.11,136.02,71.9,16.61,1.723,24.94,heavy traffic,252.76
2023-06-25,Bengaluru,33.32,64.39,1.51,3.06,49.63,54.68,81.26,0,0,80.22,134.74,37.46,17.48,1.339,24.78,"construction activity, rain, low wind",190.54
2023-06-26,Hyderabad,32.67,47.87,3.93,0.89,90.79,67.2,62.23,0,0,84.35,109.25,64.34,14.64,1.704,28.22,heavy traffic,267.67
2023-06-27,Delhi,31.13,59.59,3.4,5.52,37.16,47.3,41.1,1,0,49.76,105.38,36.83,14.54,1.088,29.0,"rain, festival fireworks",198.24
2023-06-28,Mumbai,28.57,62.47,1.23,0.59,69.33,45.39,67.63,0,0,69.48,130.05,38.52,14.93,1.306,20.72,low wind,188.38
2023-06-29,Delhi,31.2,68.42,3.62,1.19,55.89,46.98,16.26,0,0,65.17,93.35,36.54,14.67,1.088,23.33,normal urban conditions,207.82
2023-06-30,Bengaluru,30.92,78.55,3.13,5.41,58.83,32.56,75.51,0,0,62.59,118.42,21.94,8.93,1.018,15.47,"construction activity, rain",129.25
2023-07-01,Delhi,30.64,64.24,3.82,0.75,53.74,63.38,73.9,0,0,79.63,141.72,45.45,17.37,1.299,21.39,construction activity,217.03
2023-07-02,Mumbai,36.68,50.72,2.73,2.35,47.36,57.06,92.73,0,0,48.02,76.25,34.67,13.69,1.254,33.73,construction activity,164.09
2023-07-03,Chennai,28.49,69.73,2.24,2.7,41.84,59.83,68.23,0,0,67.46,123.38,40.99,10.96,1.019,32.6,normal urban conditions,189.71
2023-07-04,Hyderabad,31.33,52.89,2.27,4.66,54.92,50.75,56.74,0,0,54.26,109.07,58.72,17.16,1.143,35.28,rain,237.53
2023-07-05,Hyderabad,33.27,48.18,2.55,2.18,63.86,48.53,73.82,0,0,71.18,151.09,55.46,15.18,1.338,33.52,construction activity,240.98
2023-07-06,Hyderabad,30.36,42.95,3.22,1.56,80.62,73.16,35.48,0,0,82.92,131.47,51.8,20.48,1.656,18.84,"heavy traffic, industrial emissions",244.05
2023-07-07,Bengaluru,37.08,40.2,3.38,4.25,66.73,70.39,40.09,0,0,65.06,101.21,44.33,16.66,1.426,27.54,"industrial emissions, rain",209.54
2023-07-08,Mumbai,28.93,52.59,2.97,2.65,80.66,77.47,46.72,0,0,78.22,113.96,65.34,21.27,1.58,26.22,"heavy traffic, industrial emissions",267.03
2023-07-09,Bengaluru,31.03,48.3,2.69,1.3,38.35,58.71,75.38,0,0,63.5,148.09,32.05,19.46,1.087,36.01,construction activity,194.32
2023-07-10,Chennai,27.67,65.57,2.78,5.62,55.07,76.35,30.88,0,0,44.8,85.92,53.81,24.48,1.421,21.45,"industrial emissions, rain",192.19
2023-07-11,Hyderabad,29.01,49.5,6.21,2.86,73.38,44.51,28.76,0,0,33.88,94.41,60.75,16.56,1.437,19.48,normal urban conditions,197.02
2023-07-12,Hyderabad,30.81,28.8,2.28,6.5,67.49,48.38,52.73,1,0,78.83,116.16,51.65,15.9,1.352,41.63,"rain, festival fireworks",228.92
2023-07-13,Delhi,32.6,48.54,2.53,0.86,48.22,73.51,62.35,0,0,65.76,131.26,52.09,14.62,1.185,24.96,industrial emissions,227.24
2023-07-14,Mumbai,31.02,55.37,7.15,4.64,76.95,67.18,33.94,0,0,55.91,121.36,55.5,17.43,1.602,20.52,"heavy traffic, rain",219.55
2023-07-15,Chennai,33.84,52.06,3.71,0.19,53.5,46.77,61.41,0,0,69.04,113.74,36.9,10.22,1.192,31.96,normal urban conditions,207.8
2023-07-16,Hyderabad,29.78,76.15,1.54,4.23,49.56,33.17,75.37,0,0,75.29,113.19,40.36,9.85,0.939,24.89,"construction activity, rain, low wind",195.01
2023-07-17,Mumbai,29.07,55.32,4.21,0.33,69.79,48.33,72.01,0,0,71.66,109.63,40.39,20.6,1.353,23.85,construction activity,201.35
2023-07-18,Hyderabad,38.17,63.89,2.11,2.12,62.1,39.67,55.07,0,0,63.98,78.5,51.74,10.28,1.263,31.33,normal urban conditions,221.56
2023-07-19,Hyderabad,31.24,59.74,4.29,2.78,53.63,83.04,46.19,0,0,59.39,106.9,40.33,13.26,1.386,21.53,industrial emissions,182.08
2023-07-20,Hyderabad,27.9,61.84,2.95,1.34,53.09,65.68,82.71,0,0,80.55,126.78,48.98,19.95,1.124,22.34,construction activity,237.4
2023-07-21,Bengaluru,27.98,53.86,2.67,1.76,44.88,38.21,48.31,0,0,33.47,71.21,43.28,11.09,0.967,26.67,normal urban conditions,170.23
2023-07-22,Mumbai,27.23,62.15,5.13,0.45,55.67,33.19,66.81,0,0,64.77,78.57,33.68,14.61,1.061,11.27,normal urban conditions,158.77
2023-07-23,Bengaluru,32.87,51.14,3.88,3.84,79.6,37.99,87.17,0,0,63.05,116.46,43.86,9.57,1.478,36.63,"heavy traffic, construction activity, rain",225.44
2023-07-24,Hyderabad,28.97,63.22,4.37,2.24,65.91,41.94,64.71,0,0,59.21,113.16,42.18,12.43,1.5,16.74,normal urban conditions,206.28
2023-07-25,Chennai,30.44,58.13,3.72,0.59,77.34,49.0,28.06,0,0,64.11,113.56,44.37,18.43,1.483,21.2,heavy traffic,200.46
2023-07-26,Delhi,29.87,51.44,2.67,2.32,70.26,72.06,23.22,1,0,77.37,97.99,53.85,14.56,1.43,35.26,"industrial emissions, festival fireworks",254.21
2023-07-27,Delhi,32.26,69.14,3.93,2.4,52.2,34.6,42.05,0,0,36.72,94.72,31.54,12.03,1.071,31.43,normal urban conditions,180.31
2023-07-28,Hyderabad,27.52,66.8,4.65,1.86,35.61,93.21,62.19,0,0,61.42,105.32,36.53,22.79,1.237,25.73,industrial emissions,197.66
2023-07-29,Hyderabad,26.84,58.53,3.36,0.01,47.17,35.02,56.9,0,0,62.77,124.47,39.18,10.45,1.087,13.78,normal urban conditions,178.49
2023-07-30,Bengaluru,30.74,61.74,5.36,1.13,51.26,26.64,92.14,0,0,31.1,71.83,37.08,11.99,1.124,23.26,construction activity,144.58
2023-07-31,Hyderabad,31.87,58.66,4.22,3.79,50.02,82.39,56.7,0,0,46.82,117.62,43.66,20.23,1.456,26.97,"industrial emissions, rain",204.92
2023-08-01,Chennai,28.5,53.18,3.45,2.93,73.7,75.78,41.45,0,0,79.16,146.53,44.14,20.73,1.632,26.29,industrial emissions,209.69
2023-08-02,Hyderabad,25.07,64.95,3.5,2.85,73.53,48.72,25.33,0,0,67.76,110.95,55.51,20.32,1.425,31.98,normal urban conditions,233.23
2023-08-03,Delhi,29.53,54.92,3.36,2.22,93.39,58.86,71.61,0,0,85.98,135.35,55.53,24.44,1.843,41.61,"heavy traffic, construction activity",276.42
2023-08-04,Delhi,25.27,54.66,1.7,4.19,45.78,59.32,47.88,0,0,55.23,116.28,54.6,17.88,1.127,29.64,"rain, low wind",247.73
2023-08-05,Chennai,25.94,47.42,3.09,0.85,83.56,54.46,17.88,1,0,84.51,102.06,53.14,15.38,1.584,22.83,"heavy traffic, festival fireworks",222.86
2023-08-06,Delhi,24.67,60.95,3.47,0.64,83.46,28.66,48.45,0,0,56.14,94.17,49.1,12.91,1.404,32.75,heavy traffic,230.37
2023-08-07,Chennai,31.4,65.49,2.7,7.91,54.28,10.0,28.09,0,0,35.77,88.51,31.8,7.9,0.791,23.29,rain,147.49
2023-08-08,Mumbai,29.4,54.27,3.61,0.74,65.58,36.79,39.49,0,0,45.41,130.28,44.41,8.13,1.359,9.29,normal urban conditions,160.95
2023-08-09,Delhi,29.31,86.49,3.23,0.28,77.85,84.69,48.12,0,0,85.45,103.33,78.51,20.41,1.746,15.0,"heavy traffic, industrial emissions",286.61
2023-08-10,Mumbai,31.24,68.79,4.13,1.31,57.06,85.4,29.9,0,0,54.12,128.65,46.71,23.91,1.257,10.32,industrial emissions,179.46
2023-08-11,Bengaluru,35.94,69.69,4.0,1.93,55.82,47.29,38.25,0,0,62.34,102.86,48.53,10.17,1.284,26.72,normal urban conditions,205.27
2023-08-12,Hyderabad,22.37,74.09,3.4,4.22,47.96,34.76,33.12,0,0,50.75,96.42,36.64,9.61,1.01,20.17,rain,174.42
2023-08-13,Bengaluru,25.28,82.63,1.56,1.13,20.24,57.01,33.65,0,0,51.56,119.63,39.26,14.38,0.914,10.84,low wind,175.97
2023-08-14,Bengaluru,25.65,55.97,5.35,1.12,59.13,59.9,27.84,0,0,60.37,140.01,31.44,17.7,1.325,19.41,normal urban conditions,194.25
2023-08-15,Hyderabad,24.95,38.73,3.03,1.75,46.64,62.81,38.34,0,0,46.45,102.05,53.32,24.18,1.078,17.09,normal urban conditions,203.59
2023-08-16,Bengaluru,24.27,60.35,3.1,0.91,40.79,10.0,30.11,0,0,40.78,110.16,30.82,6.17,0.802,23.22,normal urban conditions,129.75
2023-08-17,Chennai,26.6,68.76,2.79,0.19,64.76,100.0,59.73,0,0,81.76,106.93,54.65,23.27,1.555,18.4,industrial emissions,207.29
2023-08-18,Hyderabad,23.85,66.62,2.61,0.32,34.78,72.38,52.02,0,0,72.83,106.34,44.98,18.6,1.004,30.19,industrial emissions,200.49
2023-08-19,Delhi,28.51,64.6,5.05,5.26,70.9,48.44,71.89,0,0,63.15,86.65,46.43,13.85,1.461,27.11,"construction activity, rain",222.87
2023-08-20,Hyderabad,27.66,75.65,4.86,3.44,65.74,39.07,85.73,0,0,73.8,111.36,35.07,13.11,1.305,35.37,"construction activity, rain",178.07
2023-08-21,Chennai,28.94,65.36,3.73,1.68,51.6,69.77,61.55,0,0,66.37,122.34,29.54,16.77,1.408,22.89,normal urban conditions,164.38
2023-08-22,Mumbai,29.02,69.47,3.07,2.92,56.99,60.92,56.99,1,0,45.91,100.09,56.11,24.98,1.268,40.64,festival fireworks,230.04
2023-08-23,Chennai,29.31,51.89,3.94,3.54,38.96,53.66,62.81,0,0,44.79,127.22,34.47,17.83,0.962,27.91,rain,183.45
2023-08-24,Hyderabad,26.38,52.38,3.29,0.8,70.01,60.25,57.33,0,0,87.97,164.84,46.03,15.27,1.503,22.52,normal urban conditions,224.4
2023-08-25,Bengaluru,33.86,74.24,2.97,4.8,61.0,49.97,49.0,0,0,58.12,102.01,41.4,18.55,1.215,44.58,rain,205.64
2023-08-26,Mumbai,28.2,63.07,3.61,2.97,62.19,59.23,47.41,0,0,43.12,80.79,54.94,17.25,1.327,13.14,normal urban conditions,213.26
2023-08-27,Chennai,21.91,60.23,2.67,2.09,66.03,65.07,27.57,0,0,72.07,133.24,46.96,17.59,1.475,18.96,normal urban conditions,187.3
2023-08-28,Delhi,24.49,58.44,3.5,4.39,47.72,58.18,64.78,0,0,61.86,131.92,44.43,15.76,1.162,12.8,rain,229.02
2023-08-29,Mumbai,22.28,59.71,3.45,3.07,33.7,57.24,47.37,0,0,41.82,99.99,33.11,15.41,0.959,10.22,rain,152.23
2023-08-30,Hyderabad,27.55,55.42,3.92,2.9,73.32,77.07,76.99,0,0,73.55,132.1,46.04,15.67,1.48,12.03,"construction activity, industrial emissions",224.8
2023-08-31,Hyderabad,27.13,49.97,2.46,0.52,69.02,23.25,66.3,0,0,59.74,117.64,48.34,5.7,1.293,31.24,normal urban conditions,216.76
2023-09-01,Hyderabad,22.59,50.98,4.05,3.66,46.51,37.64,35.48,0,0,46.26,76.16,41.96,14.13,1.004,15.01,rain,162.0
2023-09-02,Delhi,30.03,58.83,2.11,2.63,61.62,52.48,72.93,1,0,83.51,104.45,42.3,14.82,1.354,25.68,"construction activity, festival fireworks",232.27
2023-09-03,Mumbai,25.65,57.92,2.51,0.62,75.2,38.86,5.0,0,0,50.92,92.87,48.11,15.85,1.424,31.4,heavy traffic,185.41
2023-09-04,Delhi,26.18,74.55,2.57,2.11,73.29,44.87,86.6,0,0,80.78,122.36,49.33,11.51,1.486,26.7,construction activity,238.71
2023-09-05,Hyderabad,21.21,69.89,1.91,0.37,46.04,75.18,21.23,0,0,61.4,108.58,47.91,15.73,1.235,24.17,"industrial emissions, low wind",208.51
2023-09-06,Mumbai,21.0,69.75,4.42,1.44,31.25,49.32,57.9,0,0,61.79,105.93,43.26,17.22,0.893,29.68,normal urban conditions,197.63
2023-09-07,Hyderabad,24.11,57.49,2.04,10.64,34.0,19.07,56.55,0,0,43.29,63.6,27.35,9.17,0.684,35.63,rain,158.83
2023-09-08,Hyderabad,24.52,63.43,2.36,0.48,50.08,44.38,70.47,0,0,67.92,76.38,38.09,16.67,1.074,15.11,construction activity,198.47
2023-09-09,Bengaluru,18.43,72.51,4.71,0.19,78.47,53.05,41.43,0,0,67.74,124.05,48.73,15.59,1.537,22.82,heavy traffic,202.69
2023-09-10,Hyderabad,23.46,72.54,2.52,0.32,43.42,52.71,5.09,0,0,65.02,92.45,33.37,21.07,1.022,20.29,normal urban conditions,196.37
2023-09-11,Bengaluru,24.04,64.03,2.97,1.42,45.53,62.01,41.45,0,0,58.93,100.0,30.8,19.19,1.194,22.51,normal urban conditions,170.91
2023-09-12,Hyderabad,23.35,76.24,1.99,3.28,45.2,60.54,43.62,0,0,72.07,104.25,42.7,17.92,1.273,11.12,"rain, low wind",180.38
2023-09-13,Bengaluru,21.56,66.79,4.2,1.8,46.56,49.5,7.02,0,0,57.81,82.76,40.72,17.32,1.07,18.12,normal urban conditions,169.31
2023-09-14,Bengaluru,22.38,74.06,4.22,0.24,54.89,30.53,48.91,0,0,49.58,81.14,36.92,11.07,0.987,18.46,normal urban conditions,153.13
2023-09-15,Mumbai,23.47,60.47,4.09,3.24,34.59,44.06,26.48,0,0,53.94,116.99,31.68,9.12,0.896,33.66,rain,157.47
2023-09-16,Mumbai,24.27,46.68,3.85,0.29,72.42,40.79,60.98,0,0,79.31,117.49,40.67,14.61,1.25,17.66,normal urban conditions,181.25
2023-09-17,Bengaluru,25.81,66.41,3.29,0.86,52.75,46.87,43.08,0,0,62.15,118.21,41.99,20.32,1.271,7.53,normal urban conditions,167.29
2023-09-18,Mumbai,27.24,69.98,2.57,4.65,94.74,64.44,87.22,0,0,86.41,144.11,61.82,10.44,1.78,24.54,"heavy traffic, construction activity, rain",240.81
2023-09-19,Hyderabad,23.12,71.37,2.22,1.88,36.29,59.27,42.88,0,0,62.83,112.96,40.83,17.89,0.983,13.35,normal urban conditions,176.39
2023-09-20,Delhi,22.63,70.18,4.75,1.96,80.51,66.83,56.61,0,0,68.84,127.86,55.2,13.09,1.572,21.05,heavy traffic,262.41
2023-09-21,Hyderabad,25.31,60.6,4.12,0.25,77.33,45.09,43.74,0,0,58.11,104.09,50.83,14.14,1.354,29.28,heavy traffic,185.64
2023-09-22,Hyderabad,25.83,55.65,2.37,0.98,48.48,79.15,15.53,0,0,69.29,133.38,54.33,19.9,1.388,24.83,industrial emissions,237.17
2023-09-23,Bengaluru,22.7,71.43,3.25,4.07,48.75,64.11,43.91,0,0,47.83,110.97,45.88,19.5,1.367,18.89,rain,194.82
2023-09-24,Hyderabad,26.37,67.6,2.84,2.47,40.33,54.02,63.07,0,0,56.84,122.42,40.61,16.27,0.939,23.3,normal urban conditions,179.85
2023-09-25,Mumbai,26.94,57.33,1.85,3.36,40.51,62.86,60.04,0,0,61.19,91.2,30.3,21.18,1.197,31.87,"rain, low wind",179.39
2023-09-26,Chennai,27.88,73.38,3.41,1.67,55.06,39.84,42.13,0,0,43.78,97.63,46.12,16.87,1.13,16.44,normal urban conditions,172.36
2023-09-27,Hyderabad,29.33,52.44,2.7,4.11,55.4,14.04,18.86,0,0,48.2,60.39,33.83,8.66,1.1,32.94,rain,165.19
2023-09-28,Chennai,21.4,60.98,2.06,0.25,29.43,41.08,60.89,1,0,65.25,136.46,32.41,16.86,0.703,15.42,festival fireworks,172.79
2023-09-29,Bengaluru,24.04,81.34,1.43,1.38,91.77,65.45,56.39,1,0,118.9,139.72,53.62,16.53,1.762,25.68,"heavy traffic, low wind, festival fireworks",260.1
2023-09-30,Hyderabad,24.03,73.66,1.32,2.84,50.92,53.44,64.87,0,0,71.36,107.58,55.99,14.1,1.149,11.58,low wind,204.02
2023-10-01,Chennai,20.21,64.08,2.75,0.13,55.05,49.54,42.52,0,0,61.17,81.37,27.68,11.31,1.261,25.22,normal urban conditions,138.27
2023-10-02,Delhi,18.55,71.69,3.1,7.91,43.98,36.74,14.31,0,0,26.65,76.05,44.27,16.81,1.003,18.89,rain,192.11
2023-10-03,Chennai,16.04,72.12,2.15,1.91,49.73,16.8,58.68,0,0,58.94,101.42,37.23,8.79,0.949,18.85,normal urban conditions,152.21
2023-10-04,Chennai,20.78,39.8,3.98,0.1,48.27,77.65,47.82,0,1,81.33,154.54,32.66,12.16,1.287,31.36,"industrial emissions, crop burning",190.11
2023-10-05,Hyderabad,18.19,60.0,3.12,1.86,53.95,48.26,75.83,0,1,93.38,149.6,53.63,16.35,1.312,15.06,"construction activity, crop burning",238.75
2023-10-06,Bengaluru,20.76,66.76,3.89,0.3,53.77,44.27,48.57,0,0,59.01,95.82,42.7,12.78,1.147,21.23,normal urban conditions,171.03
2023-10-07,Hyderabad,18.12,65.55,2.98,0.52,66.88,39.91,47.09,0,1,108.08,111.72,30.67,12.49,1.361,22.22,crop burning,205.78
2023-10-08,Mumbai,17.2,72.23,2.26,4.79,57.64,74.58,56.35,1,1,105.58,99.84,46.58,18.23,1.439,16.7,"industrial emissions, rain, festival fireworks, crop burning",250.36
2023-10-09,Bengaluru,21.2,78.25,3.34,0.89,65.27,67.86,36.06,0,0,61.22,86.77,52.58,16.85,1.512,25.29,normal urban conditions,214.73
2023-10-10,Mumbai,20.95,63.92,1.68,0.88,53.84,34.59,35.1,0,0,52.65,74.74,50.64,20.72,1.022,24.16,low wind,212.5
2023-10-11,Mumbai,22.24,55.66,3.85,0.28,57.7,72.96,46.04,0,0,71.55,120.46,44.45,23.66,1.437,19.49,industrial emissions,218.34
2023-10-12,Hyderabad,27.06,66.11,2.08,1.15,50.14,49.39,29.59,0,0,52.16,95.06,25.56,17.0,1.175,33.77,normal urban conditions,174.9
2023-10-13,Chennai,21.33,63.6,4.3,2.04,70.05,41.01,43.42,0,0,63.72,108.31,53.41,14.29,1.242,26.03,normal urban conditions,214.49
2023-10-14,Mumbai,21.96,64.87,2.79,0.89,59.16,46.71,86.79,0,0,83.52,110.97,46.46,17.86,1.223,16.39,construction activity,211.89
2023-10-15,Hyderabad,17.27,66.8,4.48,9.66,51.47,37.9,68.85,0,1,69.14,117.85,23.37,13.8,1.279,13.51,"rain, crop burning",174.01
2023-10-16,Delhi,16.64,92.57,1.85,0.42,50.99,28.22,54.16,1,0,69.02,87.69,39.86,13.96,1.0,14.51,"low wind, festival fireworks",200.72
2023-10-17,Delhi,25.25,41.72,2.39,0.41,52.25,65.97,79.03,0,0,83.97,125.87,47.88,19.23,1.243,30.01,construction activity,237.21
2023-10-18,Delhi,17.73,65.51,3.66,1.09,54.49,48.03,31.5,0,1,78.87,132.88,38.97,15.07,1.228,4.4,crop burning,191.47
2023-10-19,Delhi,17.37,69.61,4.6,8.74,53.1,63.11,97.81,1,0,58.38,103.95,37.31,19.92,1.223,13.6,"construction activity, rain, festival fireworks",209.52
2023-10-20,Chennai,20.38,59.72,5.2,3.41,45.06,57.17,38.79,0,0,40.45,97.98,33.66,14.89,1.145,18.0,rain,140.64
2023-10-21,Chennai,20.23,76.64,3.25,0.85,66.24,61.87,88.08,0,0,86.31,94.72,46.69,17.08,1.38,9.87,construction activity,205.98
2023-10-22,Chennai,17.79,77.48,5.41,0.85,67.25,15.17,87.99,0,1,70.5,81.4,39.23,6.49,1.18,11.34,"construction activity, crop burning",176.01
2023-10-23,Delhi,19.59,67.61,2.85,0.39,82.54,36.4,12.94,0,0,69.94,114.9,54.95,10.23,1.454,21.62,heavy traffic,237.53
2023-10-24,Delhi,24.19,62.16,4.52,1.05,44.34,62.25,77.34,0,0,74.43,138.95,25.99,9.37,1.312,20.42,construction activity,210.85
2023-10-25,Mumbai,18.08,68.02,2.07,1.33,64.66,29.05,42.32,0,1,95.6,127.49,44.44,13.02,1.204,16.91,crop burning,209.93
2023-10-26,Hyderabad,16.32,69.33,3.7,3.26,23.45,58.72,36.64,0,1,63.03,145.28,34.14,18.59,0.866,9.01,"rain, crop burning",177.76
2023-10-27,Mumbai,23.33,64.69,0.39,2.65,67.26,26.97,58.49,0,1,98.82,110.16,46.5,14.57,1.301,21.57,"low wind, crop burning",217.02
2023-10-28,Hyderabad,21.98,64.54,1.85,1.01,30.69,52.3,27.84,0,1,69.86,98.5,32.47,12.06,0.821,11.81,"low wind, crop burning",152.89
2023-10-29,Delhi,18.64,71.28,3.76,6.23,38.25,80.98,58.04,0,1,69.35,116.5,49.74,21.28,1.33,29.91,"industrial emissions, rain, crop burning",238.83
2023-10-30,Bengaluru,15.75,78.3,1.63,0.71,59.32,65.94,29.18,0,0,60.74,112.41,56.84,17.55,1.278,29.47,low wind,198.88
2023-10-31,Mumbai,18.27,56.71,3.71,0.18,44.06,18.69,51.54,0,0,49.67,87.93,28.83,12.2,0.986,17.93,normal urban conditions,137.27
2023-11-01,Delhi,17.77,58.85,4.29,0.0,42.94,67.27,74.71,0,0,69.66,97.15,39.13,15.81,1.285,12.86,construction activity,232.61
2023-11-02,Bengaluru,21.43,49.31,2.6,0.0,47.31,84.8,55.73,0,0,72.69,127.37,51.45,19.56,1.285,29.85,industrial emissions,204.14
2023-11-03,Chennai,14.83,80.08,2.04,0.0,66.75,100.0,40.8,0,0,82.05,123.83,65.61,18.34,1.617,20.69,industrial emissions,233.02
2023-11-04,Delhi,17.68,71.92,2.63,0.0,40.15,60.55,58.83,0,0,67.94,106.81,34.32,14.54,1.086,32.22,normal urban conditions,202.92
2023-11-05,Hyderabad,19.96,72.88,2.04,0.0,54.21,27.44,19.87,0,0,72.57,120.79,32.36,11.4,1.115,35.22,normal urban conditions,185.01
2023-11-06,Chennai,10.79,59.95,3.08,0.0,49.01,59.82,31.22,0,0,69.72,108.58,43.54,17.09,1.117,2.56,normal urban conditions,178.79
2023-11-07,Bengaluru,21.04,84.92,3.32,0.0,68.19,80.73,39.39,0,0,79.13,116.56,46.33,14.86,1.544,27.49,industrial emissions,204.61
2023-11-08,Chennai,14.39,65.64,2.83,0.0,68.64,48.63,63.74,0,1,116.27,146.67,35.74,13.25,1.34,16.48,crop burning,204.45
2023-11-09,Hyderabad,18.93,70.23,5.21,0.0,25.71,70.78,56.12,0,0,75.6,103.66,27.75,18.81,0.891,23.83,industrial emissions,169.3
2023-11-10,Mumbai,18.68,77.27,2.34,0.0,71.79,36.89,58.7,0,1,92.49,114.8,49.36,17.13,1.249,24.45,crop burning,217.36
2023-11-11,Bengaluru,21.19,57.1,4.87,0.0,45.3,58.7,47.45,0,0,49.58,88.42,47.43,13.86,1.156,27.96,normal urban conditions,184.24
2023-11-12,Delhi,19.59,62.62,1.95,0.0,58.85,10.0,32.24,0,0,64.97,108.18,32.77,10.07,1.025,28.26,low wind,197.21
2023-11-13,Mumbai,10.81,76.03,3.29,0.0,40.05,34.89,77.76,0,1,72.09,84.72,32.51,10.9,0.879,10.9,"construction activity, crop burning",176.92
2023-11-14,Bengaluru,15.58,95.0,4.62,0.0,61.01,51.89,34.04,0,1,89.81,143.45,43.95,13.97,1.3,8.5,crop burning,196.18
2023-11-15,Bengaluru,18.35,71.96,4.56,0.0,95.89,45.46,56.38,0,1,98.03,135.62,51.17,11.64,1.622,27.77,"heavy traffic, crop burning",228.6
2023-11-16,Delhi,17.35,85.72,2.7,0.0,57.11,28.59,45.76,0,1,88.52,107.71,34.82,8.44,1.211,11.16,crop burning,170.29
2023-11-17,Hyderabad,19.37,80.3,3.87,0.0,47.71,43.01,59.26,0,0,54.58,132.14,39.1,12.46,1.072,32.05,normal urban conditions,198.35
2023-11-18,Mumbai,20.31,71.27,3.71,0.0,51.36,57.93,35.89,0,1,72.66,114.55,34.47,19.41,1.302,15.27,crop burning,160.61
2023-11-19,Hyderabad,19.76,58.07,2.55,0.0,31.57,50.45,69.05,0,1,61.34,85.26,29.42,12.81,0.796,19.24,crop burning,164.65
2023-11-20,Chennai,17.29,80.29,3.94,0.0,78.26,53.1,75.57,0,1,114.93,178.56,49.41,12.76,1.533,16.54,"heavy traffic, construction activity, crop burning",239.06
2023-11-21,Delhi,12.4,58.14,5.43,0.0,60.08,65.18,67.83,0,1,91.45,156.11,46.28,18.06,1.41,7.06,crop burning,250.79
2023-11-22,Chennai,16.57,86.21,3.77,0.0,38.29,45.82,51.15,0,1,83.27,107.23,25.1,14.35,0.973,6.0,crop burning,142.44
2023-11-23,Hyderabad,19.19,70.37,3.88,0.0,38.81,76.47,39.3,0,0,63.22,101.32,39.6,19.03,1.131,26.49,industrial emissions,198.87
2023-11-24,Bengaluru,14.67,45.03,4.01,0.0,55.32,34.19,100.0,0,0,41.14,89.62,30.31,13.23,1.107,8.62,construction activity,142.48
2023-11-25,Hyderabad,19.83,64.51,1.45,0.0,69.98,86.7,28.17,0,0,79.18,83.75,53.09,17.84,1.669,38.8,"industrial emissions, low wind",233.1
2023-11-26,Mumbai,20.66,73.88,3.75,0.0,36.66,72.03,65.62,0,1,81.99,130.21,43.57,15.83,1.025,19.84,"industrial emissions, crop burning",209.0
2023-11-27,Bengaluru,18.32,66.61,1.98,0.0,72.89,45.59,54.66,1,0,77.88,135.18,49.0,17.25,1.454,12.88,"low wind, festival fireworks",214.17
2023-11-28,Bengaluru,8.75,82.83,2.49,0.0,53.61,46.79,46.75,0,1,72.29,126.65,51.75,14.05,1.199,15.81,crop burning,199.79
2023-11-29,Delhi,14.1,63.43,5.79,0.0,40.19,55.72,51.7,0,0,35.93,88.74,34.03,17.7,1.046,1.0,normal urban conditions,185.71
2023-11-30,Bengaluru,23.6,52.22,2.9,0.0,47.59,62.78,37.8,0,0,62.7,123.52,47.97,20.72,1.18,22.38,normal urban conditions,209.49
2023-12-01,Bengaluru,15.36,70.33,2.31,0.0,85.98,71.7,56.54,0,0,92.53,110.75,64.01,21.01,1.717,16.57,"heavy traffic, industrial emissions",226.62
2023-12-02,Mumbai,11.05,74.38,4.58,0.0,35.79,27.87,54.34,0,0,53.89,134.67,28.59,7.35,0.979,6.29,normal urban conditions,152.68
2023-12-03,Chennai,20.71,63.82,2.06,0.0,46.29,59.87,100.0,0,0,101.45,129.19,34.2,16.23,1.193,17.31,construction activity,186.93
2023-12-04,Bengaluru,17.04,82.14,2.66,0.0,73.24,13.9,69.42,0,0,79.66,111.17,41.79,12.35,1.137,28.2,normal urban conditions,203.74
2023-12-05,Mumbai,20.31,59.08,4.7,0.0,61.46,48.81,58.32,0,0,58.42,95.46,39.28,16.38,1.246,23.37,normal urban conditions,186.97
2023-12-06,Delhi,17.83,72.45,3.25,0.0,45.34,78.17,59.51,0,0,89.37,117.5,40.53,20.06,1.172,21.91,industrial emissions,203.0
2023-12-07,Bengaluru,18.38,69.62,1.33,0.0,73.44,26.48,84.79,0,0,69.45,113.79,47.55,6.32,1.139,14.24,"construction activity, low wind",186.11
2023-12-08,Mumbai,18.09,53.57,3.85,0.0,74.2,23.21,28.59,0,0,35.24,80.69,34.52,8.86,1.187,12.26,normal urban conditions,138.06
2023-12-09,Bengaluru,19.09,55.24,2.72,0.0,63.3,55.97,44.35,0,0,61.35,108.67,41.74,16.16,1.355,20.18,normal urban conditions,179.86
2023-12-10,Hyderabad,23.83,65.24,5.05,0.0,48.2,76.97,9.86,0,0,58.56,85.36,36.58,15.04,1.392,6.08,industrial emissions,164.56
2023-12-11,Hyderabad,19.91,87.67,2.47,0.0,50.67,57.86,59.18,0,0,76.26,122.29,41.33,18.64,1.285,10.75,normal urban conditions,209.88
2023-12-12,Delhi,12.26,79.01,4.46,0.0,62.55,17.72,64.96,0,0,46.43,77.99,32.35,9.48,1.015,6.49,normal urban conditions,150.93
2023-12-13,Bengaluru,18.34,51.71,5.33,0.0,37.01,21.7,28.09,0,0,23.08,88.86,22.79,4.53,0.761,7.61,normal urban conditions,108.58
2023-12-14,Delhi,20.42,36.4,2.18,0.0,79.24,53.76,76.7,0,0,71.65,130.9,54.06,13.9,1.448,29.41,"heavy traffic, construction activity",235.92
2023-12-15,Hyderabad,20.61,74.7,2.97,0.0,85.2,30.77,33.62,0,0,59.82,103.8,47.3,11.06,1.251,19.46,heavy traffic,199.39
2023-12-16,Chennai,15.72,69.83,3.67,0.0,54.22,54.46,41.15,0,0,77.52,106.39,42.13,15.32,1.214,13.93,normal urban conditions,196.04
2023-12-17,Chennai,20.49,78.87,2.17,0.0,63.7,55.53,50.39,0,0,76.75,124.21,41.01,20.14,1.412,24.51,normal urban conditions,215.98
2023-12-18,Chennai,19.78,59.14,3.52,0.0,76.97,43.18,79.88,0,0,94.49,119.47,43.69,15.64,1.413,10.27,"heavy traffic, construction activity",203.58
2023-12-19,Chennai,24.72,68.0,2.93,0.0,89.29,84.67,30.84,0,0,78.85,118.46,74.59,16.45,1.728,14.03,"heavy traffic, industrial emissions",250.03
2023-12-20,Hyderabad,14.75,79.94,2.91,0.0,82.91,62.63,53.82,0,0,90.61,126.68,51.36,12.55,1.553,24.34,heavy traffic,227.95
2023-12-21,Mumbai,15.48,66.49,3.26,0.0,30.23,73.81,63.5,0,0,65.56,159.13,24.7,18.01,1.029,34.5,industrial emissions,169.96
2023-12-22,Chennai,16.08,66.28,3.29,0.0,52.95,68.57,59.37,0,0,79.76,99.86,46.95,18.35,1.358,23.68,normal urban conditions,201.11
2023-12-23,Chennai,15.53,71.18,3.4,0.0,66.01,49.3,60.11,0,0,74.27,69.91,41.62,17.86,1.323,21.3,normal urban conditions,177.09
2023-12-24,Chennai,14.33,77.2,2.48,0.0,50.09,48.5,63.23,0,0,80.81,111.72,42.22,19.95,1.193,12.54,normal urban conditions,180.12
2023-12-25,Bengaluru,8.71,75.56,2.53,0.0,86.52,46.64,36.91,0,0,86.05,93.09,53.63,19.82,1.562,9.81,heavy traffic,234.54
2023-12-26,Delhi,15.7,80.55,3.06,0.0,84.07,64.26,81.76,0,0,81.16,112.6,59.43,15.95,1.663,18.56,"heavy traffic, construction activity",239.97
2023-12-27,Hyderabad,18.11,64.5,3.15,0.0,44.95,40.29,45.78,0,0,64.28,85.34,35.76,16.25,0.956,29.83,normal urban conditions,199.77
2023-12-28,Hyderabad,15.52,57.65,2.67,0.0,55.4,83.05,43.12,0,0,73.59,99.08,48.1,21.56,1.358,22.6,industrial emissions,205.87
2023-12-29,Chennai,22.81,85.61,3.59,0.0,46.01,38.57,74.95,0,0,56.33,87.07,42.78,9.9,0.933,26.98,construction activity,160.84
2023-12-30,Mumbai,17.04,63.83,1.02,0.0,54.88,55.86,35.39,0,0,82.01,138.09,32.49,10.27,1.292,13.3,low wind,165.34
2023-12-31,Mumbai,20.87,61.5,2.32,0.0,54.39,47.88,54.41,0,0,78.51,119.54,34.5,15.09,1.167,26.42,normal urban conditions,177.5
2024-01-01,Delhi,18.72,68.04,2.86,0.0,77.27,43.89,33.54,0,0,67.06,128.67,44.75,9.54,1.153,15.43,heavy traffic,224.36
2024-01-02,Chennai,20.42,68.18,2.17,0.0,47.78,91.1,98.38,0,0,86.43,132.36,38.61,19.02,1.409,22.03,"construction activity, industrial emissions",213.26
2024-01-03,Bengaluru,18.78,64.79,5.16,0.0,20.13,44.1,94.17,0,0,32.62,107.48,22.41,12.0,0.834,24.86,construction activity,126.31
2024-01-04,Delhi,22.04,66.19,3.22,0.0,36.33,46.52,45.8,0,0,36.6,82.51,30.77,15.1,0.9,18.46,normal urban conditions,203.19
2024-01-05,Hyderabad,18.11,68.73,3.41,0.0,45.55,40.05,58.4,0,0,56.68,133.22,42.07,17.25,1.075,12.59,normal urban conditions,189.61
2024-01-06,Hyderabad,19.43,69.95,2.62,0.0,51.51,52.74,48.1,0,0,75.53,125.9,41.45,15.48,1.168,22.83,normal urban conditions,206.63
2024-01-07,Hyderabad,19.04,44.9,3.18,0.0,64.99,50.18,41.03,0,0,58.83,90.01,44.64,13.41,1.162,22.14,normal urban conditions,183.71
2024-01-08,Chennai,17.07,88.66,1.74,0.0,44.72,31.85,50.39,0,0,81.13,133.04,34.0,5.89,1.134,17.7,low wind,161.95
2024-01-09,Delhi,19.15,66.92,3.0,0.0,42.62,44.36,47.19,0,0,56.49,103.52,30.16,15.47,1.011,25.1,normal urban conditions,186.3
2024-01-10,Mumbai,24.64,70.36,2.08,0.0,47.13,62.97,17.59,0,0,62.84,100.59,48.36,17.16,1.21,32.26,normal urban conditions,219.79
2024-01-11,Delhi,17.13,56.03,2.87,0.0,44.15,70.49,53.26,0,0,64.07,111.17,49.69,16.63,1.153,25.34,industrial emissions,240.42
2024-01-12,Mumbai,19.2,63.65,0.3,0.0,53.13,52.43,47.15,0,0,89.68,141.44,38.04,18.89,1.178,24.64,low wind,225.33
2024-01-13,Chennai,21.71,59.88,1.85,0.0,52.44,53.06,54.24,0,0,62.63,70.37,53.05,11.92,1.211,19.25,low wind,181.33
2024-01-14,Chennai,21.36,81.55,4.96,0.0,73.02,45.5,46.45,0,0,62.5,101.13,41.88,12.23,1.316,17.53,normal urban conditions,185.94
2024-01-15,Delhi,17.97,63.36,4.2,0.0,46.17,42.96,40.79,0,0,45.73,106.48,31.58,13.14,1.197,23.46,normal urban conditions,192.71
2024-01-16,Bengaluru,10.79,81.83,4.78,0.0,56.28,35.45,65.5,0,0,53.01,107.09,40.57,10.99,1.205,11.57,normal urban conditions,167.4
2024-01-17,Mumbai,19.49,61.65,4.87,0.0,53.28,23.98,58.66,0,0,49.44,78.84,37.58,12.49,1.075,24.47,normal urban conditions,155.59
2024-01-18,Delhi,11.28,69.38,4.01,0.0,74.94,39.36,75.92,0,0,71.68,75.25,46.11,14.69,1.374,10.17,construction activity,200.15
2024-01-19,Mumbai,22.35,63.7,2.66,0.0,59.53,68.27,57.89,0,0,87.1,157.89,46.01,21.08,1.313,36.15,normal urban conditions,246.42
2024-01-20,Delhi,18.45,81.73,1.96,0.0,78.81,44.36,44.05,0,0,81.97,118.4,58.51,15.6,1.544,19.69,"heavy traffic, low wind",269.64
2024-01-21,Hyderabad,20.94,48.25,4.58,0.0,43.56,45.77,60.34,0,0,56.31,131.73,31.48,13.98,1.096,24.62,normal urban conditions,172.23
2024-01-22,Chennai,15.23,57.98,3.28,0.0,61.21,45.42,8.39,0,0,57.51,113.45,43.0,13.25,1.225,16.04,normal urban conditions,186.08
2024-01-23,Hyderabad,13.28,53.03,6.19,0.0,52.79,74.4,90.07,0,0,75.33,108.02,52.67,20.27,1.243,32.33,"construction activity, industrial emissions",250.24
2024-01-24,Bengaluru,18.72,57.82,2.76,0.0,42.38,35.29,53.49,0,0,54.18,57.03,26.83,12.08,0.844,12.58,normal urban conditions,122.17
2024-01-25,Hyderabad,17.84,61.2,5.57,0.0,60.92,56.99,91.69,0,0,62.1,104.26,40.11,16.26,1.325,15.55,construction activity,172.42
2024-01-26,Delhi,16.46,54.13,3.01,0.0,89.73,50.77,30.61,0,0,83.33,120.5,61.79,16.65,1.611,26.53,heavy traffic,258.39
2024-01-27,Delhi,18.19,61.72,4.8,0.0,48.35,53.22,25.65,0,0,44.98,99.93,41.42,15.93,1.244,22.28,normal urban conditions,198.1
2024-01-28,Mumbai,26.24,43.28,5.24,0.0,59.96,56.4,55.32,0,0,60.62,87.11,48.15,16.95,1.387,23.2,normal urban conditions,194.82
2024-01-29,Mumbai,20.44,57.31,1.97,0.0,41.0,53.03,55.25,0,0,89.58,132.02,30.88,13.11,1.063,18.53,low wind,181.52
2024-01-30,Chennai,21.09,79.04,2.62,0.0,38.65,66.27,54.76,0,0,58.67,108.77,41.73,21.65,1.105,18.08,normal urban conditions,185.98
2024-01-31,Chennai,20.47,71.51,1.96,0.0,49.4,51.47,51.72,0,0,86.28,143.66,40.0,11.92,1.06,21.39,low wind,191.96
2024-02-01,Chennai,24.94,66.22,1.72,0.0,58.8,83.4,35.44,0,0,76.14,110.83,65.59,21.66,1.541,34.65,"industrial emissions, low wind",264.76
2024-02-02,Bengaluru,19.93,57.82,4.0,0.0,59.51,52.8,18.29,0,0,68.64,116.64,48.23,13.99,1.276,26.26,normal urban conditions,193.45
2024-02-03,Hyderabad,14.34,56.4,2.96,0.0,62.38,21.34,53.66,0,0,67.87,117.54,39.28,13.66,1.175,26.28,normal urban conditions,213.02
2024-02-04,Bengaluru,19.93,56.45,3.26,0.0,39.63,63.49,22.35,0,0,60.05,118.48,40.56,19.81,1.201,19.15,normal urban conditions,196.71
2024-02-05,Hyderabad,22.94,65.31,3.87,0.0,55.98,59.06,20.46,0,0,56.25,84.88,43.77,16.44,1.231,26.39,normal urban conditions,207.3
2024-02-06,Bengaluru,17.59,78.17,0.97,0.0,74.03,52.59,40.39,0,0,83.8,67.42,56.68,20.08,1.388,7.41,low wind,198.57
2024-02-07,Bengaluru,19.97,76.84,4.74,0.0,44.27,47.33,56.61,0,0,46.84,92.66,30.46,14.01,1.263,21.04,normal urban conditions,151.7
2024-02-08,Bengaluru,18.42,75.21,2.78,0.0,60.32,13.94,87.76,0,0,69.4,113.42,45.56,11.87,1.105,19.93,construction activity,195.43
2024-02-09,Bengaluru,25.01,56.92,3.84,0.0,70.69,16.96,67.59,0,0,60.01,87.28,32.7,7.53,1.178,37.67,normal urban conditions,165.72
2024-02-10,Delhi,22.75,66.12,3.94,0.0,53.48,81.66,76.66,0,0,76.93,94.75,48.15,21.28,1.481,33.48,"construction activity, industrial emissions",244.93
2024-02-11,Bengaluru,22.45,62.87,4.84,0.0,71.46,41.46,61.07,0,0,48.88,88.64,39.69,10.84,1.332,21.0,normal urban conditions,156.65
2024-02-12,Mumbai,22.36,64.13,3.07,0.0,41.66,69.38,55.34,0,0,66.29,109.29,41.28,18.16,1.192,16.88,normal urban conditions,180.53
2024-02-13,Bengaluru,20.39,87.9,0.65,0.0,80.22,23.15,98.12,0,0,109.39,150.53,55.26,10.55,1.306,13.14,"heavy traffic, construction activity, low wind",212.46
2024-02-14,Hyderabad,21.09,49.42,3.27,0.0,71.85,33.16,21.54,0,0,68.23,67.62,34.74,14.94,1.31,21.61,normal urban conditions,214.99
2024-02-15,Chennai,16.94,67.59,3.44,0.0,66.89,64.22,39.74,0,0,71.27,81.65,48.12,15.26,1.416,28.32,normal urban conditions,181.24
2024-02-16,Mumbai,13.94,84.16,1.96,0.0,84.0,50.15,41.3,0,0,111.4,163.84,45.96,24.24,1.499,18.47,"heavy traffic, low wind",233.16
2024-02-17,Chennai,20.95,52.48,3.38,0.0,60.73,61.68,65.87,0,0,65.61,108.7,44.68,12.72,1.368,26.85,normal urban conditions,203.57
2024-02-18,Chennai,21.47,60.33,2.77,0.0,56.11,51.75,28.42,0,0,61.96,104.84,34.7,15.98,1.183,28.25,normal urban conditions,171.42
2024-02-19,Mumbai,24.13,59.62,1.59,0.0,87.96,48.26,63.27,0,0,75.71,95.38,57.14,15.59,1.641,17.16,"heavy traffic, low wind",217.34
2024-02-20,Hyderabad,25.21,61.92,4.01,0.0,95.45,39.76,59.59,1,0,82.42,123.88,51.86,14.98,1.61,19.47,"heavy traffic, festival fireworks",234.82
2024-02-21,Hyderabad,25.21,48.19,2.52,0.0,54.9,30.51,64.27,0,0,81.62,117.16,43.42,10.34,0.954,29.72,normal urban conditions,219.06
2024-02-22,Bengaluru,17.51,75.5,2.71,0.0,64.18,77.25,63.9,0,0,80.32,111.78,58.95,20.09,1.533,13.12,industrial emissions,221.68
2024-02-23,Bengaluru,19.44,74.85,2.64,0.0,82.72,80.21,78.77,0,0,81.41,99.2,59.37,18.14,1.775,9.03,"heavy traffic, construction activity, industrial emissions",233.07
2024-02-24,Chennai,21.94,71.53,4.68,0.0,64.75,33.3,47.02,0,0,65.5,94.13,46.01,17.95,1.407,13.91,normal urban conditions,170.51
2024-02-25,Mumbai,28.1,53.43,3.15,0.0,75.51,32.13,58.6,0,0,73.45,152.61,54.63,10.23,1.35,34.42,heavy traffic,224.42
2024-02-26,Hyderabad,24.94,65.21,3.29,0.0,78.49,45.74,33.27,0,0,78.41,111.51,44.49,13.87,1.481,21.27,heavy traffic,217.64
2024-02-27,Hyderabad,23.86,56.1,2.67,0.0,57.0,58.13,28.7,0,0,62.0,119.15,53.69,14.31,1.321,25.97,normal urban conditions,244.98
2024-02-28,Chennai,19.34,64.94,3.76,0.0,72.71,48.73,83.3,0,0,66.7,111.49,47.65,12.4,1.496,13.61,construction activity,180.7
2024-02-29,Mumbai,17.85,90.84,4.82,0.0,65.9,60.99,31.76,0,0,62.0,99.7,40.59,12.56,1.483,19.57,normal urban conditions,170.81
2024-03-01,Hyderabad,26.37,64.3,3.98,0.0,49.46,51.11,60.83,0,0,66.27,100.55,41.03,17.19,1.176,22.9,normal urban conditions,201.73
2024-03-02,Delhi,20.7,55.44,4.02,0.0,53.09,49.94,58.62,0,0,59.23,130.68,39.9,12.97,1.184,25.85,normal urban conditions,216.56
2024-03-03,Chennai,23.28,67.3,3.93,0.0,58.49,95.44,71.5,0,0,84.15,133.4,43.16,19.88,1.592,19.38,"construction activity, industrial emissions",205.82
2024-03-04,Mumbai,23.66,51.72,1.54,0.0,83.78,42.55,14.84,0,0,69.78,94.9,46.89,10.92,1.505,28.33,"heavy traffic, low wind",189.37
2024-03-05,Mumbai,28.78,49.66,2.15,0.0,84.31,81.52,65.82,0,0,98.13,129.4,70.59,20.96,1.648,24.18,"heavy traffic, industrial emissions",268.25
2024-03-06,Hyderabad,22.94,55.33,2.95,0.0,80.93,78.04,46.84,0,0,83.6,142.68,59.49,19.55,1.569,23.41,"heavy traffic, industrial emissions",261.22
2024-03-07,Hyderabad,16.68,65.68,2.33,0.0,75.97,61.07,36.0,0,0,72.19,62.37,62.18,16.85,1.505,17.39,heavy traffic,223.46
2024-03-08,Chennai,25.51,73.31,1.92,0.0,75.53,17.33,42.98,0,0,73.12,120.59,42.36,7.49,1.27,23.42,"heavy traffic, low wind",201.9
2024-03-09,Hyderabad,21.9,72.25,0.95,0.0,73.37,52.56,68.74,0,0,87.58,138.61,47.44,16.72,1.644,23.33,low wind,233.17
2024-03-10,Hyderabad,24.13,70.14,1.58,0.0,75.45,42.74,62.62,0,0,90.68,117.03,40.22,11.85,1.402,19.39,"heavy traffic, low wind",214.03
2024-03-11,Delhi,23.74,54.19,2.89,0.0,76.53,52.36,45.44,0,0,83.05,125.52,56.89,15.59,1.486,23.72,heavy traffic,264.47
2024-03-12,Delhi,23.18,60.16,3.12,0.0,46.46,32.87,25.22,0,0,55.55,108.73,37.95,11.84,0.972,24.83,normal urban conditions,195.57
2024-03-13,Mumbai,26.37,66.06,2.25,0.0,56.28,65.61,26.63,0,0,53.75,76.35,44.37,12.43,1.369,28.13,normal urban conditions,197.08
2024-03-14,Chennai,19.4,61.94,3.29,0.0,52.47,69.73,63.06,0,0,61.53,123.87,40.17,24.24,1.32,20.71,normal urban conditions,182.93
2024-03-15,Chennai,22.45,63.3,2.68,0.0,86.64,73.06,22.45,0,0,75.78,119.88,66.08,20.41,1.677,16.54,"heavy traffic, industrial emissions",237.04
2024-03-16,Bengaluru,26.05,67.98,4.51,0.0,95.39,45.12,45.64,1,0,75.04,114.0,53.8,14.76,1.585,24.78,"heavy traffic, festival fireworks",214.46
2024-03-17,Bengaluru,22.16,62.8,3.01,0.0,34.22,32.93,100.0,0,0,57.08,111.7,29.98,13.28,0.826,27.34,construction activity,162.99
2024-03-18,Mumbai,19.17,70.64,4.04,0.0,93.97,58.33,57.19,0,0,91.85,143.48,53.93,22.49,1.66,10.74,heavy traffic,244.84
2024-03-19,Delhi,26.01,79.52,3.44,0.0,70.32,83.61,62.84,0,0,91.85,173.12,51.86,23.79,1.577,13.51,industrial emissions,259.68
2024-03-20,Delhi,27.37,60.92,1.52,0.0,85.13,53.25,26.78,0,0,78.66,128.19,59.48,16.57,1.602,21.11,"heavy traffic, low wind",252.96
2024-03-21,Mumbai,23.87,76.89,3.09,0.0,77.03,60.14,23.45,0,0,80.11,132.49,44.09,14.5,1.495,20.55,heavy traffic,210.45
2024-03-22,Mumbai,18.12,74.71,1.72,0.0,91.97,47.77,63.92,1,0,105.88,145.56,57.93,12.99,1.757,3.62,"heavy traffic, low wind, festival fireworks",216.87
2024-03-23,Delhi,26.12,48.85,3.07,0.0,72.28,42.94,42.35,0,0,66.98,144.55,53.1,8.46,1.468,30.52,normal urban conditions,259.84
2024-03-24,Mumbai,19.02,57.46,2.31,0.0,47.11,63.85,71.47,0,0,85.22,101.11,42.4,16.11,1.18,20.29,construction activity,196.52
2024-03-25,Delhi,24.93,56.02,3.66,0.0,67.24,50.09,50.86,0,0,60.14,74.94,52.5,17.0,1.28,8.53,normal urban conditions,202.35
2024-03-26,Bengaluru,21.34,58.32,1.59,0.0,77.18,59.26,100.0,0,0,96.86,142.4,62.32,18.38,1.529,14.95,"heavy traffic, construction activity, low wind",230.32
2024-03-27,Chennai,20.52,66.53,3.22,0.0,65.47,61.14,38.55,0,0,59.84,116.39,53.67,18.63,1.392,19.2,normal urban conditions,213.7
2024-03-28,Bengaluru,22.67,72.07,3.89,0.0,79.45,58.26,55.78,0,0,66.74,65.41,48.95,14.77,1.548,9.41,heavy traffic,186.61
2024-03-29,Hyderabad,23.45,77.94,4.29,0.0,67.88,62.04,32.12,0,0,52.47,98.15,47.84,18.58,1.405,28.34,normal urban conditions,202.33
2024-03-30,Hyderabad,22.07,69.43,2.28,0.0,59.4,36.65,70.64,0,0,63.53,107.88,44.24,15.34,1.099,23.11,construction activity,198.01
2024-03-31,Mumbai,25.77,59.31,3.22,0.0,51.55,35.55,58.81,0,0,61.1,121.28,35.02,6.01,1.085,29.8,normal urban conditions,160.06
2024-04-01,Delhi,26.16,42.66,3.42,0.0,63.73,51.23,30.78,0,0,57.35,109.43,42.34,16.11,1.294,20.07,normal urban conditions,212.04
2024-04-02,Hyderabad,30.44,61.2,5.06,0.0,73.27,51.67,43.65,0,0,58.71,71.73,43.73,21.51,1.418,30.28,normal urban conditions,226.14
2024-04-03,Hyderabad,28.34,62.22,1.42,0.0,38.65,42.6,77.44,0,0,67.87,95.76,51.76,12.94,0.977,21.5,"construction activity, low wind",230.29
2024-04-04,Delhi,25.41,65.84,2.11,0.0,57.52,56.34,75.03,0,0,97.18,122.37,43.97,8.45,1.273,22.73,construction activity,231.32
2024-04-05,Hyderabad,24.9,85.43,6.57,0.0,38.05,68.35,21.71,0,0,29.37,92.93,41.66,15.5,1.123,23.91,normal urban conditions,181.03
2024-04-06,Mumbai,22.56,78.42,2.87,0.0,60.13,73.38,40.68,1,0,72.08,120.68,43.86,13.3,1.38,20.51,"industrial emissions, festival fireworks",203.75
2024-04-07,Delhi,28.37,69.79,0.93,0.0,89.16,77.42,86.43,0,0,100.71,129.73,73.46,17.48,1.813,30.89,"heavy traffic, construction activity, industrial emissions, low wind",291.61
2024-04-08,Bengaluru,26.44,53.67,2.5,0.0,51.02,28.33,46.66,0,0,57.73,106.5,34.78,7.86,0.975,27.07,normal urban conditions,147.52
2024-04-09,Hyderabad,20.38,62.4,0.3,0.0,81.25,31.07,53.67,0,0,92.93,112.09,52.05,14.76,1.324,18.48,"heavy traffic, low wind",199.41
2024-04-10,Bengaluru,25.89,62.73,3.49,0.0,100.0,46.79,70.54,0,0,93.02,170.13,47.17,16.82,1.66,30.61,"heavy traffic, construction activity",243.87
2024-04-11,Bengaluru,24.8,56.69,4.17,0.0,93.26,53.45,23.36,0,0,80.07,128.2,62.82,16.58,1.636,32.21,heavy traffic,272.46
2024-04-12,Chennai,32.23,64.25,2.11,0.0,72.14,47.71,31.21,0,0,72.66,127.39,57.43,18.31,1.299,28.63,normal urban conditions,244.05
2024-04-13,Chennai,22.39,69.69,2.64,0.0,83.73,42.05,43.53,0,0,74.03,140.53,44.94,12.03,1.372,31.3,heavy traffic,211.35
2024-04-14,Bengaluru,23.18,54.69,4.31,0.0,48.09,46.52,74.09,0,0,74.81,138.29,44.46,14.66,1.146,22.54,construction activity,198.04
2024-04-15,Chennai,30.83,72.19,1.1,0.0,44.83,60.7,70.4,0,0,52.59,103.46,34.83,23.3,1.254,25.4,"construction activity, low wind",177.92
2024-04-16,Hyderabad,31.57,60.72,1.61,0.0,70.46,28.07,64.4,0,0,77.59,117.59,49.24,13.25,1.309,28.11,low wind,235.12
2024-04-17,Chennai,25.27,46.82,2.93,0.0,76.38,94.18,47.22,0,0,89.36,150.87,57.62,23.82,1.693,25.37,"heavy traffic, industrial emissions",258.31
2024-04-18,Bengaluru,25.6,63.36,2.3,0.0,87.51,52.38,72.59,0,0,108.62,145.66,63.99,13.08,1.477,22.3,"heavy traffic, construction activity",254.1
2024-04-19,Bengaluru,29.35,64.07,2.85,0.0,60.9,70.92,46.95,0,0,57.93,90.6,50.4,17.1,1.422,21.45,industrial emissions,184.06
2024-04-20,Chennai,20.52,77.16,1.68,0.0,73.09,41.56,61.56,0,0,79.19,157.18,54.66,10.64,1.248,13.07,low wind,219.27
2024-04-21,Hyderabad,21.92,63.08,3.46,0.0,72.55,62.34,68.24,0,0,64.99,95.08,58.31,22.02,1.488,23.26,normal urban conditions,233.44
2024-04-22,Bengaluru,26.66,71.42,3.02,0.0,67.9,53.8,83.94,0,0,63.2,81.25,46.19,10.93,1.324,32.48,construction activity,196.96
2024-04-23,Mumbai,32.15,61.17,3.86,0.0,68.84,67.42,48.87,0,0,69.51,130.87,49.84,20.53,1.298,34.04,normal urban conditions,240.69
2024-04-24,Chennai,26.19,50.31,3.44,0.0,56.32,48.42,42.75,0,0,68.26,98.17,35.29,16.49,1.335,29.08,normal urban conditions,166.97
2024-04-25,Bengaluru,27.8,48.19,3.45,0.0,74.48,79.93,75.9,0,0,95.92,143.88,53.35,14.98,1.523,36.25,"construction activity, industrial emissions",241.47
2024-04-26,Bengaluru,30.9,71.39,1.46,0.0,73.12,25.14,77.44,1,0,86.32,161.74,57.62,14.45,1.25,26.56,"construction activity, low wind, festival fireworks",230.88
2024-04-27,Hyderabad,33.82,70.09,3.79,0.0,62.96,69.09,39.13,0,0,75.61,91.66,52.73,17.28,1.41,21.27,normal urban conditions,215.92
2024-04-28,Chennai,25.77,66.99,2.8,0.0,80.65,54.14,27.9,0,0,73.24,112.55,46.84,11.7,1.505,21.69,heavy traffic,187.79
2024-04-29,Delhi,27.45,77.54,3.0,0.0,86.45,33.67,74.38,0,0,88.39,156.92,60.77,13.48,1.527,23.37,"heavy traffic, construction activity",265.54
2024-04-30,Delhi,32.97,69.29,4.46,0.0,80.84,87.14,17.17,1,0,93.97,139.81,60.13,18.47,1.684,24.23,"heavy traffic, industrial emissions, festival fireworks",269.14
2024-05-01,Hyderabad,25.5,70.79,2.34,0.0,52.25,85.28,16.14,0,0,69.77,106.02,54.09,20.03,1.419,27.8,industrial emissions,243.52
2024-05-02,Bengaluru,33.14,49.49,4.82,0.0,70.52,14.67,44.63,1,0,69.34,155.37,41.89,7.83,1.21,36.84,festival fireworks,206.01
2024-05-03,Chennai,27.01,80.21,4.93,0.0,54.35,55.18,50.05,0,0,46.68,94.3,43.29,13.19,1.123,11.1,normal urban conditions,167.13
2024-05-04,Hyderabad,30.37,65.9,4.1,0.0,70.47,64.7,26.8,0,0,72.61,119.82,37.81,13.79,1.503,25.78,normal urban conditions,180.88
2024-05-05,Bengaluru,29.33,57.41,2.02,0.0,54.41,59.95,52.44,0,0,83.63,153.7,51.88,18.98,1.178,6.92,normal urban conditions,233.84
2024-05-06,Hyderabad,27.19,56.09,0.58,0.0,89.36,79.28,53.33,0,0,111.69,162.82,50.6,20.66,1.705,25.58,"heavy traffic, industrial emissions, low wind",260.19
2024-05-07,Chennai,27.11,65.39,4.49,0.0,81.46,75.54,38.39,0,0,62.49,130.27,61.77,19.87,1.704,24.35,"heavy traffic, industrial emissions",259.73
2024-05-08,Bengaluru,30.89,43.47,3.33,0.0,87.38,56.77,88.67,0,0,83.85,112.34,56.15,14.99,1.606,42.21,"heavy traffic, construction activity",252.8
2024-05-09,Hyderabad,33.05,65.66,2.31,0.0,85.76,92.99,56.6,0,0,100.27,159.1,68.43,22.03,1.867,38.63,"heavy traffic, industrial emissions",300.48
2024-05-10,Chennai,29.67,51.49,4.61,0.0,64.6,68.86,70.57,0,0,73.69,121.79,48.74,15.81,1.469,34.67,construction activity,246.79
2024-05-11,Delhi,30.27,64.32,2.17,0.0,62.12,45.67,18.88,0,0,66.79,93.93,51.4,12.05,1.155,20.21,normal urban conditions,231.01
2024-05-12,Chennai,31.78,54.34,2.69,0.0,96.8,42.06,18.7,0,0,90.09,128.81,57.06,18.86,1.723,21.83,heavy traffic,239.47
2024-05-13,Delhi,27.15,60.15,3.83,0.0,66.29,74.38,57.2,0,0,61.24,111.22,52.15,21.55,1.515,18.04,industrial emissions,237.21
2024-05-14,Mumbai,32.28,51.63,1.86,0.0,47.25,37.73,85.1,0,0,68.64,150.32,40.69,11.35,0.996,40.24,"construction activity, low wind",219.03
2024-05-15,Chennai,32.52,57.42,3.07,0.0,85.05,44.62,27.8,0,0,54.74,106.26,63.83,9.65,1.527,22.62,heavy traffic,209.85
2024-05-16,Bengaluru,37.87,74.18,4.51,0.0,71.23,47.69,50.87,0,0,72.15,101.16,49.8,9.53,1.452,27.23,normal urban conditions,197.96
2024-05-17,Chennai,28.93,75.4,3.45,0.0,93.02,58.4,23.3,0,0,84.2,102.74,49.98,14.44,1.691,18.57,heavy traffic,206.62
2024-05-18,Bengaluru,28.69,65.26,4.7,0.0,72.82,48.52,33.63,0,0,94.19,128.83,43.35,15.09,1.584,17.14,normal urban conditions,200.09
2024-05-19,Bengaluru,32.37,58.89,4.56,0.0,68.61,28.29,51.86,0,0,67.22,87.4,44.85,11.88,1.362,31.06,normal urban conditions,185.59
2024-05-20,Mumbai,32.52,67.48,3.21,0.0,93.35,72.92,38.15,0,0,89.6,113.9,68.76,19.11,1.817,28.86,"heavy traffic, industrial emissions",290.28
2024-05-21,Delhi,28.46,73.18,0.4,0.0,44.31,44.72,21.89,0,0,71.63,106.95,35.97,15.16,1.032,9.3,low wind,208.42
2024-05-22,Delhi,28.85,53.3,1.87,0.0,59.56,88.36,21.44,0,0,73.79,105.32,66.5,18.02,1.48,18.36,"industrial emissions, low wind",268.45
2024-05-23,Mumbai,31.69,58.85,4.12,0.0,54.73,57.47,10.28,0,0,53.48,109.42,43.41,20.72,1.204,30.15,normal urban conditions,194.24
2024-05-24,Delhi,27.58,44.27,1.34,0.0,33.81,74.81,57.53,0,0,73.85,104.01,43.72,18.38,1.115,27.35,"industrial emissions, low wind",224.28
2024-05-25,Hyderabad,28.83,72.85,2.81,0.0,82.9,63.36,59.95,0,0,67.07,68.04,48.28,18.02,1.68,22.31,heavy traffic,208.27
2024-05-26,Bengaluru,30.33,81.22,3.61,0.0,60.01,75.67,59.85,0,0,78.68,90.85,55.3,17.14,1.316,29.18,industrial emissions,242.55
2024-05-27,Chennai,33.05,59.47,4.96,0.0,83.41,62.27,29.82,0,0,67.16,108.63,50.52,17.9,1.676,18.94,heavy traffic,214.66
2024-05-28,Hyderabad,28.25,40.78,2.51,0.0,75.15,56.23,68.12,0,0,97.4,125.66,47.32,22.23,1.564,24.48,heavy traffic,252.32
2024-05-29,Chennai,24.54,70.71,2.43,0.0,78.64,71.68,62.14,0,0,88.07,106.25,54.4,15.5,1.67,26.63,"heavy traffic, industrial emissions",234.11
2024-05-30,Chennai,24.31,55.74,3.14,0.0,61.64,96.75,48.15,0,0,71.87,149.93,62.31,19.13,1.56,20.14,industrial emissions,230.58
2024-05-31,Chennai,26.28,56.77,3.62,0.0,56.7,47.14,44.86,0,0,62.87,122.45,44.42,11.95,1.256,27.83,normal urban conditions,196.48
2024-06-01,Hyderabad,27.06,69.12,3.01,1.1,67.44,66.31,35.02,0,0,72.16,112.27,44.94,16.61,1.561,16.56,normal urban conditions,196.9
2024-06-02,Mumbai,30.54,62.97,4.46,0.48,80.71,51.91,51.84,0,0,68.02,116.43,47.52,13.74,1.525,21.47,heavy traffic,220.29
2024-06-03,Chennai,27.43,57.72,2.24,0.37,65.19,61.11,80.34,0,0,69.99,112.36,57.76,13.66,1.401,13.69,construction activity,201.23
2024-06-04,Mumbai,28.89,55.08,3.34,2.96,54.77,52.76,70.76,0,0,60.97,86.65,40.93,15.29,1.394,12.88,construction activity,170.71
2024-06-05,Hyderabad,28.68,62.98,3.73,0.13,46.82,13.16,42.88,0,0,40.08,108.76,34.3,13.79,0.915,22.88,normal urban conditions,175.85
2024-06-06,Delhi,29.68,56.93,2.72,0.14,69.27,48.4,58.77,0,0,71.81,131.23,52.57,14.29,1.291,30.64,normal urban conditions,242.28
2024-06-07,Bengaluru,34.97,46.23,4.21,0.82,57.13,69.99,25.97,0,0,63.67,70.28,25.15,17.91,1.425,30.88,normal urban conditions,162.71
2024-06-08,Bengaluru,32.99,55.38,3.38,2.19,64.85,38.23,62.6,0,0,55.7,108.36,50.82,14.15,1.29,37.62,normal urban conditions,177.34
2024-06-09,Delhi,31.05,63.46,4.15,0.64,62.18,68.58,31.38,1,0,69.44,116.91,42.25,19.92,1.355,24.71,festival fireworks,228.76
2024-06-10,Mumbai,29.62,59.29,3.43,4.81,58.89,55.3,61.81,0,0,65.34,105.63,42.16,19.97,1.2,12.33,rain,194.35
2024-06-11,Hyderabad,29.7,46.87,3.65,5.67,70.7,48.55,100.0,0,0,64.46,153.1,56.43,15.49,1.409,31.12,"construction activity, rain",233.86
2024-06-12,Hyderabad,31.98,69.3,2.44,2.75,74.87,68.3,36.6,0,0,101.98,171.67,62.86,17.92,1.553,19.72,normal urban conditions,276.88
2024-06-13,Chennai,32.75,31.49,2.44,0.89,97.44,64.26,100.0,0,0,99.02,134.47,64.91,14.31,1.705,33.12,"heavy traffic, construction activity",264.71
2024-06-14,Mumbai,28.28,57.54,4.67,4.16,78.13,59.57,57.81,1,0,59.59,102.62,55.37,18.75,1.538,10.65,"heavy traffic, rain, festival fireworks",220.92
2024-06-15,Chennai,31.11,53.82,3.96,2.84,91.5,70.29,33.01,0,0,63.88,100.75,64.94,15.71,1.758,26.73,"heavy traffic, industrial emissions",228.0
2024-06-16,Hyderabad,24.91,65.85,1.97,2.08,52.9,55.66,32.09,0,0,55.33,89.34,52.45,13.28,1.214,28.71,low wind,206.28
2024-06-17,Chennai,31.64,65.27,3.42,1.5,40.38,22.4,95.3,0,0,48.45,86.2,40.07,11.16,0.908,31.63,construction activity,152.12
2024-06-18,Mumbai,33.29,69.77,0.35,0.15,65.77,45.19,57.86,0,0,91.62,139.78,49.26,18.86,1.169,26.18,low wind,228.54
2024-06-19,Delhi,30.16,53.56,2.51,10.98,79.73,19.52,36.68,0,0,35.8,121.56,41.76,12.3,1.235,27.8,"heavy traffic, rain",201.7
2024-06-20,Delhi,36.45,62.15,4.35,0.3,77.22,63.83,43.93,0,0,66.82,138.29,50.35,17.1,1.521,27.11,heavy traffic,261.78
2024-06-21,Mumbai,28.36,63.91,3.05,7.56,85.38,68.13,56.62,0,0,83.59,138.69,58.17,14.96,1.789,23.84,"heavy traffic, rain",236.4
2024-06-22,Chennai,31.65,42.53,3.34,3.4,25.42,68.95,47.83,0,0,40.95,48.13,34.12,22.6,1.158,34.69,rain,164.62
2024-06-23,Delhi,30.89,79.18,0.3,0.95,86.05,60.8,54.92,0,0,106.07,107.58,53.43,16.56,1.648,20.24,"heavy traffic, low wind",256.8
2024-06-24,Mumbai,30.7,45.92,2.73,0.77,71.37,69.42,83.47,0,0,66.57,134.1,55.35,17.24,1.527,24.81,construction activity,228.82
2024-06-25,Delhi,30.66,64.54,3.61,0.13,41.3,23.62,25.44,0,0,39.7,116.97,21.68,12.44,0.692,16.06,normal urban conditions,179.43
2024-06-26,Chennai,31.32,63.77,3.76,1.81,77.58,50.06,60.89,0,0,62.11,118.85,50.49,13.67,1.554,32.1,heavy traffic,173.14
2024-06-27,Bengaluru,33.54,61.08,4.35,0.12,68.71,26.53,46.54,0,0,59.58,99.77,42.09,8.99,1.27,26.88,normal urban conditions,178.53
2024-06-28,Bengaluru,35.13,52.26,2.95,5.06,72.1,45.55,38.02,0,0,48.73,120.45,48.66,12.32,1.411,22.21,rain,204.56
2024-06-29,Bengaluru,30.99,68.38,3.0,2.31,81.99,81.09,69.44,0,0,108.17,158.03,63.88,18.0,1.621,32.6,"heavy traffic, industrial emissions",266.99
2024-06-30,Bengaluru,33.45,42.78,1.6,1.68,72.88,71.68,18.77,0,0,58.19,121.37,59.42,15.09,1.713,30.55,"industrial emissions, low wind",235.37
2024-07-01,Bengaluru,27.96,61.57,2.95,1.93,38.43,63.92,5.0,0,0,60.17,67.31,52.18,13.51,1.216,20.41,normal urban conditions,201.84
2024-07-02,Delhi,32.36,53.51,1.69,2.4,59.71,48.73,52.49,0,0,78.28,126.19,42.31,17.71,1.282,35.24,low wind,241.38
2024-07-03,Chennai,27.78,55.58,0.98,1.17,36.12,34.12,45.24,0,0,62.68,139.38,36.04,14.46,0.967,23.84,low wind,171.54
2024-07-04,Bengaluru,33.33,62.75,1.9,1.37,72.38,55.37,20.94,0,0,72.74,121.56,52.59,13.39,1.455,17.44,low wind,218.46
2024-07-05,Bengaluru,36.69,66.89,5.01,8.24,84.37,71.99,13.79,0,0,70.35,126.48,56.45,21.18,1.76,36.48,"heavy traffic, industrial emissions, rain",251.09
2024-07-06,Mumbai,29.7,57.58,2.88,4.62,42.14,59.38,86.61,0,0,86.85,131.19,31.85,17.43,1.007,21.16,"construction activity, rain",187.7
2024-07-07,Chennai,23.48,73.17,3.46,3.26,51.26,23.46,57.26,0,0,49.21,100.69,27.91,9.78,0.824,42.9,rain,167.9
2024-07-08,Mumbai,28.42,62.4,2.58,0.95,47.88,53.88,48.39,0,0,65.31,135.03,40.91,11.94,1.046,22.64,normal urban conditions,199.49
2024-07-09,Delhi,33.76,49.24,1.05,0.04,54.74,17.56,91.9,0,0,68.77,105.55,28.6,10.83,0.948,16.17,"construction activity, low wind",181.6
2024-07-10,Chennai,31.72,57.02,4.32,2.91,68.6,66.48,68.44,0,0,55.38,90.93,47.17,23.23,1.421,40.5,normal urban conditions,221.03
2024-07-11,Mumbai,30.81,57.24,0.59,1.92,54.91,39.53,83.39,0,0,83.62,119.11,39.17,13.37,1.182,27.3,"construction activity, low wind",206.14
2024-07-12,Delhi,33.09,51.67,2.53,1.33,72.44,29.98,24.4,0,0,63.27,105.8,43.7,14.79,1.279,31.41,normal urban conditions,222.47
2024-07-13,Bengaluru,31.52,64.02,3.13,1.59,79.05,66.72,23.65,0,0,55.85,70.75,61.41,17.04,1.597,29.94,heavy traffic,234.85
2024-07-14,Mumbai,33.72,60.55,3.48,0.33,79.63,62.07,60.34,0,0,83.42,137.96,47.03,19.7,1.483,19.37,heavy traffic,209.62
2024-07-15,Chennai,32.82,42.92,2.33,0.51,44.11,56.18,56.29,1,0,75.51,115.43,45.42,15.54,1.015,15.35,festival fireworks,189.18
2024-07-16,Hyderabad,34.63,41.05,0.99,4.63,84.17,91.45,72.99,0,0,88.88,145.79,60.66,14.42,1.812,45.42,"heavy traffic, construction activity, industrial emissions, rain, low wind",287.42
2024-07-17,Delhi,31.14,64.25,2.24,4.06,85.46,63.43,15.38,0,0,65.96,68.17,54.79,14.98,1.613,16.09,"heavy traffic, rain",219.42
2024-07-18,Chennai,32.78,50.7,2.3,6.28,86.84,40.39,62.07,0,0,74.92,134.07,56.11,13.86,1.535,41.03,"heavy traffic, rain",252.19
2024-07-19,Hyderabad,29.14,64.42,2.27,2.85,59.47,61.35,67.79,0,0,89.98,154.68,45.5,20.06,1.375,29.6,normal urban conditions,243.28
2024-07-20,Mumbai,28.26,69.83,4.36,2.71,49.97,46.85,66.72,0,0,58.85,115.04,32.77,14.04,1.262,26.01,normal urban conditions,192.91
2024-07-21,Bengaluru,35.18,44.46,1.74,0.5,46.25,74.8,39.87,0,0,77.51,118.45,43.22,19.06,1.252,28.36,"industrial emissions, low wind",214.43
2024-07-22,Hyderabad,30.71,46.19,3.56,0.63,44.37,57.06,58.37,0,0,49.68,114.84,28.34,14.37,1.27,45.13,normal urban conditions,187.91
2024-07-23,Delhi,32.48,75.81,3.39,1.05,62.19,58.84,32.49,0,0,61.3,127.76,48.62,21.1,1.382,21.54,normal urban conditions,242.57
2024-07-24,Bengaluru,30.43,64.01,4.35,0.22,75.57,26.04,42.14,0,0,64.91,118.15,25.09,15.67,1.368,22.02,heavy traffic,166.99
2024-07-25,Hyderabad,28.3,57.8,3.04,0.56,82.9,53.1,27.14,0,0,58.5,112.89,58.8,13.47,1.648,30.96,heavy traffic,260.05
2024-07-26,Bengaluru,30.1,51.39,4.15,1.91,54.23,50.99,32.83,0,0,52.42,128.08,44.52,10.61,1.264,23.3,normal urban conditions,184.57
2024-07-27,Chennai,34.37,52.64,2.99,0.97,61.38,33.56,43.18,0,0,64.14,121.99,51.05,6.95,1.124,23.13,normal urban conditions,192.16
2024-07-28,Bengaluru,31.73,47.68,3.72,2.1,60.33,48.01,38.18,0,0,54.52,86.07,56.16,16.49,1.349,28.95,normal urban conditions,206.19
2024-07-29,Bengaluru,24.93,73.18,1.4,4.62,51.84,59.84,32.82,0,0,68.48,133.1,50.61,16.98,1.201,27.37,"rain, low wind",215.1
2024-07-30,Mumbai,29.42,53.44,0.3,2.08,73.77,51.92,22.01,0,0,78.78,114.5,49.29,12.96,1.471,40.55,low wind,215.65
2024-07-31,Mumbai,35.41,67.95,3.65,2.74,67.81,26.58,87.22,0,0,59.08,110.38,54.73,12.07,1.234,43.53,construction activity,219.65
2024-08-01,Hyderabad,26.86,58.99,3.72,0.12,60.27,47.08,37.99,0,0,48.07,97.54,35.69,10.84,1.347,12.79,normal urban conditions,153.24
2024-08-02,Chennai,22.1,55.9,3.77,4.54,63.73,43.58,54.6,0,0,54.46,119.84,31.99,16.36,1.308,30.37,rain,168.4
2024-08-03,Hyderabad,33.18,54.31,2.57,0.11,67.85,55.48,12.82,0,0,78.75,147.08,59.91,14.73,1.286,22.47,normal urban conditions,251.92
2024-08-04,Mumbai,29.55,34.88,4.99,0.89,67.69,53.54,75.15,0,0,71.43,118.03,49.05,12.32,1.551,23.16,construction activity,211.09
2024-08-05,Bengaluru,27.29,61.49,2.65,0.36,44.58,44.59,51.34,0,0,57.41,135.38,26.43,13.03,1.119,21.49,normal urban conditions,148.44
2024-08-06,Chennai,26.39,61.63,3.71,0.05,72.34,43.89,39.12,0,0,61.57,108.84,38.69,12.82,1.337,20.53,normal urban conditions,176.81
2024-08-07,Chennai,30.75,68.52,3.91,1.97,62.09,53.21,39.3,0,0,55.3,126.43,47.85,16.61,1.223,18.83,normal urban conditions,191.54
2024-08-08,Mumbai,25.87,44.83,5.26,2.98,51.05,69.33,65.39,0,0,47.79,102.26,36.73,21.59,1.354,10.21,normal urban conditions,172.18
2024-08-09,Bengaluru,30.94,71.76,2.82,6.42,61.75,57.02,5.0,0,0,54.42,87.55,42.13,19.46,1.252,36.17,rain,176.57
2024-08-10,Hyderabad,29.13,69.62,2.42,2.28,63.51,77.62,31.52,0,0,83.88,156.29,63.56,19.9,1.542,31.59,industrial emissions,258.53
2024-08-11,Hyderabad,28.23,74.56,1.4,0.56,75.31,72.4,45.62,0,0,112.29,134.11,69.3,18.02,1.674,24.11,"heavy traffic, industrial emissions, low wind",267.25
2024-08-12,Mumbai,27.94,61.72,5.06,0.94,41.26,78.94,45.39,0,0,45.07,82.47,41.27,17.92,1.167,18.83,industrial emissions,162.63
2024-08-13,Delhi,26.98,73.06,3.71,0.07,79.2,76.64,98.11,0,0,98.65,118.15,55.07,13.96,1.601,32.36,"heavy traffic, construction activity, industrial emissions",264.06
2024-08-14,Mumbai,30.64,45.64,3.74,1.07,58.37,80.13,41.25,0,0,70.53,135.65,54.13,19.76,1.394,28.57,industrial emissions,220.51
2024-08-15,Hyderabad,24.9,71.5,6.94,1.65,49.9,31.24,67.8,0,0,35.4,116.75,28.51,9.45,0.957,18.73,normal urban conditions,156.98
2024-08-16,Chennai,22.63,58.24,3.59,2.86,49.41,63.65,84.23,0,0,55.17,113.2,28.82,20.84,1.243,11.59,construction activity,182.33
2024-08-17,Chennai,29.34,44.75,1.64,3.65,41.98,73.93,61.41,0,0,69.99,97.15,27.2,18.23,1.227,32.18,"industrial emissions, rain, low wind",187.18
2024-08-18,Delhi,29.39,49.98,2.96,2.77,30.15,77.18,34.52,0,0,73.18,113.9,37.89,21.59,1.133,25.47,industrial emissions,218.9
2024-08-19,Bengaluru,28.94,61.6,2.03,0.47,68.84,38.13,22.31,0,0,69.47,104.34,51.64,11.65,1.238,28.0,normal urban conditions,206.61
2024-08-20,Delhi,28.72,53.45,2.72,0.29,89.69,63.83,62.91,0,0,79.71,103.79,58.68,15.19,1.777,28.21,heavy traffic,265.88
2024-08-21,Bengaluru,26.54,66.98,2.72,3.41,32.12,53.35,80.9,0,0,57.59,99.1,39.48,17.35,0.877,28.65,"construction activity, rain",171.0
2024-08-22,Mumbai,29.86,42.81,2.5,0.04,42.79,85.25,58.92,1,0,69.31,123.16,50.78,21.47,1.342,30.45,"industrial emissions, festival fireworks",243.14
2024-08-23,Hyderabad,27.36,41.37,1.53,9.2,70.03,27.03,72.67,0,0,59.5,97.45,53.5,12.29,1.134,25.6,"construction activity, rain, low wind",233.31
2024-08-24,Bengaluru,26.04,77.3,5.11,0.64,57.27,38.15,99.84,0,0,70.59,125.18,39.38,12.82,1.292,26.57,construction activity,172.66
2024-08-25,Hyderabad,26.56,72.24,3.56,5.12,71.35,19.41,64.75,0,0,49.91,68.23,43.38,12.47,1.181,30.24,rain,204.73
2024-08-26,Chennai,33.56,47.81,2.93,0.81,56.37,54.6,25.99,0,0,26.42,108.16,43.61,17.67,1.302,41.19,normal urban conditions,184.76
2024-08-27,Hyderabad,22.3,66.16,4.11,3.05,48.71,92.75,49.02,0,0,66.27,103.54,45.58,15.31,1.445,14.13,"industrial emissions, rain",197.05
2024-08-28,Chennai,29.0,71.7,3.77,0.31,54.39,51.2,75.4,0,0,62.88,126.87,31.96,14.42,1.108,32.78,construction activity,184.35
2024-08-29,Bengaluru,22.46,70.27,3.53,1.76,19.89,53.82,43.02,0,0,36.92,91.25,36.12,18.66,0.878,10.46,normal urban conditions,164.41
2024-08-30,Mumbai,27.18,64.26,4.02,2.4,39.7,61.9,78.11,0,0,50.99,109.86,35.34,13.85,1.054,31.99,construction activity,180.77
2024-08-31,Bengaluru,26.2,74.41,3.36,0.3,73.17,49.91,46.66,0,0,76.31,97.46,46.11,9.91,1.403,19.0,normal urban conditions,195.13
2024-09-01,Hyderabad,17.74,62.07,4.0,0.39,74.14,58.59,54.69,0,0,67.31,98.36,46.84,15.96,1.438,25.85,normal urban conditions,223.15
2024-09-02,Hyderabad,25.17,64.49,4.1,1.01,77.57,59.06,40.99,0,0,78.06,105.18,43.32,18.01,1.664,34.2,heavy traffic,240.43
2024-09-03,Delhi,22.86,65.62,3.4,1.28,62.13,36.78,51.19,0,0,70.9,114.78,41.38,11.5,1.123,23.95,normal urban conditions,222.73
2024-09-04,Delhi,17.7,66.68,2.94,2.86,18.97,50.31,52.25,0,0,43.11,117.48,31.85,18.93,0.814,19.4,normal urban conditions,198.91
2024-09-05,Hyderabad,26.52,59.34,5.04,2.59,44.91,65.35,15.83,0,0,36.32,91.94,34.86,22.99,1.131,24.78,normal urban conditions,171.12
2024-09-06,Delhi,28.31,62.72,2.63,1.97,76.27,68.71,39.17,0,0,77.87,101.89,60.8,12.22,1.665,22.75,heavy traffic,237.43
2024-09-07,Chennai,28.47,62.21,3.67,4.04,81.04,75.37,23.34,0,0,66.12,108.97,54.26,17.91,1.86,34.06,"heavy traffic, industrial emissions, rain",255.52
2024-09-08,Chennai,25.08,53.76,3.7,2.52,76.87,58.04,39.86,0,0,48.29,94.55,42.19,9.44,1.47,24.59,heavy traffic,163.99
2024-09-09,Bengaluru,24.14,72.92,2.47,2.7,51.29,58.4,32.1,0,0,81.13,113.38,51.45,18.33,1.227,7.3,normal urban conditions,194.43
2024-09-10,Bengaluru,27.98,52.45,2.23,0.38,34.17,65.5,68.24,1,0,82.78,125.0,39.6,15.44,1.022,33.29,festival fireworks,197.31
2024-09-11,Hyderabad,29.05,59.28,2.78,4.33,54.42,41.29,68.47,0,0,55.31,118.44,45.79,12.18,1.234,32.68,rain,200.9
2024-09-12,Delhi,27.4,59.67,2.61,3.86,55.31,40.56,59.21,0,0,40.76,79.71,46.32,16.93,1.137,26.21,rain,201.91
2024-09-13,Mumbai,21.18,70.56,1.45,2.07,80.12,49.75,22.65,0,0,75.04,107.77,47.98,10.98,1.582,15.66,"heavy traffic, low wind",206.65
2024-09-14,Hyderabad,24.6,43.39,2.42,3.73,58.72,29.05,46.04,0,0,48.3,114.43,37.09,6.91,1.097,18.2,rain,172.46
2024-09-15,Chennai,25.32,72.99,3.52,1.62,55.34,59.32,21.06,0,0,57.22,108.88,49.88,9.66,1.45,17.67,normal urban conditions,197.35
2024-09-16,Mumbai,18.57,62.03,4.72,6.71,56.25,70.88,45.05,0,0,27.71,104.21,55.9,22.15,1.175,22.16,"industrial emissions, rain",207.06
2024-09-17,Hyderabad,25.41,76.21,3.87,1.88,61.47,39.22,60.95,0,0,57.12,131.0,41.94,16.39,1.253,9.92,normal urban conditions,184.17
2024-09-18,Mumbai,30.82,55.45,0.3,1.56,65.09,59.83,67.84,0,0,83.72,101.44,47.58,15.69,1.389,31.27,low wind,214.91
2024-09-19,Delhi,25.92,63.17,3.97,2.54,43.48,40.68,57.46,0,0,47.75,102.9,44.99,9.68,1.012,25.18,normal urban conditions,218.32
2024-09-20,Delhi,28.42,81.04,2.53,7.92,38.15,33.7,73.17,1,0,56.32,96.87,29.44,14.89,0.933,32.92,"construction activity, rain, festival fireworks",188.8
2024-09-21,Mumbai,24.55,61.84,3.74,0.84,77.0,89.0,53.2,0,0,81.96,101.28,59.54,29.5,1.713,28.99,"heavy traffic, industrial emissions",251.97
2024-09-22,Delhi,23.78,77.54,3.18,2.37,28.82,33.96,43.33,0,0,60.07,91.05,26.36,11.73,0.817,16.71,normal urban conditions,181.59
2024-09-23,Delhi,25.14,64.59,2.97,0.93,81.28,28.97,65.47,1,0,77.63,115.66,49.73,8.03,1.432,12.24,"heavy traffic, festival fireworks",224.27
2024-09-24,Mumbai,21.55,70.87,3.08,1.56,24.5,55.86,66.13,0,0,46.01,92.14,26.12,19.66,1.019,15.6,normal urban conditions,142.06
2024-09-25,Mumbai,21.11,67.72,3.17,0.55,45.72,56.83,37.52,0,0,42.18,80.21,37.68,12.7,0.918,31.15,normal urban conditions,160.13
2024-09-26,Hyderabad,27.8,70.82,4.81,2.63,70.62,64.01,55.58,0,0,59.23,105.84,45.1,16.14,1.629,26.85,normal urban conditions,225.48
2024-09-27,Delhi,28.12,55.26,3.18,1.71,55.08,88.02,42.11,0,0,55.42,145.66,53.7,13.17,1.644,31.01,industrial emissions,259.2
2024-09-28,Mumbai,21.03,57.24,4.5,3.66,34.01,38.01,7.83,0,0,37.51,53.02,31.1,12.17,0.746,18.29,rain,135.21
2024-09-29,Hyderabad,26.9,56.58,4.33,4.64,61.89,41.59,56.8,0,0,50.36,120.06,46.93,9.82,1.246,29.4,rain,186.96
2024-09-30,Chennai,23.74,66.18,4.0,5.29,56.14,80.96,22.11,0,0,63.6,105.02,42.77,23.73,1.519,12.47,"industrial emissions, rain",197.45
2024-10-01,Bengaluru,21.52,64.53,1.06,0.98,50.54,68.9,54.56,0,1,113.81,139.03,45.47,15.1,1.343,28.64,"low wind, crop burning",228.26
2024-10-02,Chennai,21.88,73.59,4.54,2.54,44.02,66.4,17.29,0,0,38.05,49.28,43.31,19.96,1.311,13.12,normal urban conditions,152.34
2024-10-03,Mumbai,23.48,78.41,2.65,5.59,53.45,41.38,33.61,0,1,69.68,125.02,45.56,13.31,1.169,7.69,"rain, crop burning",178.85
2024-10-04,Hyderabad,20.75,57.52,4.06,0.55,44.69,72.27,39.33,1,0,79.63,93.51,32.89,18.94,1.057,38.35,"industrial emissions, festival fireworks",212.36
2024-10-05,Hyderabad,24.73,57.15,2.03,1.92,92.95,66.46,72.03,0,0,95.11,149.88,63.08,19.2,1.869,25.69,"heavy traffic, construction activity",290.06
2024-10-06,Chennai,21.43,52.44,1.78,0.6,50.16,55.41,37.33,0,0,71.52,144.46,38.13,15.71,1.235,24.24,low wind,182.3
2024-10-07,Chennai,22.37,86.44,5.57,5.53,48.02,41.47,26.5,0,1,64.74,83.65,40.31,11.69,1.192,6.84,"rain, crop burning",150.37
2024-10-08,Chennai,18.0,72.25,2.05,2.99,45.33,53.92,55.29,0,0,73.8,138.01,51.71,13.19,0.995,23.59,normal urban conditions,217.01
2024-10-09,Bengaluru,26.98,67.71,4.58,2.95,82.43,81.67,43.66,0,0,76.36,117.97,41.5,21.59,1.632,30.91,"heavy traffic, industrial emissions",210.9
2024-10-10,Hyderabad,21.91,53.06,3.34,0.69,27.77,32.31,63.81,0,1,80.89,85.63,24.07,6.46,0.778,22.29,crop burning,161.16
2024-10-11,Hyderabad,22.64,65.94,2.7,6.11,59.75,37.6,27.76,0,0,49.9,74.07,43.57,18.05,1.299,28.77,rain,191.35
2024-10-12,Chennai,15.68,75.92,3.15,1.21,50.17,40.7,52.22,1,0,74.56,120.39,38.41,13.91,1.225,25.7,festival fireworks,198.1
2024-10-13,Mumbai,18.03,66.65,1.64,0.78,31.23,44.61,97.39,0,0,68.77,125.49,39.46,13.12,0.834,23.6,"construction activity, low wind",167.52
2024-10-14,Mumbai,24.21,75.61,3.18,4.87,40.89,51.72,43.21,0,0,60.66,77.23,37.54,16.07,1.019,7.08,rain,165.64
2024-10-15,Chennai,21.36,89.97,1.9,1.08,59.07,69.25,51.73,0,0,74.45,117.61,45.84,16.3,1.604,10.89,low wind,173.62
2024-10-16,Mumbai,14.76,62.0,2.73,0.83,40.17,60.31,14.78,0,0,37.21,99.5,32.93,16.11,1.05,30.49,normal urban conditions,176.71
2024-10-17,Mumbai,23.61,55.05,4.31,3.86,58.15,53.1,30.94,0,1,75.0,132.94,35.41,12.1,1.32,24.96,"rain, crop burning",190.59
2024-10-18,Hyderabad,18.87,59.81,3.51,0.33,81.67,56.99,57.19,0,1,87.18,119.82,48.77,17.24,1.536,21.81,"heavy traffic, crop burning",235.58
2024-10-19,Mumbai,24.73,80.55,1.42,3.03,56.73,63.23,41.4,0,1,82.97,130.09,44.11,16.88,1.348,16.12,"rain, low wind, crop burning",209.61
2024-10-20,Chennai,20.24,78.06,4.22,1.94,30.74,21.73,60.29,0,0,53.82,121.9,28.26,11.04,0.68,15.3,normal urban conditions,121.38
2024-10-21,Chennai,21.11,65.66,3.19,3.56,40.45,71.29,56.5,0,0,69.14,128.98,39.86,22.86,1.096,30.08,"industrial emissions, rain",221.15
2024-10-22,Mumbai,24.04,65.34,2.55,2.71,49.43,37.12,21.64,0,0,47.87,109.55,34.25,10.53,1.036,33.87,normal urban conditions,175.38
2024-10-23,Hyderabad,17.81,61.17,4.1,2.14,48.36,44.02,68.31,1,0,33.46,90.33,31.21,13.66,1.051,26.03,festival fireworks,168.21
2024-10-24,Chennai,17.52,78.44,3.0,1.08,56.43,58.13,23.15,0,0,68.43,107.4,40.25,11.35,1.252,22.09,normal urban conditions,172.9
2024-10-25,Bengaluru,19.91,64.06,1.8,1.73,59.0,50.64,32.7,0,0,74.15,119.43,42.0,16.75,1.304,25.65,low wind,202.19
2024-10-26,Mumbai,22.98,63.11,5.42,2.68,81.69,60.76,52.59,0,1,88.35,113.83,47.2,16.67,1.746,22.57,"heavy traffic, crop burning",208.27
2024-10-27,Hyderabad,16.51,76.33,3.18,7.47,53.94,54.55,79.34,0,1,85.22,148.46,46.63,15.78,1.177,9.49,"construction activity, rain, crop burning",214.08
2024-10-28,Bengaluru,15.5,69.07,3.1,3.22,35.56,46.79,27.92,0,0,43.94,63.76,42.36,14.01,0.878,8.3,rain,135.2
2024-10-29,Bengaluru,22.97,63.37,2.71,0.64,72.46,79.52,50.95,0,1,98.41,125.84,48.13,17.99,1.597,32.23,"industrial emissions, crop burning",295.78
2024-10-30,Delhi,18.69,68.82,4.62,4.47,74.21,64.75,51.12,0,0,51.6,99.18,57.32,24.85,1.461,19.79,rain,254.57
2024-10-31,Mumbai,19.32,76.23,2.57,0.59,57.72,57.44,61.15,0,1,87.78,136.63,49.5,16.3,1.156,22.82,crop burning,237.05
2024-11-01,Chennai,12.37,89.61,1.35,0.0,51.13,64.47,71.68,0,0,89.08,142.25,46.79,18.2,1.335,15.52,"construction activity, low wind",211.49
2024-11-02,Mumbai,15.9,76.52,2.39,0.0,65.03,39.3,39.92,0,0,73.79,141.93,53.87,9.87,1.273,19.39,normal urban conditions,217.94
2024-11-03,Mumbai,17.92,77.29,4.79,0.0,51.69,91.15,68.24,0,0,79.93,124.54,46.1,24.24,1.431,20.99,industrial emissions,232.84
2024-11-04,Mumbai,20.73,65.29,4.2,0.0,22.18,32.42,74.61,0,0,31.11,74.36,27.29,11.82,0.557,26.45,construction activity,117.84
2024-11-05,Delhi,15.62,63.79,2.89,0.0,64.09,54.04,83.68,0,1,82.44,124.26,47.43,16.98,1.296,13.57,"construction activity, crop burning",226.46
2024-11-06,Delhi,22.91,72.3,4.85,0.0,69.35,46.84,58.04,0,0,60.48,101.57,45.2,17.2,1.25,30.2,normal urban conditions,241.07
2024-11-07,Mumbai,15.88,72.39,4.1,0.0,78.13,46.16,51.15,0,1,80.46,130.84,51.76,14.07,1.463,12.88,"heavy traffic, crop burning",211.02
2024-11-08,Chennai,15.89,56.45,2.88,0.0,43.38,43.82,38.51,0,0,57.75,83.73,37.07,11.98,1.044,21.64,normal urban conditions,154.77
2024-11-09,Delhi,22.55,62.73,3.0,0.0,58.69,38.11,18.82,0,1,64.03,102.12,44.12,6.11,1.194,14.59,crop burning,193.7
2024-11-10,Mumbai,18.57,67.97,3.6,0.0,59.04,73.39,42.44,1,0,90.68,157.31,43.78,17.58,1.345,18.89,"industrial emissions, festival fireworks",204.31
2024-11-11,Delhi,16.28,65.3,2.2,0.0,56.44,30.32,50.25,0,1,77.4,122.32,36.04,9.8,1.041,14.5,crop burning,177.41
2024-11-12,Hyderabad,17.47,84.39,3.21,0.0,56.91,69.7,45.81,0,1,109.16,123.41,42.67,14.72,1.336,17.65,crop burning,201.97
2024-11-13,Mumbai,22.0,71.2,3.57,0.0,55.67,63.67,59.95,0,0,75.36,112.59,42.41,21.55,1.329,26.7,normal urban conditions,211.92
2024-11-14,Bengaluru,22.34,79.9,1.18,0.0,58.46,45.14,18.92,0,0,61.07,62.88,50.91,17.17,1.176,21.23,low wind,197.74
2024-11-15,Hyderabad,15.49,73.59,2.97,0.0,66.92,61.59,44.36,0,0,95.75,131.08,46.41,11.36,1.348,31.41,normal urban conditions,261.65
2024-11-16,Bengaluru,17.81,70.15,2.84,0.0,74.6,49.16,87.9,0,1,107.25,175.64,53.69,15.33,1.369,24.95,"construction activity, crop burning",244.78
2024-11-17,Bengaluru,18.21,59.69,4.43,0.0,42.97,32.18,67.91,0,1,72.52,96.18,34.04,9.7,0.906,19.25,crop burning,144.32
2024-11-18,Hyderabad,14.98,71.43,0.99,0.0,52.31,32.37,60.32,0,0,73.51,91.17,37.52,13.28,1.036,17.06,low wind,181.09
2024-11-19,Chennai,17.77,69.49,2.74,0.0,48.31,63.8,55.81,0,1,94.89,121.11,50.68,14.81,1.125,22.08,crop burning,225.98
2024-11-20,Hyderabad,17.95,55.56,2.62,0.0,46.02,62.86,40.69,0,1,89.43,143.54,46.33,15.44,1.144,26.14,crop burning,239.35
2024-11-21,Chennai,21.36,61.45,4.35,0.0,29.22,56.36,12.92,0,1,51.4,125.78,32.16,18.91,1.038,13.73,crop burning,173.27
2024-11-22,Chennai,21.56,63.48,3.15,0.0,55.46,44.95,57.14,0,0,63.19,117.32,40.8,16.65,1.162,26.7,normal urban conditions,198.39
2024-11-23,Hyderabad,16.95,74.07,5.36,0.0,62.74,48.57,5.0,0,0,48.75,69.01,42.69,19.3,1.195,9.98,normal urban conditions,177.26
2024-11-24,Bengaluru,17.3,74.31,3.99,0.0,52.59,46.14,41.49,0,1,83.72,122.36,30.24,13.73,0.977,22.37,crop burning,182.44
2024-11-25,Mumbai,19.93,62.04,2.71,0.0,54.93,20.56,47.93,0,1,84.43,156.28,31.78,5.92,1.179,29.22,crop burning,174.43
2024-11-26,Chennai,16.18,75.16,3.49,0.0,61.77,53.1,39.06,0,0,67.99,105.09,47.68,18.26,1.401,19.98,normal urban conditions,178.68
2024-11-27,Bengaluru,19.7,66.19,2.78,0.0,77.65,61.4,91.43,0,1,104.41,146.81,43.96,19.61,1.573,4.61,"heavy traffic, construction activity, crop burning",238.1
2024-11-28,Chennai,17.67,40.73,4.23,0.0,48.36,53.22,84.49,0,0,55.07,110.77,34.46,17.4,1.243,10.36,construction activity,162.92
2024-11-29,Mumbai,15.03,66.43,1.6,0.0,36.33,83.84,68.66,0,1,87.17,100.79,41.3,18.18,1.231,22.23,"industrial emissions, low wind, crop burning",209.96
2024-11-30,Bengaluru,15.07,82.04,2.21,0.0,53.62,33.92,29.49,0,1,89.19,143.39,56.93,9.21,1.091,1.0,crop burning,166.21
2024-12-01,Hyderabad,21.34,50.04,3.75,0.0,88.14,40.1,86.43,0,0,73.64,135.97,56.06,15.02,1.449,28.0,"heavy traffic, construction activity",258.03
2024-12-02,Delhi,16.53,71.36,4.67,0.0,39.43,54.39,60.38,0,0,52.35,65.63,41.84,13.04,1.202,25.42,normal urban conditions,216.33
2024-12-03,Delhi,21.92,82.31,0.56,0.0,68.4,56.39,29.16,0,0,87.64,100.28,46.77,15.1,1.374,28.13,low wind,224.84
2024-12-04,Hyderabad,15.46,63.37,4.85,0.0,76.53,17.78,48.65,0,0,55.99,85.38,43.99,18.56,1.244,17.21,heavy traffic,187.93
2024-12-05,Mumbai,17.87,69.31,3.03,0.0,20.15,62.85,67.17,0,0,58.11,120.11,21.03,23.44,0.872,22.58,normal urban conditions,163.23
2024-12-06,Delhi,24.18,51.84,0.94,0.0,64.56,56.47,36.02,0,0,69.35,97.81,47.72,18.41,1.368,26.54,low wind,222.41
2024-12-07,Hyderabad,13.83,88.39,0.3,0.0,67.65,13.85,50.81,0,0,82.8,130.42,46.15,7.23,1.191,4.69,low wind,198.18
2024-12-08,Bengaluru,11.31,73.05,1.36,0.0,53.72,49.9,54.33,0,0,73.42,113.31,35.25,12.82,1.231,20.67,low wind,188.93
2024-12-09,Mumbai,20.86,67.66,3.18,0.0,47.66,37.45,25.98,0,0,52.46,98.75,39.15,15.14,1.0,31.09,normal urban conditions,185.71
2024-12-10,Chennai,14.52,85.18,3.12,0.0,48.55,43.84,42.6,1,0,82.69,131.05,41.33,18.51,1.098,20.59,festival fireworks,182.03
2024-12-11,Bengaluru,16.94,76.56,3.96,0.0,52.74,27.91,27.49,0,0,55.36,104.72,32.26,9.93,1.094,14.61,normal urban conditions,136.66
2024-12-12,Hyderabad,15.24,62.37,2.54,0.0,53.17,59.49,65.37,1,0,76.64,119.98,39.04,15.15,1.192,24.08,festival fireworks,201.14
2024-12-13,Chennai,17.8,62.86,1.87,0.0,50.15,83.71,29.84,0,0,73.22,119.39,44.26,20.66,1.47,29.33,"industrial emissions, low wind",212.42
2024-12-14,Hyderabad,14.15,76.85,2.7,0.0,52.49,56.77,53.84,0,0,87.01,130.62,40.97,11.92,1.219,24.72,normal urban conditions,207.66
2024-12-15,Delhi,16.46,64.04,3.24,0.0,77.05,13.13,20.2,0,0,54.5,94.53,41.12,5.03,1.381,26.56,heavy traffic,199.65
2024-12-16,Delhi,18.35,47.78,3.48,0.0,38.57,57.14,25.33,0,0,50.37,88.06,39.97,12.61,0.944,11.22,normal urban conditions,163.34
2024-12-17,Chennai,13.98,71.49,2.25,0.0,30.02,48.5,24.36,0,0,60.42,137.09,30.2,16.4,0.954,19.9,normal urban conditions,176.56
2024-12-18,Chennai,14.9,56.57,4.28,0.0,77.31,32.18,42.21,0,0,63.17,99.48,55.29,12.97,1.3,23.93,heavy traffic,214.22
2024-12-19,Bengaluru,15.96,86.79,2.45,0.0,54.93,58.37,51.61,1,0,80.21,145.95,54.17,19.75,1.209,23.63,festival fireworks,233.56
2024-12-20,Delhi,12.71,74.67,2.16,0.0,51.79,67.84,55.3,0,0,69.37,101.33,47.08,12.64,1.351,19.64,normal urban conditions,228.98
2024-12-21,Mumbai,15.73,61.74,2.55,0.0,56.22,39.97,12.56,0,0,57.39,114.13,39.23,8.84,1.146,30.11,normal urban conditions,178.37
2024-12-22,Delhi,17.36,62.66,4.49,0.0,61.35,22.41,44.63,0,0,57.99,135.95,34.21,11.95,1.328,7.23,normal urban conditions,184.55
2024-12-23,Delhi,15.8,51.85,3.04,0.0,49.62,15.79,32.99,0,0,61.27,98.83,35.26,6.91,0.982,24.38,normal urban conditions,178.74
2024-12-24,Mumbai,16.19,59.48,2.37,0.0,66.09,40.02,58.68,0,0,58.11,93.61,48.23,11.0,1.228,23.12,normal urban conditions,208.73
2024-12-25,Hyderabad,16.94,80.11,4.31,0.0,42.6,49.2,42.65,0,0,71.26,105.84,34.65,17.91,1.098,24.02,normal urban conditions,191.3
2024-12-26,Delhi,15.03,93.59,5.77,0.0,53.17,42.71,46.38,0,0,48.5,96.6,34.46,12.18,1.125,25.83,normal urban conditions,172.87
2024-12-27,Chennai,19.07,75.71,3.45,0.0,22.56,39.7,33.1,0,0,53.17,104.65,29.49,12.04,0.826,13.19,normal urban conditions,141.59
2024-12-28,Hyderabad,21.31,65.96,4.68,0.0,76.76,62.22,82.49,0,0,69.89,116.59,51.41,16.21,1.521,32.36,"heavy traffic, construction activity",207.85
2024-12-29,Mumbai,15.61,66.56,4.44,0.0,55.18,60.33,22.33,0,0,39.07,79.43,39.27,16.08,1.307,24.3,normal urban conditions,174.71
2024-12-30,Hyderabad,18.46,59.32,2.47,0.0,68.72,55.59,40.01,0,0,60.46,140.33,49.94,17.95,1.424,19.72,normal urban conditions,221.05
2024-12-31,Bengaluru,16.28,91.0,3.23,0.0,65.63,66.7,50.15,0,0,74.8,113.51,45.77,14.04,1.444,9.67,normal urban conditions,182.87
2025-01-01,Mumbai,19.03,66.59,1.66,0.0,70.8,40.19,42.97,0,0,81.66,110.24,43.44,12.87,1.424,21.85,low wind,191.47
2025-01-02,Delhi,22.64,87.11,2.95,0.0,61.88,32.3,32.72,0,0,64.22,122.04,41.4,15.65,1.042,22.0,normal urban conditions,223.12
2025-01-03,Delhi,19.46,82.11,2.45,0.0,68.21,42.6,11.77,0,0,64.56,120.07,43.05,20.21,1.332,21.24,normal urban conditions,227.82
2025-01-04,Chennai,12.62,55.56,2.72,0.0,46.62,41.36,34.17,0,0,67.65,135.26,33.33,9.55,1.001,13.88,normal urban conditions,139.23
2025-01-05,Delhi,19.3,61.63,2.3,0.0,43.26,15.08,28.81,0,0,49.64,130.39,37.97,10.41,0.752,25.48,normal urban conditions,211.04
2025-01-06,Bengaluru,21.64,59.96,2.86,0.0,60.38,42.18,81.58,1,0,85.02,134.79,40.6,13.18,1.161,19.87,"construction activity, festival fireworks",182.44
2025-01-07,Mumbai,17.27,68.91,3.84,0.0,51.12,71.89,93.29,0,0,106.99,141.25,55.26,18.21,1.245,27.75,"construction activity, industrial emissions",233.71
2025-01-08,Bengaluru,20.92,66.55,3.06,0.0,84.81,66.42,46.98,0,0,83.19,88.79,60.6,15.26,1.647,33.49,heavy traffic,255.39
2025-01-09,Delhi,15.87,95.0,0.96,0.0,68.0,61.45,19.9,0,0,77.18,98.39,47.05,19.1,1.462,9.64,low wind,240.72
2025-01-10,Chennai,13.48,61.59,2.3,0.0,50.54,54.37,62.76,0,0,76.14,123.39,49.27,17.81,1.226,18.44,normal urban conditions,203.1
2025-01-11,Bengaluru,18.36,71.24,1.38,0.0,57.66,78.08,28.38,0,0,87.51,102.78,46.57,27.06,1.378,26.36,"industrial emissions, low wind",209.54
2025-01-12,Hyderabad,12.67,79.1,3.49,0.0,64.13,32.92,37.02,0,0,64.88,79.57,53.6,8.3,1.344,17.41,normal urban conditions,189.32
2025-01-13,Mumbai,17.22,69.73,3.8,0.0,60.91,34.63,35.42,0,0,59.01,104.69,41.87,7.3,1.159,9.63,normal urban conditions,159.65
2025-01-14,Chennai,21.8,67.64,3.51,0.0,66.35,72.24,37.99,0,0,87.12,138.88,53.71,24.72,1.324,27.93,industrial emissions,257.23
2025-01-15,Mumbai,12.21,62.81,2.26,0.0,63.1,52.5,40.91,0,0,85.68,119.73,46.96,15.24,1.295,12.94,normal urban conditions,220.41
2025-01-16,Hyderabad,14.1,73.0,3.5,0.0,39.75,39.92,21.73,0,0,47.39,109.3,35.49,12.02,0.97,18.4,normal urban conditions,168.72
2025-01-17,Mumbai,14.84,76.52,2.64,0.0,27.59,61.93,33.96,0,0,50.77,108.25,33.33,17.47,0.691,10.02,normal urban conditions,159.61
2025-01-18,Mumbai,17.75,72.65,1.83,0.0,56.02,44.11,68.4,0,0,80.71,144.43,37.35,9.87,1.283,24.61,low wind,193.2
2025-01-19,Hyderabad,16.84,75.71,4.09,0.0,70.97,36.92,47.33,0,0,58.05,143.34,46.48,14.04,1.315,15.23,normal urban conditions,191.98
2025-01-20,Delhi,22.14,80.43,4.18,0.0,56.2,36.42,50.51,0,0,67.52,158.75,44.77,12.59,1.051,26.83,normal urban conditions,213.65
2025-01-21,Delhi,20.8,76.61,4.34,0.0,81.79,57.79,5.0,0,0,68.95,120.48,45.29,19.47,1.501,18.74,heavy traffic,238.54
2025-01-22,Mumbai,19.42,68.92,2.47,0.0,61.25,55.7,66.96,0,0,104.34,133.01,55.69,18.48,1.38,17.04,normal urban conditions,251.14
2025-01-23,Delhi,18.37,57.22,4.62,0.0,83.72,79.3,34.29,0,0,88.35,126.49,60.74,22.51,1.801,24.13,"heavy traffic, industrial emissions",278.44
2025-01-24,Hyderabad,19.12,62.42,2.61,0.0,80.43,46.78,70.48,0,0,72.03,145.8,49.17,15.06,1.444,13.5,"heavy traffic, construction activity",230.75
2025-01-25,Chennai,15.35,68.86,3.98,0.0,78.82,46.47,51.09,0,0,65.95,94.51,46.74,19.25,1.366,30.77,heavy traffic,203.74
2025-01-26,Delhi,20.51,69.97,2.59,0.0,42.74,77.91,36.76,0,0,49.26,122.42,54.91,21.19,1.241,22.18,industrial emissions,241.69
2025-01-27,Delhi,14.6,66.8,2.93,0.0,62.27,69.74,14.44,1,0,55.25,95.11,54.73,16.56,1.441,14.05,festival fireworks,226.12
2025-01-28,Delhi,20.44,58.13,0.3,0.0,81.56,54.61,91.5,0,0,103.33,147.57,63.4,13.31,1.602,19.47,"heavy traffic, construction activity, low wind",296.84
2025-01-29,Hyderabad,21.5,54.87,2.84,0.0,66.36,23.9,64.06,0,0,54.35,88.91,40.08,8.73,1.145,23.36,normal urban conditions,183.2
2025-01-30,Mumbai,18.57,52.29,3.31,0.0,70.87,37.39,65.26,0,0,85.77,103.33,48.77,14.75,1.315,28.91,normal urban conditions,217.99
2025-01-31,Hyderabad,17.41,67.26,2.71,0.0,39.79,33.03,84.38,0,0,75.49,116.73,35.57,8.29,0.927,13.24,construction activity,173.99
2025-02-01,Delhi,21.7,51.91,5.31,0.0,96.7,52.66,52.48,0,0,68.69,136.27,54.86,15.89,1.804,21.12,heavy traffic,242.03
2025-02-02,Mumbai,11.92,63.45,1.81,0.0,53.34,42.85,75.05,0,0,71.82,105.23,42.33,11.36,1.253,16.59,"construction activity, low wind",158.44
2025-02-03,Hyderabad,21.41,62.88,2.52,0.0,34.09,80.85,38.43,0,0,79.84,148.52,47.76,16.18,1.272,33.03,industrial emissions,228.29
2025-02-04,Hyderabad,20.16,54.33,2.11,0.0,60.38,23.71,62.75,0,0,84.28,115.43,49.75,7.52,1.221,29.56,normal urban conditions,216.79
2025-02-05,Hyderabad,20.35,71.35,2.52,0.0,26.84,31.1,35.4,0,0,39.07,69.32,26.88,11.9,0.904,31.76,normal urban conditions,157.7
2025-02-06,Bengaluru,22.62,73.37,4.44,0.0,48.64,56.4,37.92,0,0,45.01,97.87,31.56,18.32,1.253,21.85,normal urban conditions,158.72
2025-02-07,Hyderabad,20.28,62.11,4.97,0.0,100.0,61.39,49.94,0,0,75.13,129.56,69.17,14.79,1.771,31.73,heavy traffic,263.21
2025-02-08,Chennai,17.08,65.47,2.36,0.0,59.92,10.0,22.65,0,0,58.91,105.28,46.88,2.37,1.152,28.41,normal urban conditions,145.46
2025-02-09,Hyderabad,20.08,73.12,2.33,0.0,43.16,20.76,54.59,0,0,53.25,104.2,35.16,19.79,0.782,25.14,normal urban conditions,186.56
2025-02-10,Mumbai,20.7,60.17,1.81,0.0,66.4,47.26,41.76,1,0,87.89,154.78,58.27,17.91,1.52,27.61,"low wind, festival fireworks",254.11
2025-02-11,Mumbai,20.84,59.38,4.77,0.0,51.64,76.41,8.25,0,0,71.63,111.42,46.15,22.02,1.25,18.18,industrial emissions,216.42
2025-02-12,Mumbai,20.99,79.07,4.55,0.0,79.83,85.98,38.85,0,0,64.35,99.45,51.62,25.64,1.795,32.85,"heavy traffic, industrial emissions",236.92
2025-02-13,Hyderabad,23.62,74.11,3.07,0.0,51.77,44.54,41.1,0,0,57.57,82.71,32.02,14.4,1.254,20.38,normal urban conditions,184.67
2025-02-14,Mumbai,17.24,75.75,1.52,0.0,70.33,48.93,65.06,0,0,71.77,139.56,41.75,14.42,1.424,22.31,low wind,196.45
2025-02-15,Chennai,21.03,76.34,1.63,0.0,47.65,36.94,53.7,1,0,69.71,106.06,38.56,16.98,0.879,25.14,"low wind, festival fireworks",182.5
2025-02-16,Hyderabad,24.37,44.97,3.4,0.0,100.0,63.4,76.95,0,0,87.75,124.14,58.8,21.19,1.755,16.41,"heavy traffic, construction activity",254.2
2025-02-17,Chennai,15.3,84.63,3.86,0.0,74.06,79.51,58.4,0,0,75.64,137.67,50.94,21.57,1.644,15.9,industrial emissions,231.08
2025-02-18,Bengaluru,21.04,70.99,0.72,0.0,63.67,74.61,36.92,0,0,92.55,165.82,52.61,21.58,1.513,22.48,"industrial emissions, low wind",246.82
2025-02-19,Mumbai,18.74,78.79,2.81,0.0,61.31,51.48,46.83,0,0,73.16,120.01,50.36,11.52,1.28,18.06,normal urban conditions,209.48
2025-02-20,Mumbai,19.39,72.1,5.14,0.0,57.14,36.91,41.04,0,0,53.6,97.66,34.64,12.13,1.163,19.74,normal urban conditions,167.32
2025-02-21,Bengaluru,17.79,69.84,2.94,0.0,53.83,52.15,57.76,0,0,65.77,111.16,38.06,20.46,1.091,29.85,normal urban conditions,189.08
2025-02-22,Mumbai,19.99,65.05,4.99,0.0,53.39,76.85,49.2,0,0,59.55,97.36,41.79,21.71,1.494,15.4,industrial emissions,202.91
2025-02-23,Mumbai,26.02,67.25,3.98,0.0,92.85,44.79,35.43,0,0,69.82,105.21,59.99,9.78,1.603,15.36,heavy traffic,195.66
2025-02-24,Chennai,16.71,66.99,1.9,0.0,57.16,19.32,48.17,0,0,61.85,100.86,37.89,8.5,1.115,15.04,low wind,154.21
2025-02-25,Hyderabad,16.99,78.58,2.85,0.0,31.93,45.52,57.22,0,0,63.01,125.52,34.5,18.91,1.019,23.12,normal urban conditions,209.0
2025-02-26,Delhi,16.59,54.32,3.05,0.0,47.34,46.98,27.87,0,0,35.75,83.57,48.05,15.88,1.008,26.5,normal urban conditions,200.16
2025-02-27,Hyderabad,25.68,58.41,2.06,0.0,80.84,19.22,54.34,0,0,77.04,143.77,64.16,10.62,1.346,29.36,heavy traffic,248.92
2025-02-28,Hyderabad,19.11,88.87,2.04,0.0,61.96,56.18,16.43,0,0,63.67,102.63,51.18,16.62,1.353,24.23,normal urban conditions,233.28
2025-03-01,Chennai,23.92,58.79,5.01,0.0,66.78,61.11,70.11,0,0,63.47,104.41,49.84,16.53,1.397,25.89,construction activity,205.41
2025-03-02,Bengaluru,22.79,63.46,2.03,0.0,87.65,85.48,58.54,0,0,82.01,146.53,55.86,19.1,1.889,19.29,"heavy traffic, industrial emissions",228.61
2025-03-03,Delhi,21.17,58.16,4.49,0.0,56.49,28.02,80.59,0,0,54.41,105.87,38.89,8.98,1.043,16.05,construction activity,205.06
2025-03-04,Delhi,23.29,68.85,2.68,0.0,79.05,65.15,25.67,0,0,80.85,116.44,55.23,20.45,1.594,13.71,heavy traffic,250.8
2025-03-05,Bengaluru,31.37,52.48,3.17,0.0,58.24,69.4,70.67,1,0,88.2,130.23,52.56,18.82,1.336,27.37,"construction activity, festival fireworks",227.61
2025-03-06,Delhi,28.18,60.22,3.87,0.0,78.14,61.35,66.72,0,0,65.88,138.82,49.96,18.94,1.742,31.79,heavy traffic,235.89
2025-03-07,Mumbai,21.44,75.28,2.48,0.0,62.67,33.88,44.36,0,0,72.18,119.96,43.82,14.06,1.152,22.42,normal urban conditions,195.89
2025-03-08,Delhi,25.94,56.65,3.88,0.0,65.06,32.83,40.47,0,0,68.92,134.04,45.26,16.48,1.287,25.63,normal urban conditions,244.28
2025-03-09,Delhi,21.51,74.63,0.74,0.0,82.05,53.75,26.3,0,0,82.92,116.12,67.43,16.96,1.701,13.48,"heavy traffic, low wind",267.17
2025-03-10,Chennai,18.67,76.95,3.73,0.0,80.9,53.62,21.08,0,0,70.11,129.72,61.37,18.05,1.469,37.09,heavy traffic,231.71
2025-03-11,Delhi,27.06,73.41,0.3,0.0,66.28,41.93,32.98,0,0,60.5,108.61,55.81,14.21,1.305,18.29,low wind,228.71
2025-03-12,Delhi,27.48,63.97,2.93,0.0,61.38,75.25,22.88,0,0,61.25,119.57,54.22,16.2,1.359,26.28,industrial emissions,237.7
2025-03-13,Chennai,27.14,95.0,4.23,0.0,94.51,44.79,79.91,0,0,89.37,149.02,52.21,13.49,1.492,28.55,"heavy traffic, construction activity",230.51
2025-03-14,Delhi,22.59,76.53,3.95,0.0,78.36,17.91,17.96,0,0,66.55,90.12,47.98,11.64,1.235,21.54,heavy traffic,213.77
2025-03-15,Chennai,23.5,68.6,1.64,0.0,62.67,47.97,50.98,0,0,71.11,115.75,41.8,16.71,1.244,17.04,low wind,209.78
2025-03-16,Delhi,26.25,54.67,1.8,0.0,58.48,60.64,56.71,0,0,103.79,156.88,45.96,21.06,1.275,31.54,low wind,274.1
2025-03-17,Delhi,25.17,63.21,2.37,0.0,85.33,58.16,55.15,0,0,89.38,148.75,66.88,14.93,1.599,14.88,heavy traffic,257.43
2025-03-18,Delhi,22.82,80.09,3.42,0.0,70.77,58.02,56.91,0,0,64.06,132.44,52.62,16.96,1.448,33.13,normal urban conditions,256.08
2025-03-19,Bengaluru,19.14,85.5,0.76,0.0,66.31,78.89,66.93,0,0,111.16,148.29,56.42,19.24,1.423,20.24,"industrial emissions, low wind",247.18
2025-03-20,Bengaluru,24.34,79.54,3.18,0.0,70.77,31.93,39.08,0,0,54.27,128.12,46.59,16.98,1.319,20.07,normal urban conditions,207.91
2025-03-21,Hyderabad,27.24,70.59,3.57,0.0,74.33,44.37,49.75,0,0,74.04,104.67,47.27,15.23,1.505,14.6,normal urban conditions,206.7
2025-03-22,Mumbai,20.41,54.96,2.86,0.0,68.02,79.81,42.13,0,0,68.44,84.48,40.44,20.96,1.652,14.57,industrial emissions,190.96
2025-03-23,Delhi,25.92,68.53,3.83,0.0,88.19,16.59,74.05,0,0,59.26,103.33,39.65,9.55,1.387,23.67,"heavy traffic, construction activity",229.99
2025-03-24,Hyderabad,24.99,51.89,3.47,0.0,89.08,51.03,90.0,1,0,104.5,165.7,58.6,14.49,1.697,38.77,"heavy traffic, construction activity, festival fireworks",266.23
2025-03-25,Mumbai,26.25,48.55,2.55,0.0,77.44,74.12,24.12,0,0,74.57,94.27,50.67,14.51,1.57,28.24,"heavy traffic, industrial emissions",227.35
2025-03-26,Hyderabad,26.62,65.56,0.88,0.0,90.92,73.85,7.38,0,0,108.49,110.79,62.62,15.03,1.757,27.2,"heavy traffic, industrial emissions, low wind",268.68
2025-03-27,Bengaluru,21.92,71.69,3.36,0.0,69.06,63.88,59.38,0,0,67.12,81.5,42.62,17.76,1.494,24.15,normal urban conditions,186.33
2025-03-28,Chennai,19.15,77.43,2.06,0.0,79.97,64.34,69.41,0,0,76.98,134.31,51.48,17.46,1.569,35.79,heavy traffic,227.88
2025-03-29,Hyderabad,22.4,71.09,2.51,0.0,85.0,33.26,87.14,0,0,81.82,100.76,50.92,12.88,1.368,18.7,"heavy traffic, construction activity",232.38
2025-03-30,Delhi,26.67,68.45,3.77,0.0,85.23,76.72,62.76,0,0,115.05,158.7,63.75,22.1,1.8,35.41,"heavy traffic, industrial emissions",324.93
2025-03-31,Mumbai,22.37,56.29,4.9,0.0,83.58,30.4,75.92,0,0,75.65,114.95,53.71,12.14,1.369,20.76,"heavy traffic, construction activity",221.37
2025-04-01,Chennai,25.42,62.96,3.15,0.0,80.1,31.47,81.2,0,0,83.35,113.39,43.54,10.99,1.358,19.5,"heavy traffic, construction activity",206.55
2025-04-02,Hyderabad,22.04,51.3,3.86,0.0,100.0,58.98,77.3,0,0,93.83,116.67,62.0,15.81,1.889,23.41,"heavy traffic, construction activity",264.45
2025-04-03,Bengaluru,32.76,38.84,1.47,0.0,61.36,43.13,65.62,0,0,70.04,119.12,36.63,14.63,1.288,30.76,low wind,177.55
2025-04-04,Hyderabad,29.98,68.22,3.49,0.0,67.52,55.72,22.36,0,0,92.21,113.26,47.95,14.78,1.409,30.23,normal urban conditions,213.75
2025-04-05,Delhi,29.81,53.4,3.13,0.0,66.57,59.75,47.83,0,0,75.6,117.35,54.21,19.75,1.29,11.72,normal urban conditions,260.46
2025-04-06,Chennai,30.4,69.24,4.68,0.0,64.11,84.01,54.0,0,0,75.57,125.38,50.15,20.41,1.43,27.45,industrial emissions,227.05
2025-04-07,Bengaluru,29.23,72.42,2.55,0.0,38.18,59.81,46.0,0,0,73.73,126.84,46.3,17.32,1.099,21.19,normal urban conditions,201.38
2025-04-08,Chennai,26.77,56.87,2.91,0.0,92.0,40.87,47.24,0,0,66.03,127.01,59.66,11.09,1.65,20.83,heavy traffic,243.6
2025-04-09,Chennai,27.01,68.8,4.47,0.0,53.58,64.18,79.34,0,0,59.48,112.09,44.28,20.46,1.298,15.53,construction activity,178.32
2025-04-10,Mumbai,26.22,56.84,3.09,0.0,72.72,37.03,32.86,0,0,62.4,86.84,44.83,17.24,1.307,23.05,normal urban conditions,164.22
2025-04-11,Mumbai,35.4,38.56,1.87,0.0,47.25,68.44,63.98,0,0,82.92,133.25,41.19,13.86,1.187,29.23,low wind,186.24
2025-04-12,Mumbai,29.17,62.62,6.26,0.0,79.93,53.16,54.33,0,0,47.78,109.16,39.74,16.71,1.545,23.54,heavy traffic,180.95
2025-04-13,Chennai,26.11,58.82,1.91,0.0,57.43,59.21,30.85,0,0,69.88,107.84,38.61,16.15,1.194,13.83,low wind,179.41
2025-04-14,Hyderabad,28.9,57.17,3.12,0.0,51.82,19.95,26.47,1,0,56.04,95.03,40.91,11.04,0.999,27.72,festival fireworks,201.48
2025-04-15,Hyderabad,24.47,84.43,3.62,0.0,73.11,11.49,13.97,0,0,39.22,130.65,49.82,10.19,1.085,15.78,normal urban conditions,197.33
2025-04-16,Chennai,32.01,44.13,3.52,0.0,58.79,24.97,57.71,0,0,51.31,77.13,31.62,4.29,1.021,18.87,normal urban conditions,107.47
2025-04-17,Bengaluru,25.52,67.77,2.97,0.0,60.81,83.42,46.74,0,0,83.25,131.93,51.64,22.63,1.495,20.07,industrial emissions,261.01
2025-04-18,Chennai,29.0,51.55,2.98,0.0,72.75,31.33,31.48,0,0,47.96,113.57,35.89,15.35,1.358,22.35,normal urban conditions,168.12
2025-04-19,Chennai,30.7,69.39,2.92,0.0,82.8,65.18,10.48,0,0,89.29,117.08,50.14,21.1,1.662,26.84,heavy traffic,249.2
2025-04-20,Delhi,28.65,64.73,1.86,0.0,56.91,40.45,56.65,0,0,76.55,116.18,44.04,10.64,1.086,22.06,low wind,227.23
2025-04-21,Mumbai,27.78,66.15,5.78,0.0,54.14,47.68,44.53,0,0,52.1,92.19,35.06,14.54,1.036,15.2,normal urban conditions,159.46
2025-04-22,Bengaluru,27.53,53.08,2.94,0.0,70.38,51.2,33.73,0,0,68.32,110.29,36.96,13.57,1.401,20.55,normal urban conditions,176.88
2025-04-23,Chennai,27.33,55.01,3.92,0.0,78.63,81.59,28.72,0,0,63.33,122.14,66.81,14.31,1.531,14.34,"heavy traffic, industrial emissions",213.55
2025-04-24,Delhi,25.77,73.03,2.8,0.0,93.4,62.52,43.23,0,0,81.11,117.46,59.34,15.14,1.822,31.37,heavy traffic,259.36
2025-04-25,Mumbai,26.15,81.2,2.77,0.0,52.86,58.93,57.4,0,0,76.46,175.22,36.92,13.18,1.151,31.72,normal urban conditions,204.96
2025-04-26,Hyderabad,31.94,64.25,2.65,0.0,64.91,75.34,41.4,0,0,70.94,105.02,52.32,20.06,1.66,37.79,industrial emissions,227.9
2025-04-27,Bengaluru,27.17,53.8,1.34,0.0,88.81,40.6,24.23,0,0,82.25,144.39,54.78,8.6,1.482,22.36,"heavy traffic, low wind",239.2
2025-04-28,Delhi,25.14,67.59,3.01,0.0,100.0,71.23,46.84,0,0,82.86,132.55,66.17,15.46,1.914,32.8,"heavy traffic, industrial emissions",294.16
2025-04-29,Bengaluru,25.95,87.91,2.71,0.0,54.11,68.22,68.91,0,0,84.4,128.52,43.91,16.36,1.25,24.57,normal urban conditions,232.21
2025-04-30,Mumbai,30.8,61.26,4.61,0.0,58.18,68.02,48.81,0,0,68.08,138.39,47.07,20.19,1.343,21.83,normal urban conditions,209.22
2025-05-01,Mumbai,32.09,73.96,1.76,0.0,75.03,49.21,49.37,0,0,66.52,82.01,56.9,23.21,1.46,22.37,"heavy traffic, low wind",217.21
2025-05-02,Hyderabad,31.74,52.18,2.51,0.0,59.68,44.13,41.49,1,0,75.05,123.92,35.59,14.97,1.3,27.99,festival fireworks,209.39
2025-05-03,Hyderabad,29.29,60.88,2.12,0.0,56.78,36.34,30.21,0,0,47.62,81.44,37.14,9.72,1.231,27.52,normal urban conditions,170.95
2025-05-04,Bengaluru,31.78,65.75,4.93,0.0,72.84,37.47,29.54,0,0,36.9,78.37,49.29,10.96,1.407,30.13,normal urban conditions,194.0
2025-05-05,Mumbai,28.13,66.08,2.16,0.0,93.72,35.49,14.76,0,0,70.47,100.93,51.82,14.65,1.671,25.53,heavy traffic,235.63
2025-05-06,Chennai,29.28,53.64,3.87,0.0,47.98,58.6,71.62,0,0,91.46,114.84,39.81,12.34,1.128,25.23,construction activity,210.23
2025-05-07,Delhi,32.97,50.62,4.36,0.0,92.9,47.89,57.25,0,0,82.15,93.74,51.82,17.95,1.704,39.52,heavy traffic,283.54
2025-05-08,Chennai,32.69,68.8,3.02,0.0,59.73,59.77,49.65,0,0,85.14,131.81,43.57,17.38,1.298,26.92,normal urban conditions,223.62
2025-05-09,Delhi,27.12,74.73,1.55,0.0,74.46,60.78,53.91,0,0,94.17,130.91,50.64,16.35,1.587,22.75,low wind,253.24
2025-05-10,Bengaluru,27.5,77.67,1.56,0.0,94.38,32.92,54.79,0,0,91.85,125.05,48.02,7.21,1.589,22.28,"heavy traffic, low wind",223.61
2025-05-11,Mumbai,30.39,78.57,4.23,0.0,74.13,32.38,33.31,0,0,70.22,125.33,47.32,14.94,1.384,24.49,normal urban conditions,218.55
2025-05-12,Mumbai,35.24,58.48,1.69,0.0,64.17,47.88,41.49,0,0,67.51,118.75,53.31,12.38,1.331,20.83,low wind,202.28
2025-05-13,Delhi,24.32,61.67,3.67,0.0,80.42,38.05,38.52,0,0,72.08,108.88,47.71,13.55,1.504,16.95,heavy traffic,223.29
2025-05-14,Bengaluru,30.9,73.68,3.34,0.0,66.16,36.15,98.23,0,0,88.97,188.43,49.06,12.31,1.196,43.27,construction activity,239.6
2025-05-15,Delhi,25.93,70.78,3.65,0.0,77.27,82.52,68.4,0,0,93.45,151.62,53.54,15.45,1.547,12.22,"heavy traffic, industrial emissions",270.29
2025-05-16,Bengaluru,28.16,52.26,3.77,0.0,65.65,24.4,51.36,0,0,70.23,157.84,37.01,10.21,1.263,29.12,normal urban conditions,192.91
2025-05-17,Bengaluru,28.97,51.19,2.08,0.0,82.71,88.42,75.32,0,0,99.61,131.28,64.08,17.52,1.881,30.19,"heavy traffic, construction activity, industrial emissions",265.55
2025-05-18,Chennai,28.8,66.56,2.03,0.0,46.62,57.2,72.79,0,0,91.75,137.04,44.28,14.2,1.143,32.94,construction activity,216.33
2025-05-19,Bengaluru,28.46,60.1,4.06,0.0,52.71,69.75,20.39,0,0,55.35,76.67,43.43,19.46,1.366,29.01,normal urban conditions,186.42
2025-05-20,Mumbai,30.08,60.48,2.44,0.0,46.39,67.63,43.54,0,0,89.19,121.17,47.28,19.93,1.082,40.52,normal urban conditions,220.15
2025-05-21,Bengaluru,28.46,72.61,0.3,0.0,68.03,63.11,47.67,1,0,105.75,129.52,45.39,17.04,1.395,26.62,"low wind, festival fireworks",235.58
2025-05-22,Chennai,25.67,71.42,3.98,0.0,44.46,81.91,60.23,0,0,64.18,164.28,41.68,17.45,1.282,32.99,industrial emissions,199.41
2025-05-23,Mumbai,32.4,72.42,1.96,0.0,57.86,32.52,43.52,0,0,56.03,89.78,46.93,10.26,1.001,34.41,low wind,192.28
2025-05-24,Delhi,32.32,39.86,3.76,0.0,51.21,49.19,46.03,0,0,47.16,91.68,45.56,12.88,1.037,41.79,normal urban conditions,217.57
2025-05-25,Chennai,32.59,61.52,4.87,0.0,92.6,36.65,38.77,0,0,56.3,75.72,56.69,6.45,1.594,28.72,heavy traffic,211.6
2025-05-26,Delhi,25.44,70.94,3.22,0.0,53.08,21.47,68.98,0,0,60.11,117.97,41.72,10.66,0.967,26.26,normal urban conditions,206.34
2025-05-27,Hyderabad,30.96,44.86,4.39,0.0,48.34,40.1,19.13,0,0,30.01,63.6,33.88,8.42,1.043,27.06,normal urban conditions,138.69
2025-05-28,Mumbai,32.09,52.79,3.38,0.0,72.9,85.71,39.45,0,0,90.71,144.3,45.55,20.94,1.607,30.43,industrial emissions,250.22
2025-05-29,Delhi,26.97,54.52,5.1,0.0,95.92,48.88,11.13,0,0,63.5,71.77,53.55,10.44,1.592,27.8,heavy traffic,224.33
2025-05-30,Bengaluru,30.09,60.95,1.93,0.0,67.07,87.7,27.41,0,0,83.02,118.37,59.53,17.41,1.564,12.69,"industrial emissions, low wind",227.42
2025-05-31,Delhi,29.71,77.28,3.19,0.0,68.31,89.54,54.34,0,0,73.16,83.17,59.83,23.33,1.606,24.07,industrial emissions,279.26
2025-06-01,Bengaluru,36.53,76.46,4.01,3.32,86.65,100.0,54.72,1,0,86.79,117.83,59.96,23.07,1.843,35.14,"heavy traffic, industrial emissions, rain, festival fireworks",251.37
2025-06-02,Bengaluru,36.77,47.92,2.97,6.7,80.05,86.3,41.74,0,0,48.96,91.56,53.31,15.15,1.688,23.02,"heavy traffic, industrial emissions, rain",200.11
2025-06-03,Delhi,26.01,68.86,4.58,5.24,72.81,94.45,70.48,0,0,89.58,119.86,50.85,20.44,1.674,17.14,"construction activity, industrial emissions, rain",251.81
2025-06-04,Delhi,38.48,60.45,2.68,2.26,56.68,57.85,75.08,0,0,57.3,97.98,41.63,17.04,1.343,40.0,construction activity,233.2
2025-06-05,Bengaluru,28.25,65.9,5.68,3.03,73.3,56.11,46.62,0,0,41.7,109.35,35.87,14.12,1.459,35.03,rain,177.86
2025-06-06,Hyderabad,33.94,62.03,5.75,2.51,44.23,57.31,53.01,0,0,57.93,143.95,33.21,15.14,0.97,24.88,normal urban conditions,196.12
2025-06-07,Delhi,33.91,61.1,3.54,1.63,56.02,52.0,38.95,0,0,61.98,112.27,42.73,16.05,1.139,30.54,normal urban conditions,217.85
2025-06-08,Chennai,28.01,79.07,3.86,2.83,88.9,54.69,60.54,0,0,78.37,105.56,54.5,15.89,1.72,23.37,heavy traffic,240.4
2025-06-09,Mumbai,32.48,70.09,4.63,2.03,86.83,65.54,24.12,0,0,70.53,111.95,53.57,14.51,1.63,35.69,heavy traffic,250.91
2025-06-10,Delhi,30.68,49.72,1.78,1.94,73.0,43.62,83.92,0,0,90.26,126.39,45.2,14.05,1.381,25.17,"construction activity, low wind",246.97
2025-06-11,Chennai,32.66,66.89,1.63,6.96,35.13,27.2,70.8,1,0,60.57,124.93,28.4,10.49,0.989,25.29,"construction activity, rain, low wind, festival fireworks",150.59
2025-06-12,Delhi,31.69,68.54,4.71,2.3,46.67,58.55,24.02,0,0,30.49,85.93,35.46,21.54,1.212,36.59,normal urban conditions,204.88
2025-06-13,Hyderabad,34.59,60.74,3.53,1.85,55.13,39.53,32.22,0,0,59.66,75.21,43.85,13.02,0.977,22.71,normal urban conditions,183.38
2025-06-14,Chennai,31.23,71.26,2.93,1.42,63.25,41.39,56.42,0,0,71.73,135.33,43.8,14.03,1.373,23.14,normal urban conditions,223.08
2025-06-15,Hyderabad,30.5,62.33,3.21,1.28,45.99,49.43,41.23,0,0,67.69,128.12,57.51,15.69,1.11,28.22,normal urban conditions,230.82
2025-06-16,Hyderabad,34.29,59.8,0.34,0.35,62.06,45.3,58.89,0,0,70.56,141.9,45.24,13.28,1.296,40.35,low wind,244.63
2025-06-17,Mumbai,32.74,60.09,2.97,1.63,94.28,71.98,40.81,0,0,77.0,108.35,64.28,16.36,1.838,20.44,"heavy traffic, industrial emissions",245.0
2025-06-18,Delhi,33.2,38.38,2.3,4.78,72.41,49.0,78.5,0,0,75.01,126.1,47.7,16.22,1.486,26.68,"construction activity, rain",246.32
2025-06-19,Hyderabad,29.01,60.69,4.3,0.89,69.5,72.89,48.17,0,0,59.68,84.21,48.82,20.07,1.515,30.82,industrial emissions,215.82
2025-06-20,Chennai,27.86,55.61,4.39,0.02,49.72,55.71,96.41,0,0,42.79,97.74,49.14,22.16,1.062,31.88,construction activity,196.69
2025-06-21,Delhi,29.3,49.43,3.89,2.73,39.78,50.41,60.05,0,0,51.3,107.82,41.51,17.29,1.056,29.66,normal urban conditions,226.78
2025-06-22,Chennai,29.14,75.74,3.67,2.11,46.35,54.85,21.01,1,0,69.15,97.93,28.64,18.05,1.025,24.12,festival fireworks,159.42
2025-06-23,Hyderabad,33.36,63.49,1.4,6.86,39.13,28.75,89.73,0,0,56.57,114.36,27.8,13.75,1.037,29.64,"construction activity, rain, low wind",185.14
2025-06-24,Hyderabad,33.93,57.75,3.91,0.77,67.2,58.09,69.97,0,0,76.15,123.53,46.65,14.22,1.376,19.18,normal urban conditions,230.32
2025-06-25,Delhi,30.53,54.78,3.96,0.29,72.14,67.29,55.6,0,0,76.51,110.96,48.02,13.99,1.515,28.93,normal urban conditions,236.81
2025-06-26,Bengaluru,35.29,60.06,4.69,1.33,50.56,69.84,60.93,0,0,59.6,132.17,33.5,15.16,1.222,40.58,normal urban conditions,205.22
2025-06-27,Delhi,35.11,67.14,5.74,1.11,68.37,27.66,24.22,0,0,44.7,87.21,40.32,13.49,1.263,20.01,normal urban conditions,209.71
2025-06-28,Mumbai,31.73,51.32,1.17,0.13,89.5,24.66,11.91,0,0,87.32,124.31,41.27,15.21,1.508,23.8,"heavy traffic, low wind",221.56
2025-06-29,Bengaluru,28.53,61.78,2.73,1.87,97.32,42.34,47.17,0,0,70.24,86.94,57.93,15.98,1.618,23.5,heavy traffic,211.41
2025-06-30,Delhi,35.73,65.47,2.31,1.0,78.33,76.92,75.58,0,0,99.46,148.01,61.76,18.81,1.688,27.46,"heavy traffic, construction activity, industrial emissions",291.36
2025-07-01,Hyderabad,29.88,41.52,3.41,5.83,59.2,55.98,55.91,0,0,42.81,85.23,49.84,20.99,1.302,42.34,rain,219.33
2025-07-02,Hyderabad,30.44,59.92,3.22,1.9,73.81,38.06,82.18,0,0,64.87,130.75,45.93,11.76,1.356,21.03,construction activity,230.92
2025-07-03,Delhi,29.04,57.18,2.92,0.65,83.63,25.85,74.42,1,0,96.55,112.74,57.51,7.69,1.349,19.19,"heavy traffic, construction activity, festival fireworks",250.42
2025-07-04,Mumbai,27.39,61.29,4.43,1.66,29.88,39.69,48.41,0,0,27.93,89.51,30.96,14.11,1.032,31.11,normal urban conditions,151.27
2025-07-05,Mumbai,25.66,58.82,1.88,2.07,85.71,38.47,71.68,0,0,80.47,84.68,58.09,17.03,1.604,20.52,"heavy traffic, construction activity, low wind",213.72
2025-07-06,Bengaluru,31.96,60.8,1.95,2.99,53.29,68.84,78.45,0,0,100.14,150.61,42.26,15.48,1.361,33.8,"construction activity, low wind",214.64
2025-07-07,Chennai,27.71,81.64,1.97,1.75,53.44,70.23,46.4,0,0,85.43,121.49,56.12,13.12,1.403,22.07,"industrial emissions, low wind",216.15
2025-07-08,Chennai,39.24,51.09,2.77,9.19,56.32,33.1,43.72,0,0,35.76,94.25,39.68,12.41,1.148,36.66,rain,178.84
2025-07-09,Delhi,26.8,65.95,1.73,0.34,67.12,65.56,50.81,0,0,76.88,107.95,61.01,19.8,1.421,13.85,low wind,238.9
2025-07-10,Delhi,26.29,83.34,3.14,0.98,44.22,63.71,5.0,0,0,53.6,78.71,48.93,8.3,0.951,25.65,normal urban conditions,199.07
2025-07-11,Delhi,31.59,54.19,3.0,0.66,57.44,30.77,53.61,0,0,72.82,108.22,40.93,14.85,1.026,30.4,normal urban conditions,201.32
2025-07-12,Hyderabad,34.65,75.69,2.26,1.17,70.4,50.49,62.41,0,0,69.38,117.98,51.58,10.98,1.571,26.19,normal urban conditions,239.04
2025-07-13,Delhi,30.26,60.67,4.25,2.33,65.5,58.13,50.89,0,0,50.87,109.64,45.34,18.48,1.478,18.73,normal urban conditions,222.82
2025-07-14,Mumbai,31.78,77.37,3.13,2.17,68.09,54.94,54.89,0,0,78.73,126.1,43.19,9.8,1.413,27.71,normal urban conditions,209.13
2025-07-15,Chennai,24.53,72.13,4.48,2.92,56.82,21.21,47.13,0,0,29.02,65.56,39.03,5.97,0.933,27.91,normal urban conditions,131.64
2025-07-16,Chennai,28.03,65.25,2.97,1.89,73.1,54.36,8.06,0,0,53.85,129.43,53.36,17.55,1.504,21.87,normal urban conditions,226.01
2025-07-17,Chennai,26.84,62.35,3.17,2.01,78.9,63.45,81.25,0,0,81.59,131.93,44.16,20.8,1.555,21.7,"heavy traffic, construction activity",234.99
2025-07-18,Mumbai,24.38,58.5,2.52,1.93,77.94,80.43,40.64,0,0,80.61,109.13,57.18,19.84,1.724,29.95,"heavy traffic, industrial emissions",245.82
2025-07-19,Bengaluru,30.41,61.27,3.19,1.04,68.84,39.96,35.64,0,0,49.12,103.76,50.53,20.58,1.227,39.35,normal urban conditions,206.59
2025-07-20,Bengaluru,23.33,74.44,4.05,0.95,77.02,42.18,75.16,0,0,76.7,126.15,56.63,10.68,1.388,28.48,"heavy traffic, construction activity",228.79
2025-07-21,Delhi,26.1,63.4,2.71,0.64,75.94,48.24,67.57,0,0,84.56,123.37,54.61,11.61,1.521,26.35,heavy traffic,264.87
2025-07-22,Hyderabad,28.45,58.72,3.82,3.06,100.0,57.24,53.46,0,0,71.43,109.72,50.76,15.25,1.948,24.9,"heavy traffic, rain",241.52
2025-07-23,Hyderabad,27.57,59.99,2.22,0.04,81.49,53.75,63.39,1,0,110.97,163.56,47.72,14.55,1.498,25.77,"heavy traffic, festival fireworks",257.34
2025-07-24,Mumbai,31.25,69.85,4.11,1.97,60.58,62.88,24.9,0,0,61.07,134.89,43.59,17.91,1.274,17.53,normal urban conditions,208.25
2025-07-25,Bengaluru,30.98,72.37,2.5,3.61,47.41,31.75,46.38,0,0,43.97,56.89,44.75,9.85,1.091,25.27,rain,154.75
2025-07-26,Bengaluru,32.74,52.21,4.22,4.5,57.82,59.14,73.9,0,0,74.56,141.93,40.09,18.17,1.198,37.58,"construction activity, rain",222.43
2025-07-27,Hyderabad,32.32,52.49,3.27,0.01,56.69,38.64,34.46,0,0,51.53,98.14,46.69,14.81,1.067,29.75,normal urban conditions,194.45
2025-07-28,Bengaluru,33.48,62.15,5.03,1.08,70.18,49.42,28.03,0,0,56.11,104.71,41.78,19.75,1.41,24.58,normal urban conditions,161.06
2025-07-29,Bengaluru,30.06,76.04,1.82,0.69,50.8,82.74,49.57,0,0,75.24,141.71,51.87,18.77,1.523,20.38,"industrial emissions, low wind",216.18
2025-07-30,Hyderabad,30.97,71.58,1.43,0.98,81.07,26.83,50.04,0,0,85.37,77.24,43.82,12.3,1.316,26.22,"heavy traffic, low wind",200.36
2025-07-31,Mumbai,31.6,47.16,2.46,5.34,39.77,46.97,60.95,0,0,46.56,111.9,35.39,16.33,0.979,21.08,rain,170.31
2025-08-01,Bengaluru,27.92,59.61,1.54,0.7,31.88,29.06,20.44,0,0,45.0,114.28,24.29,11.63,0.816,19.85,low wind,144.67
2025-08-02,Bengaluru,26.31,54.08,1.54,3.6,55.84,54.76,5.0,0,0,56.12,85.29,53.98,15.13,1.211,36.71,"rain, low wind",210.9
2025-08-03,Chennai,26.5,60.57,3.95,1.99,44.52,70.87,66.42,0,0,56.26,80.08,37.19,12.15,1.068,18.06,industrial emissions,183.93
2025-08-04,Delhi,25.05,80.31,3.19,0.93,37.87,55.05,26.34,0,0,64.77,136.26,27.28,16.06,1.099,16.53,normal urban conditions,187.21
2025-08-05,Hyderabad,28.76,47.44,2.62,0.82,47.81,49.9,35.8,0,0,45.0,61.43,30.24,16.77,1.138,30.17,normal urban conditions,142.97
2025-08-06,Chennai,27.22,46.56,2.74,2.21,45.82,75.91,5.0,0,0,53.56,103.31,43.8,18.97,1.285,24.29,industrial emissions,194.68
2025-08-07,Hyderabad,25.51,55.66,2.48,1.57,58.16,57.95,68.46,0,0,73.22,136.55,42.96,13.93,1.284,25.97,normal urban conditions,205.79
2025-08-08,Chennai,25.51,66.81,5.18,0.11,48.07,66.75,55.01,1,0,64.5,117.12,44.29,12.64,1.348,30.05,festival fireworks,186.3
2025-08-09,Delhi,23.87,71.3,2.32,0.5,49.37,64.87,54.2,0,0,82.05,133.2,42.55,18.74,1.191,11.74,normal urban conditions,223.31
2025-08-10,Delhi,30.44,64.87,1.61,2.27,57.92,10.0,54.07,0,0,45.5,90.84,44.07,8.7,0.919,32.24,low wind,193.93
2025-08-11,Bengaluru,27.74,74.14,4.16,0.31,74.23,50.62,6.8,0,0,65.46,113.24,46.03,19.27,1.578,20.28,normal urban conditions,194.89
2025-08-12,Mumbai,24.91,46.73,2.94,4.07,81.53,32.59,28.3,0,0,46.09,80.21,55.13,7.87,1.248,24.09,"heavy traffic, rain",208.08
2025-08-13,Hyderabad,29.93,72.74,5.65,0.18,60.36,37.07,38.97,0,0,43.55,81.92,32.86,11.52,1.185,39.19,normal urban conditions,178.52
2025-08-14,Hyderabad,25.82,60.61,2.57,1.26,61.61,78.54,33.03,0,0,59.21,104.01,42.02,15.6,1.455,15.11,industrial emissions,189.14
2025-08-15,Hyderabad,23.28,72.82,4.22,3.15,55.07,45.25,42.57,0,0,48.56,68.81,34.98,17.32,1.173,26.2,rain,194.63
2025-08-16,Chennai,30.56,47.17,4.5,0.44,65.7,86.07,52.92,0,0,64.06,119.78,45.01,24.49,1.431,37.05,industrial emissions,219.22
2025-08-17,Delhi,25.89,63.73,2.57,0.28,64.24,26.66,68.13,0,0,85.65,82.76,34.21,17.03,1.086,19.81,normal urban conditions,193.88
2025-08-18,Bengaluru,26.27,65.77,2.31,2.64,79.21,32.49,18.4,0,0,66.61,113.7,51.31,13.76,1.472,19.88,heavy traffic,187.47
2025-08-19,Chennai,27.62,74.02,4.09,3.7,27.78,65.72,47.82,0,0,50.76,107.04,32.21,19.88,1.089,21.73,rain,166.39
2025-08-20,Bengaluru,30.93,44.3,3.89,1.36,54.25,45.86,62.23,0,0,45.67,82.42,40.97,15.65,1.143,24.87,normal urban conditions,150.8
2025-08-21,Mumbai,27.56,62.82,1.51,1.05,63.43,57.53,29.52,0,0,80.79,96.93,51.97,17.92,1.282,26.09,low wind,206.53
2025-08-22,Delhi,23.9,54.22,1.85,0.17,57.58,49.98,44.14,0,0,86.67,117.96,34.55,15.14,1.098,30.89,low wind,220.1
2025-08-23,Bengaluru,29.13,66.46,0.3,1.82,42.97,49.43,57.33,1,0,91.54,142.05,44.28,16.77,1.138,23.5,"low wind, festival fireworks",225.19
2025-08-24,Hyderabad,26.05,71.34,3.91,0.08,37.21,46.52,48.22,0,0,39.29,96.48,26.52,20.86,1.056,30.26,normal urban conditions,183.93
2025-08-25,Delhi,33.16,71.46,2.89,5.41,70.9,55.23,61.48,0,0,64.37,90.65,46.06,16.49,1.207,37.47,rain,243.47
2025-08-26,Mumbai,27.5,57.2,3.01,1.43,45.89,63.55,49.89,0,0,62.98,110.12,30.19,17.24,0.988,29.28,normal urban conditions,175.85
2025-08-27,Chennai,20.79,76.52,1.17,0.51,29.92,81.06,41.76,0,0,66.7,114.75,45.11,20.56,1.106,23.93,"industrial emissions, low wind",194.09
2025-08-28,Mumbai,28.57,75.41,1.88,0.81,71.71,48.35,24.55,0,0,99.04,136.18,39.53,14.29,1.422,20.51,low wind,215.84
2025-08-29,Delhi,33.33,42.03,2.63,1.96,65.34,44.91,52.94,0,0,60.13,88.69,38.46,14.93,1.265,12.93,normal urban conditions,219.25
2025-08-30,Bengaluru,32.23,65.36,2.39,0.98,56.15,42.6,50.0,0,0,65.63,113.02,35.22,13.27,1.177,31.98,normal urban conditions,183.66
2025-08-31,Delhi,32.99,68.29,3.34,1.65,43.37,78.46,28.14,0,0,53.58,115.08,42.39,22.98,1.221,33.53,industrial emissions,227.89
2025-09-01,Chennai,20.94,64.55,3.9,0.41,53.26,64.43,59.64,0,0,67.93,122.77,42.49,20.44,1.278,23.47,normal urban conditions,199.62
2025-09-02,Chennai,26.74,50.98,5.92,4.58,74.52,17.82,73.36,0,0,58.31,114.94,44.64,16.35,1.179,32.96,"construction activity, rain",197.05
2025-09-03,Chennai,21.83,75.95,3.18,0.83,29.24,17.02,34.8,0,0,42.16,120.37,25.08,9.65,0.702,17.06,normal urban conditions,137.28
2025-09-04,Chennai,24.67,52.53,4.54,0.03,30.05,37.06,33.45,0,0,34.93,88.23,34.18,13.8,0.779,28.9,normal urban conditions,142.91
2025-09-05,Mumbai,20.18,65.89,2.2,1.09,45.03,56.14,32.72,0,0,51.24,82.2,42.97,16.72,1.067,31.5,normal urban conditions,192.33
2025-09-06,Mumbai,22.07,65.95,1.19,0.68,54.65,51.4,14.43,0,0,79.37,101.16,38.94,15.82,1.065,26.88,low wind,200.98
2025-09-07,Mumbai,21.97,73.58,2.78,4.32,47.13,61.27,88.09,1,0,76.3,125.96,37.83,20.19,1.169,30.65,"construction activity, rain, festival fireworks",210.38
2025-09-08,Hyderabad,26.7,56.85,1.28,0.52,65.36,48.84,39.02,0,0,73.35,88.82,57.13,9.94,1.392,35.31,low wind,218.03
2025-09-09,Chennai,26.4,56.47,3.22,0.97,72.49,77.15,30.83,0,0,49.65,90.34,61.48,20.73,1.557,17.19,industrial emissions,213.83
2025-09-10,Bengaluru,24.83,65.41,2.26,2.02,59.53,65.9,25.46,0,0,66.3,116.14,53.03,23.53,1.331,28.84,normal urban conditions,217.39
2025-09-11,Bengaluru,19.95,77.9,0.85,2.94,64.04,53.4,40.24,0,0,73.31,135.89,54.72,19.63,1.439,15.2,low wind,218.11
2025-09-12,Chennai,23.07,88.53,5.28,5.71,59.43,72.62,34.1,0,0,33.25,56.24,48.56,22.36,1.481,12.31,"industrial emissions, rain",167.8
2025-09-13,Bengaluru,21.76,51.49,2.55,0.58,55.22,22.32,76.76,0,0,73.51,121.13,39.39,13.1,1.185,21.79,construction activity,200.07
2025-09-14,Mumbai,26.61,66.33,1.23,5.19,34.37,50.47,23.03,0,0,46.13,91.13,36.97,13.29,1.146,36.95,"rain, low wind",181.45
2025-09-15,Hyderabad,27.53,51.66,4.28,4.17,38.62,54.48,17.23,0,0,55.09,99.06,45.63,13.47,1.045,23.14,rain,172.85
2025-09-16,Hyderabad,27.17,72.97,2.33,0.66,33.46,62.84,59.04,0,0,79.74,124.44,34.7,14.83,0.936,11.88,normal urban conditions,166.25
2025-09-17,Delhi,21.73,57.2,4.51,0.56,52.7,21.13,45.86,0,0,38.29,88.65,35.28,6.96,0.967,12.98,normal urban conditions,181.0
2025-09-18,Bengaluru,15.78,64.01,2.32,2.47,58.79,47.31,43.54,0,0,78.36,144.06,33.77,17.41,1.285,22.35,normal urban conditions,188.57
2025-09-19,Bengaluru,18.7,62.82,2.55,1.6,31.88,59.21,59.19,0,0,75.56,141.16,27.31,20.88,1.103,15.43,normal urban conditions,168.35
2025-09-20,Bengaluru,28.26,61.25,3.61,2.47,56.23,60.59,50.73,0,0,55.71,141.45,55.04,18.0,1.204,11.89,normal urban conditions,215.85
2025-09-21,Hyderabad,22.8,69.07,3.91,1.13,41.07,73.35,47.06,0,0,48.86,97.1,44.28,21.15,1.203,12.41,industrial emissions,187.07
2025-09-22,Bengaluru,21.75,71.41,4.12,1.78,37.96,65.71,19.89,0,0,26.14,69.6,36.35,18.39,1.036,22.56,normal urban conditions,135.36
2025-09-23,Chennai,28.93,61.49,3.09,1.44,45.07,50.9,14.64,0,0,54.18,79.97,39.07,16.85,1.084,31.99,normal urban conditions,166.67
2025-09-24,Hyderabad,27.8,49.04,3.83,2.44,37.14,64.15,33.99,0,0,37.31,77.71,29.19,10.91,1.068,24.28,normal urban conditions,158.35
2025-09-25,Hyderabad,24.07,72.23,4.09,0.54,64.78,48.38,26.31,0,0,62.94,118.22,41.81,15.68,1.348,27.12,normal urban conditions,230.11
2025-09-26,Delhi,23.12,65.09,3.44,1.92,52.38,54.64,53.38,0,0,55.31,118.52,32.96,14.47,1.369,29.31,normal urban conditions,218.65
2025-09-27,Bengaluru,23.6,76.89,3.03,5.62,68.12,66.31,12.03,0,0,51.83,107.48,48.74,17.49,1.503,16.27,rain,187.53
2025-09-28,Chennai,24.68,57.45,1.47,5.35,47.98,51.18,39.06,0,0,52.83,87.35,45.79,15.87,1.098,23.83,"rain, low wind",180.75
2025-09-29,Bengaluru,28.8,45.62,3.92,2.16,48.58,58.52,44.54,0,0,39.45,78.07,43.18,14.22,1.136,24.16,normal urban conditions,168.06
2025-09-30,Chennai,25.27,63.77,3.25,8.0,85.05,69.3,47.21,0,0,62.74,142.93,66.81,14.86,1.671,28.02,"heavy traffic, rain",222.0
2025-10-01,Chennai,22.68,78.88,2.7,2.44,28.03,64.82,55.98,0,1,71.29,100.21,37.14,15.13,0.906,16.72,crop burning,171.33
2025-10-02,Bengaluru,24.01,66.6,4.73,7.36,74.55,74.2,41.47,0,0,57.01,128.23,37.62,14.53,1.601,14.72,"industrial emissions, rain",184.99
2025-10-03,Hyderabad,16.99,67.91,1.49,2.53,80.47,93.91,34.65,0,1,111.62,150.16,74.28,18.56,1.586,19.56,"heavy traffic, industrial emissions, low wind, crop burning",311.63
2025-10-04,Delhi,22.76,57.16,5.17,0.01,66.25,64.65,72.89,0,0,56.35,92.82,41.86,14.29,1.416,31.43,construction activity,233.85
2025-10-05,Delhi,19.62,85.65,3.17,7.95,48.71,43.7,41.6,0,0,58.39,82.47,39.41,9.69,1.086,22.09,rain,219.13
2025-10-06,Mumbai,12.95,62.44,3.58,3.66,76.83,61.21,76.38,0,0,73.0,106.52,52.75,18.38,1.446,24.68,"heavy traffic, construction activity, rain",242.14
2025-10-07,Hyderabad,14.12,64.67,2.73,1.71,48.85,60.44,41.5,1,0,86.69,132.51,43.83,13.97,1.168,24.44,festival fireworks,233.22
2025-10-08,Bengaluru,17.45,75.29,1.2,0.1,42.71,63.04,47.67,0,1,97.29,117.31,42.69,11.5,1.23,18.86,"low wind, crop burning",198.58
2025-10-09,Hyderabad,22.09,47.77,3.03,4.03,47.79,78.91,45.23,0,0,60.47,133.76,45.7,18.42,1.392,20.24,"industrial emissions, rain",215.83
2025-10-10,Delhi,20.84,79.96,3.6,2.51,44.88,21.69,52.62,0,0,43.6,90.27,24.14,7.13,0.876,13.78,normal urban conditions,131.03
2025-10-11,Mumbai,21.05,73.3,4.01,9.86,38.85,79.25,39.6,0,0,48.73,108.91,56.32,24.06,1.234,9.68,"industrial emissions, rain",206.58
2025-10-12,Chennai,26.35,72.35,2.96,6.77,71.76,85.31,49.92,0,1,92.87,141.8,59.68,21.05,1.503,32.14,"industrial emissions, rain, crop burning",265.18
2025-10-13,Chennai,16.69,75.7,0.57,2.1,41.62,62.23,78.62,0,0,89.48,160.74,42.89,12.54,1.099,15.78,"construction activity, low wind",197.95
2025-10-14,Mumbai,20.42,65.9,1.35,2.01,53.53,62.66,68.98,0,0,94.7,126.42,57.3,18.73,1.287,9.39,low wind,209.8
2025-10-15,Chennai,21.41,56.18,5.66,2.54,30.9,47.65,69.11,0,0,30.9,88.38,23.05,14.88,1.029,31.68,normal urban conditions,159.49
2025-10-16,Bengaluru,18.29,67.6,1.89,0.76,54.49,52.11,21.16,0,0,71.28,85.78,49.07,14.62,1.312,20.61,low wind,200.32
2025-10-17,Chennai,20.58,57.64,4.91,1.76,35.51,64.56,24.4,0,0,46.73,94.83,32.18,22.05,1.08,29.18,normal urban conditions,192.57
2025-10-18,Chennai,15.7,75.67,2.08,1.41,35.11,63.4,52.36,0,1,90.03,149.33,40.94,14.22,0.979,15.72,crop burning,204.93
2025-10-19,Bengaluru,24.73,72.56,2.98,5.06,52.25,64.97,63.41,0,1,79.7,126.34,46.82,20.5,1.376,17.34,"rain, crop burning",226.02
2025-10-20,Mumbai,18.46,83.65,3.95,5.98,70.91,63.28,37.62,0,1,76.84,158.77,35.84,15.9,1.453,21.23,"rain, crop burning",215.36
2025-10-21,Bengaluru,26.59,66.9,2.22,3.24,61.05,68.17,34.05,0,0,63.22,115.86,40.58,17.85,1.427,28.3,rain,188.41
2025-10-22,Mumbai,20.4,76.76,5.11,0.61,62.15,66.16,75.88,0,0,62.46,101.22,55.23,15.34,1.383,18.05,construction activity,202.53
2025-10-23,Mumbai,23.58,62.32,3.29,8.37,51.92,33.56,61.72,0,1,57.11,113.45,35.98,10.31,1.234,32.69,"rain, crop burning",176.82
2025-10-24,Bengaluru,20.34,62.78,3.75,4.01,48.63,66.98,69.16,0,0,59.36,81.48,54.38,16.41,1.187,28.27,rain,192.07
2025-10-25,Hyderabad,20.41,72.25,2.88,2.37,66.66,85.45,39.17,0,1,88.7,111.84,61.83,14.97,1.636,24.51,"industrial emissions, crop burning",273.07
2025-10-26,Hyderabad,18.75,64.81,3.99,2.97,44.99,51.52,37.6,0,0,52.74,77.16,36.29,16.28,1.092,12.76,normal urban conditions,167.11
2025-10-27,Mumbai,20.86,69.89,5.09,0.24,67.35,78.99,66.98,0,1,92.77,132.9,48.43,19.98,1.578,12.33,"industrial emissions, crop burning",229.29
2025-10-28,Hyderabad,21.45,56.17,3.04,1.41,73.78,35.49,42.75,0,0,66.38,108.83,56.37,8.19,1.478,31.45,normal urban conditions,210.24
2025-10-29,Delhi,18.15,60.28,5.28,5.44,40.54,51.46,35.78,0,1,51.02,119.25,46.98,17.21,0.885,5.43,"rain, crop burning",211.85
2025-10-30,Bengaluru,20.12,74.07,2.47,0.21,42.89,40.46,29.74,0,0,58.04,100.31,34.71,17.84,1.002,19.54,normal urban conditions,160.91
2025-10-31,Hyderabad,18.67,77.6,4.12,4.03,45.27,76.83,37.77,0,1,72.45,95.83,51.86,17.3,1.183,19.98,"industrial emissions, rain, crop burning",229.97
2025-11-01,Chennai,24.84,54.56,3.79,0.0,31.6,81.53,65.5,0,0,69.61,143.14,44.95,17.69,1.154,21.69,industrial emissions,195.04
2025-11-02,Hyderabad,17.67,76.14,1.92,0.0,47.56,50.21,17.81,0,0,58.83,48.26,48.03,18.37,1.177,18.33,low wind,207.82
2025-11-03,Hyderabad,22.57,60.67,3.46,0.0,75.89,73.08,60.58,0,0,84.79,126.55,54.91,19.9,1.562,26.08,"heavy traffic, industrial emissions",259.01
2025-11-04,Delhi,17.35,69.82,3.21,0.0,38.34,81.71,33.84,0,0,50.34,100.73,38.03,19.67,1.159,15.05,industrial emissions,194.58
2025-11-05,Delhi,18.72,82.87,2.18,0.0,76.27,51.41,43.79,0,0,88.93,126.77,45.33,17.67,1.49,24.52,heavy traffic,266.23
2025-11-06,Mumbai,13.97,80.09,3.63,0.0,48.14,54.34,45.08,0,0,56.25,111.6,31.98,16.52,1.052,20.15,normal urban conditions,181.41
2025-11-07,Mumbai,16.6,78.14,3.38,0.0,88.9,65.21,43.59,0,1,94.88,133.38,69.24,21.72,1.735,16.49,"heavy traffic, crop burning",272.8
2025-11-08,Mumbai,18.57,87.89,3.11,0.0,44.16,36.83,42.26,1,1,76.16,126.18,35.48,12.84,0.936,11.88,"festival fireworks, crop burning",160.63
2025-11-09,Mumbai,22.7,58.87,3.12,0.0,52.77,53.98,39.11,0,1,69.97,101.33,35.24,16.92,1.266,22.78,crop burning,194.22
2025-11-10,Bengaluru,18.6,58.92,3.09,0.0,40.51,90.57,36.57,0,0,61.65,79.36,50.81,24.79,1.174,35.94,industrial emissions,216.24
2025-11-11,Delhi,22.09,59.12,2.76,0.0,44.07,43.0,74.4,0,0,79.92,123.03,34.16,6.54,0.991,17.75,construction activity,198.08
2025-11-12,Mumbai,19.86,65.35,3.37,0.0,76.48,67.37,48.5,0,0,71.8,96.19,49.59,21.18,1.512,31.8,heavy traffic,226.05
2025-11-13,Delhi,22.82,42.28,2.43,0.0,62.66,61.43,45.48,0,0,49.3,84.32,60.59,15.31,1.347,13.19,normal urban conditions,228.58
2025-11-14,Mumbai,17.76,67.29,6.39,0.0,71.53,49.05,35.11,0,0,55.26,121.57,36.34,16.35,1.513,13.67,normal urban conditions,167.96
2025-11-15,Bengaluru,25.11,58.78,1.51,0.0,34.02,55.99,39.84,0,1,72.13,141.92,38.73,20.95,1.062,20.96,"low wind, crop burning",175.79
2025-11-16,Delhi,16.48,78.1,2.5,0.0,65.55,83.55,35.18,0,0,89.75,147.1,50.07,19.45,1.499,24.34,industrial emissions,242.78
2025-11-17,Mumbai,15.64,74.38,2.59,0.0,39.53,61.96,63.31,1,0,73.75,135.14,34.8,15.55,1.058,18.06,festival fireworks,186.6
2025-11-18,Delhi,14.31,65.78,5.65,0.0,33.67,64.78,32.93,1,0,48.59,96.48,25.19,17.2,1.114,27.15,festival fireworks,155.9
2025-11-19,Chennai,24.93,70.25,1.62,0.0,58.89,80.82,5.0,0,0,86.85,139.02,51.96,15.57,1.348,20.95,"industrial emissions, low wind",231.64
2025-11-20,Bengaluru,20.4,74.76,3.71,0.0,58.73,46.79,49.17,0,0,70.33,120.04,36.98,21.08,1.237,19.87,normal urban conditions,194.27
2025-11-21,Mumbai,16.94,62.26,3.5,0.0,55.93,33.16,42.41,0,0,44.42,128.46,42.23,12.18,1.072,17.54,normal urban conditions,170.42
2025-11-22,Delhi,21.68,61.69,3.6,0.0,66.55,83.83,36.28,0,0,62.86,89.98,52.45,25.35,1.538,36.71,industrial emissions,273.07
2025-11-23,Delhi,20.0,45.55,4.68,0.0,69.05,54.46,66.23,1,0,56.13,117.15,44.63,14.71,1.47,15.69,festival fireworks,214.15
2025-11-24,Hyderabad,23.84,54.21,4.66,0.0,78.59,68.08,5.0,0,1,107.07,113.14,47.68,18.0,1.548,21.05,"heavy traffic, crop burning",243.01
2025-11-25,Bengaluru,13.29,65.07,2.66,0.0,36.03,38.28,79.52,0,1,73.93,132.2,41.74,15.96,0.99,10.66,"construction activity, crop burning",157.73
2025-11-26,Hyderabad,17.14,70.54,3.43,0.0,79.1,58.99,69.09,0,0,93.71,102.63,57.15,13.13,1.729,22.98,heavy traffic,216.36
2025-11-27,Chennai,16.55,60.76,0.96,0.0,85.19,32.26,35.44,0,0,76.66,94.9,48.58,11.85,1.514,11.82,"heavy traffic, low wind",190.86
2025-11-28,Mumbai,12.02,68.25,3.32,0.0,49.21,53.15,38.98,0,0,49.79,73.93,32.19,18.22,1.153,29.17,normal urban conditions,174.13
2025-11-29,Mumbai,21.12,54.76,2.25,0.0,28.38,40.34,58.09,0,1,75.91,123.44,19.83,12.81,0.925,23.61,crop burning,168.57
2025-11-30,Hyderabad,17.13,71.52,2.98,0.0,32.94,36.2,58.62,0,0,51.95,107.38,38.01,11.34,0.774,21.72,normal urban conditions,169.26
2025-12-01,Mumbai,19.22,72.6,1.18,0.0,50.61,46.54,35.32,0,0,79.01,162.61,47.58,17.79,1.258,23.1,low wind,225.49
2025-12-02,Chennai,24.08,68.97,3.69,0.0,90.23,10.72,15.66,0,0,68.27,106.44,53.29,12.92,1.337,22.83,heavy traffic,216.59
2025-12-03,Delhi,15.94,70.77,1.16,0.0,58.27,31.12,90.27,0,0,76.11,136.82,41.25,16.66,1.309,19.13,"construction activity, low wind",227.18
2025-12-04,Hyderabad,15.74,55.37,3.38,0.0,48.13,66.08,67.12,0,0,53.25,105.89,47.29,15.55,1.167,20.6,normal urban conditions,204.78
2025-12-05,Hyderabad,17.36,63.45,1.73,0.0,47.03,58.26,51.14,0,0,59.77,118.36,48.61,14.58,1.217,23.57,low wind,194.6
2025-12-06,Delhi,19.96,63.75,2.18,0.0,36.84,32.66,51.52,1,0,43.8,96.62,32.5,10.81,0.763,15.57,festival fireworks,149.94
2025-12-07,Hyderabad,15.3,67.06,4.59,0.0,71.99,61.86,60.43,0,0,68.1,133.12,47.08,19.05,1.468,11.42,normal urban conditions,205.53
2025-12-08,Hyderabad,15.11,71.97,3.91,0.0,56.53,36.19,62.82,0,0,61.59,89.78,33.17,9.2,1.059,23.42,normal urban conditions,178.54
2025-12-09,Mumbai,20.17,81.94,4.58,0.0,91.6,65.0,6.27,0,0,59.47,56.3,59.87,13.98,1.624,19.25,heavy traffic,200.77
2025-12-10,Delhi,18.14,77.23,5.07,0.0,68.05,49.92,40.98,0,0,47.67,103.18,48.11,12.84,1.463,4.66,normal urban conditions,211.15
2025-12-11,Delhi,10.87,64.32,2.27,0.0,71.28,46.15,38.9,0,0,73.54,82.33,46.15,11.57,1.284,12.93,normal urban conditions,199.86
2025-12-12,Delhi,13.32,79.26,5.0,0.0,54.13,50.36,44.77,0,0,49.38,121.02,37.91,17.71,1.143,26.53,normal urban conditions,204.25
2025-12-13,Hyderabad,21.5,73.15,1.44,0.0,40.54,98.07,63.42,0,0,83.57,115.42,46.99,25.14,1.257,19.93,"industrial emissions, low wind",230.35
2025-12-14,Delhi,18.21,61.0,4.1,0.0,44.02,38.34,12.2,0,0,39.18,67.16,39.23,11.69,1.099,16.98,normal urban conditions,172.66
2025-12-15,Chennai,14.71,79.99,2.61,0.0,36.09,56.08,21.02,0,0,59.71,150.91,28.56,15.39,1.101,6.03,normal urban conditions,149.66
2025-12-16,Mumbai,16.49,68.65,2.08,0.0,72.57,66.06,34.37,0,0,74.9,114.97,46.66,9.95,1.619,14.86,normal urban conditions,167.74
2025-12-17,Bengaluru,17.04,55.77,3.94,0.0,51.84,34.68,51.09,0,0,49.1,94.17,30.4,11.18,1.017,12.53,normal urban conditions,149.07
2025-12-18,Bengaluru,19.21,72.91,4.33,0.0,73.24,23.3,64.64,0,0,44.99,109.96,41.4,14.46,1.377,22.82,normal urban conditions,175.87
2025-12-19,Hyderabad,12.93,74.92,4.3,0.0,60.17,41.18,80.63,1,0,75.44,135.93,42.84,12.05,1.156,16.46,"construction activity, festival fireworks",188.69
2025-12-20,Chennai,14.48,69.39,3.46,0.0,53.31,65.67,42.27,0,0,66.96,130.79,37.83,14.23,1.223,15.09,normal urban conditions,201.18
2025-12-21,Delhi,17.82,68.95,3.36,0.0,39.29,45.84,64.61,0,0,57.82,82.13,40.52,18.46,0.941,14.19,normal urban conditions,188.72
2025-12-22,Mumbai,16.7,62.92,3.83,0.0,62.83,47.84,62.2,0,0,85.83,136.49,52.62,11.31,1.238,30.32,normal urban conditions,221.08
2025-12-23,Mumbai,18.72,74.8,3.56,0.0,54.5,68.39,58.83,0,0,72.86,111.43,47.59,22.58,1.307,14.38,normal urban conditions,196.35
2025-12-24,Delhi,13.31,72.05,3.85,0.0,72.43,37.49,47.51,0,0,64.61,92.58,52.14,21.66,1.277,11.76,normal urban conditions,243.35
2025-12-25,Mumbai,18.07,70.81,3.44,0.0,46.55,50.4,40.01,0,0,63.53,108.32,33.15,14.74,1.13,17.74,normal urban conditions,186.92
2025-12-26,Mumbai,20.27,71.18,4.21,0.0,67.86,24.75,26.69,1,0,83.98,88.59,35.33,14.69,1.004,19.89,festival fireworks,195.53
2025-12-27,Bengaluru,18.46,57.33,1.25,0.0,84.25,57.77,25.37,0,0,86.94,139.86,60.16,11.24,1.626,24.65,"heavy traffic, low wind",253.27
2025-12-28,Mumbai,17.42,60.67,3.04,0.0,62.36,56.13,54.94,0,0,49.0,93.11,46.04,10.84,1.248,26.81,normal urban conditions,178.21
2025-12-29,Chennai,16.71,48.0,1.54,0.0,70.56,66.32,46.91,0,0,86.7,117.06,47.87,15.22,1.441,27.42,low wind,239.04
2025-12-30,Bengaluru,14.5,77.3,3.53,0.0,67.15,31.39,39.69,0,0,54.11,97.87,51.11,14.49,1.192,33.71,normal urban conditions,199.32
2025-12-31,Chennai,16.78,57.93,5.17,0.0,88.37,48.55,61.3,0,0,50.87,97.49,53.88,14.77,1.677,8.43,heavy traffic,174.15
2026-01-01,Delhi,21.72,67.92,2.63,0.0,67.94,28.99,43.99,1,0,93.06,150.61,47.67,11.08,1.28,23.41,festival fireworks,242.07
2026-01-02,Chennai,17.58,73.2,3.35,0.0,73.2,47.57,29.74,0,0,83.16,101.21,44.26,10.74,1.401,15.24,normal urban conditions,195.03
2026-01-03,Bengaluru,15.27,77.14,4.11,0.0,61.42,78.67,42.67,0,0,61.98,99.73,59.22,19.21,1.402,31.21,industrial emissions,218.56
2026-01-04,Chennai,16.46,58.24,0.72,0.0,49.61,46.23,64.41,0,0,68.23,110.01,41.3,12.47,1.185,21.29,low wind,185.78
2026-01-05,Mumbai,18.54,68.17,2.57,0.0,42.67,27.41,27.53,0,0,53.61,79.34,39.72,8.62,1.07,5.81,normal urban conditions,156.57
2026-01-06,Chennai,16.82,86.73,3.64,0.0,82.27,39.76,52.19,0,0,66.79,114.22,46.35,10.34,1.474,19.88,heavy traffic,198.49
2026-01-07,Hyderabad,19.39,85.37,0.3,0.0,45.87,23.0,46.89,0,0,70.2,100.25,37.68,11.26,0.811,20.29,low wind,186.07
2026-01-08,Delhi,19.51,78.02,2.03,0.0,73.93,28.68,32.78,0,0,64.93,82.35,49.74,9.43,1.253,24.67,normal urban conditions,218.73
2026-01-09,Hyderabad,20.6,70.75,4.52,0.0,68.66,64.08,42.13,0,0,62.85,116.67,60.45,17.23,1.503,15.78,normal urban conditions,220.95
2026-01-10,Delhi,22.21,56.2,4.4,0.0,76.68,25.97,16.57,0,0,38.59,113.78,41.41,5.85,1.291,25.77,heavy traffic,179.88
2026-01-11,Chennai,20.93,74.34,3.65,0.0,53.76,57.62,50.19,0,0,73.72,117.18,43.79,17.73,1.172,18.69,normal urban conditions,194.98
2026-01-12,Mumbai,15.14,69.63,4.26,0.0,49.35,52.46,20.71,0,0,63.51,103.26,42.69,16.12,1.085,13.27,normal urban conditions,174.34
2026-01-13,Mumbai,15.23,76.75,3.46,0.0,68.05,42.43,69.45,0,0,72.27,115.3,36.71,13.1,1.329,19.56,normal urban conditions,183.19
2026-01-14,Hyderabad,17.71,63.07,3.87,0.0,57.32,56.09,46.16,0,0,62.49,98.12,30.32,16.46,1.152,21.24,normal urban conditions,150.37
2026-01-15,Hyderabad,16.58,68.46,2.82,0.0,42.3,35.12,36.56,0,0,60.96,126.17,28.74,15.42,0.966,26.26,normal urban conditions,159.21
2026-01-16,Delhi,14.52,73.28,3.34,0.0,93.02,67.14,71.21,0,0,91.97,134.21,65.57,13.4,1.776,17.38,"heavy traffic, construction activity",284.39
2026-01-17,Chennai,16.61,72.63,2.44,0.0,49.34,39.43,27.36,0,0,77.03,76.84,49.0,13.51,1.043,22.65,normal urban conditions,174.56
2026-01-18,Chennai,16.51,75.18,4.72,0.0,46.1,45.05,33.05,0,0,35.8,107.4,30.33,10.29,0.99,9.61,normal urban conditions,130.17
2026-01-19,Bengaluru,15.92,64.86,5.03,0.0,58.13,42.9,11.42,0,0,54.38,114.32,32.34,14.13,1.286,28.74,normal urban conditions,161.88
2026-01-20,Bengaluru,16.99,56.47,4.86,0.0,82.05,64.41,74.19,0,0,74.9,130.91,62.44,16.53,1.514,15.13,"heavy traffic, construction activity",218.01
2026-01-21,Hyderabad,21.47,83.02,2.71,0.0,27.33,61.8,85.46,0,0,57.74,58.96,31.1,16.81,0.963,26.17,construction activity,168.66
2026-01-22,Hyderabad,18.54,93.72,2.06,0.0,80.72,10.0,14.53,0,0,90.54,124.6,42.98,11.15,1.337,18.79,heavy traffic,210.45
2026-01-23,Hyderabad,25.35,68.53,4.73,0.0,47.42,56.58,31.68,0,0,75.25,131.32,47.41,18.51,1.171,24.68,normal urban conditions,228.31
2026-01-24,Delhi,18.45,55.65,3.85,0.0,66.23,20.6,49.4,0,0,54.52,108.65,47.43,13.56,1.267,26.79,normal urban conditions,210.93
2026-01-25,Delhi,17.07,62.12,3.59,0.0,51.18,45.86,37.69,0,0,61.16,109.09,44.91,13.15,1.049,4.95,normal urban conditions,188.97
2026-01-26,Mumbai,17.95,74.33,2.44,0.0,93.87,50.05,47.37,0,0,82.7,138.83,47.49,17.12,1.613,14.94,heavy traffic,231.25
2026-01-27,Hyderabad,18.71,82.12,3.71,0.0,63.99,45.66,45.65,0,0,63.43,110.56,36.45,15.83,1.255,23.66,normal urban conditions,188.59
2026-01-28,Delhi,19.24,56.2,1.9,0.0,50.67,61.01,56.15,1,0,70.91,136.58,50.9,15.65,1.487,35.29,"low wind, festival fireworks",262.34
2026-01-29,Delhi,24.17,63.64,3.96,0.0,57.18,64.96,28.78,0,0,48.21,97.52,46.88,17.75,1.367,23.49,normal urban conditions,215.64
2026-01-30,Chennai,15.4,72.98,4.85,0.0,63.43,38.08,51.85,0,0,76.3,119.93,36.23,12.7,1.295,1.0,normal urban conditions,171.23
2026-01-31,Mumbai,20.51,76.09,5.16,0.0,64.84,37.42,25.68,0,0,50.97,112.37,38.87,17.17,1.305,17.93,normal urban conditions,149.54
2026-02-01,Hyderabad,21.12,63.58,4.05,0.0,73.02,51.35,39.76,0,0,66.75,102.66,54.82,17.65,1.441,21.57,normal urban conditions,238.3
2026-02-02,Hyderabad,15.79,55.11,1.54,0.0,65.98,24.21,13.26,0,0,54.07,77.39,52.23,9.87,1.271,27.84,low wind,196.47
2026-02-03,Bengaluru,22.81,72.04,3.44,0.0,43.97,43.41,39.91,0,0,57.52,103.0,36.23,12.73,0.888,22.24,normal urban conditions,147.78
2026-02-04,Bengaluru,24.3,76.04,5.77,0.0,60.56,76.27,36.55,0,0,44.29,103.23,42.22,22.08,1.456,13.31,industrial emissions,166.16
2026-02-05,Mumbai,17.93,68.42,2.16,0.0,75.71,24.89,66.87,1,0,78.41,138.49,44.5,15.0,1.342,26.39,"heavy traffic, festival fireworks",210.43
2026-02-06,Chennai,20.47,71.52,3.13,0.0,55.28,45.88,46.81,0,0,52.54,116.78,49.49,15.29,1.27,24.66,normal urban conditions,196.93
2026-02-07,Mumbai,15.32,66.33,4.9,0.0,76.76,41.34,50.45,0,0,76.17,116.94,54.5,15.59,1.327,13.58,heavy traffic,214.7
2026-02-08,Chennai,16.72,61.64,3.94,0.0,66.51,88.09,47.55,1,0,68.11,108.7,54.33,25.0,1.49,24.84,"industrial emissions, festival fireworks",213.96
2026-02-09,Hyderabad,23.64,75.51,6.18,0.0,62.52,42.32,5.42,0,0,29.74,67.3,36.63,13.25,1.173,18.12,normal urban conditions,166.3
2026-02-10,Delhi,19.1,72.3,2.32,0.0,85.11,43.36,8.06,0,0,52.82,100.08,59.72,14.19,1.573,17.74,heavy traffic,233.06
2026-02-11,Bengaluru,17.17,74.68,2.01,0.0,38.19,33.45,41.63,0,0,49.94,67.91,43.52,13.81,0.952,14.78,normal urban conditions,152.31
2026-02-12,Delhi,21.19,81.99,4.67,0.0,55.19,52.17,53.57,0,0,56.25,104.03,32.08,14.06,1.149,17.65,normal urban conditions,187.12
2026-02-13,Bengaluru,18.93,58.0,1.76,0.0,85.72,56.86,43.3,0,0,95.79,183.33,55.43,21.2,1.773,27.8,"heavy traffic, low wind",268.49
2026-02-14,Delhi,19.09,62.92,2.96,0.0,95.28,36.06,30.72,0,0,73.65,86.85,61.8,11.45,1.633,8.45,heavy traffic,239.87
2026-02-15,Mumbai,22.72,67.48,3.12,0.0,100.0,69.8,43.19,0,0,85.89,127.43,63.66,18.35,1.879,30.13,heavy traffic,256.44
2026-02-16,Bengaluru,17.01,64.25,4.44,0.0,66.81,56.88,41.46,0,0,66.31,116.51,43.5,21.85,1.376,20.88,normal urban conditions,196.28
2026-02-17,Chennai,17.78,77.18,3.94,0.0,73.33,67.33,63.58,0,0,74.33,127.5,52.72,12.19,1.608,15.79,normal urban conditions,225.92
2026-02-18,Hyderabad,20.96,65.25,3.75,0.0,79.08,46.09,62.46,0,0,98.5,118.97,51.99,15.02,1.507,21.84,heavy traffic,250.68
2026-02-19,Delhi,23.41,55.49,2.72,0.0,86.4,56.38,36.93,0,0,73.26,123.66,49.09,14.04,1.776,17.85,heavy traffic,245.64
2026-02-20,Mumbai,24.21,65.51,4.66,0.0,71.01,48.16,47.0,1,0,76.12,108.11,46.57,14.71,1.294,12.03,festival fireworks,197.28
2026-02-21,Chennai,18.5,70.55,8.0,0.0,80.82,78.24,53.52,0,0,67.9,86.65,53.96,15.9,1.566,13.55,"heavy traffic, industrial emissions",231.19
2026-02-22,Bengaluru,23.31,74.83,4.03,0.0,73.36,54.09,56.49,0,0,66.45,128.75,45.91,14.54,1.396,8.57,normal urban conditions,192.62
2026-02-23,Delhi,18.15,73.03,3.32,0.0,74.36,52.16,81.05,0,0,83.25,139.12,45.03,15.42,1.499,9.75,construction activity,234.59
2026-02-24,Mumbai,25.98,68.23,1.64,0.0,51.31,43.75,47.44,0,0,64.97,92.02,38.05,14.72,1.094,12.74,low wind,167.45
2026-02-25,Mumbai,17.1,73.03,2.44,0.0,60.73,42.71,71.37,0,0,78.29,112.5,37.87,16.52,1.337,27.21,construction activity,204.46
2026-02-26,Delhi,24.49,62.78,2.94,0.0,57.64,56.28,24.8,0,0,64.39,95.83,49.73,9.03,1.248,14.94,normal urban conditions,177.42
2026-02-27,Chennai,18.53,61.67,2.56,0.0,46.98,66.75,35.25,0,0,64.36,77.92,37.23,17.3,1.301,20.5,normal urban conditions,188.58
2026-02-28,Bengaluru,26.54,66.11,3.18,0.0,39.57,39.68,5.28,0,0,33.95,94.82,35.29,12.82,0.896,32.48,normal urban conditions,141.58
2026-03-01,Delhi,25.77,60.43,5.33,0.0,62.15,54.28,51.03,0,0,75.76,132.34,40.83,15.49,1.416,30.88,normal urban conditions,229.44
2026-03-02,Bengaluru,20.95,84.03,4.7,0.0,64.71,55.32,60.95,0,0,73.65,111.57,40.78,15.95,1.468,17.37,normal urban conditions,173.25
2026-03-03,Hyderabad,22.43,79.52,3.01,0.0,70.61,58.45,5.0,0,0,51.73,93.89,58.14,13.86,1.403,18.76,normal urban conditions,203.63
2026-03-04,Delhi,26.34,69.69,1.75,0.0,77.82,21.27,51.77,0,0,71.99,117.27,45.94,5.76,1.351,25.39,"heavy traffic, low wind",219.38
2026-03-05,Hyderabad,27.16,66.57,4.8,0.0,71.94,35.35,60.08,0,0,46.36,101.38,39.63,13.31,1.347,39.73,normal urban conditions,209.43
2026-03-06,Delhi,23.79,64.27,3.14,0.0,64.82,27.41,58.94,1,0,81.8,99.17,36.75,8.4,1.234,26.26,festival fireworks,227.57
2026-03-07,Mumbai,24.13,52.29,1.13,0.0,54.29,52.59,24.08,0,0,68.87,118.34,46.83,16.62,1.32,29.68,low wind,236.11
2026-03-08,Chennai,26.28,61.25,4.05,0.0,82.96,35.78,63.46,0,0,71.24,94.89,53.78,9.91,1.538,40.97,heavy traffic,224.74
2026-03-09,Bengaluru,24.4,65.74,4.43,0.0,67.3,43.07,48.19,0,0,53.01,112.81,51.49,15.97,1.357,25.47,normal urban conditions,199.41
2026-03-10,Delhi,20.12,70.01,0.3,0.0,61.99,30.5,59.82,0,0,78.29,101.73,43.29,11.72,1.23,28.7,low wind,236.7
2026-03-11,Chennai,21.56,71.4,2.21,0.0,65.94,44.74,45.48,0,0,81.63,98.28,44.99,14.2,1.208,24.63,normal urban conditions,189.8
2026-03-12,Hyderabad,24.71,73.72,3.07,0.0,57.2,31.77,55.62,0,0,74.62,117.13,40.2,11.34,1.124,25.98,normal urban conditions,187.18
2026-03-13,Chennai,27.65,55.53,4.08,0.0,60.44,65.64,70.18,0,0,78.36,121.29,47.2,16.28,1.281,19.8,construction activity,201.53
2026-03-14,Bengaluru,28.85,54.78,2.58,0.0,59.93,60.63,43.92,0,0,55.1,103.47,42.17,16.0,1.331,19.39,normal urban conditions,180.03
2026-03-15,Mumbai,26.34,77.87,2.2,0.0,64.33,54.7,53.68,0,0,76.79,102.96,56.52,19.3,1.44,19.56,normal urban conditions,200.82
2026-03-16,Hyderabad,24.86,72.11,4.07,0.0,79.42,46.57,73.0,0,0,78.79,126.5,49.74,9.85,1.482,29.19,"heavy traffic, construction activity",238.42
2026-03-17,Hyderabad,26.25,59.52,2.64,0.0,75.44,15.32,45.34,0,0,58.28,109.5,46.78,7.51,1.047,31.13,heavy traffic,200.8
2026-03-18,Bengaluru,22.0,65.33,3.85,0.0,93.68,43.75,25.49,0,0,55.04,120.33,57.27,17.17,1.553,31.59,heavy traffic,233.89
2026-03-19,Mumbai,23.54,64.29,1.87,0.0,88.32,38.29,61.52,0,0,73.51,120.85,56.4,15.59,1.586,23.15,"heavy traffic, low wind",209.89
2026-03-20,Mumbai,21.53,67.05,1.58,0.0,100.0,56.45,76.7,0,0,117.06,141.21,56.37,20.06,1.746,25.56,"heavy traffic, construction activity, low wind",257.83
2026-03-21,Mumbai,20.25,72.35,4.11,0.0,77.87,63.15,73.78,0,0,68.31,90.84,52.26,16.93,1.626,24.25,"heavy traffic, construction activity",208.12
2026-03-22,Mumbai,25.0,89.65,3.5,0.0,77.62,57.84,62.3,0,0,82.49,96.8,65.54,12.3,1.432,20.24,heavy traffic,231.44
2026-03-23,Delhi,24.56,66.51,4.31,0.0,61.13,74.73,5.0,0,0,57.26,104.36,57.53,15.63,1.463,21.27,industrial emissions,241.53
2026-03-24,Delhi,26.06,70.18,2.56,0.0,82.14,41.77,35.28,0,0,74.33,129.26,52.44,12.79,1.521,13.52,heavy traffic,248.72
2026-03-25,Chennai,25.64,46.99,2.25,0.0,58.43,41.02,36.31,0,0,60.27,88.53,40.51,15.85,1.261,25.39,normal urban conditions,184.61
2026-03-26,Delhi,24.73,59.64,4.83,0.0,45.4,70.68,48.9,0,0,64.24,113.64,27.28,17.55,1.166,23.72,industrial emissions,189.28
2026-03-27,Chennai,25.67,76.12,1.37,0.0,93.35,54.99,81.77,0,0,102.62,138.64,56.84,14.8,1.763,30.92,"heavy traffic, construction activity, low wind",280.61
2026-03-28,Delhi,23.87,69.11,4.7,0.0,48.94,47.55,26.39,0,0,42.4,102.89,37.0,15.8,1.243,31.47,normal urban conditions,203.29
2026-03-29,Bengaluru,25.24,25.0,4.78,0.0,75.95,85.24,92.84,0,0,79.42,141.29,53.26,20.72,1.491,29.9,"heavy traffic, construction activity, industrial emissions",225.51
2026-03-30,Mumbai,21.82,73.27,4.23,0.0,54.84,62.4,40.35,0,0,48.97,55.78,41.76,15.66,1.287,35.65,normal urban conditions,162.85
2026-03-31,Hyderabad,25.11,83.41,2.37,0.0,86.95,48.57,32.66,0,0,87.12,142.84,58.64,11.77,1.44,23.13,heavy traffic,244.65
2026-04-01,Mumbai,29.51,41.19,2.22,0.0,90.21,39.65,64.9,0,0,76.13,124.43,48.54,16.19,1.502,36.52,heavy traffic,237.75
2026-04-02,Hyderabad,25.49,79.15,2.95,0.0,78.47,75.88,66.49,0,0,83.61,116.12,58.09,22.28,1.585,21.82,"heavy traffic, industrial emissions",235.87
2026-04-03,Hyderabad,27.66,34.72,1.65,0.0,89.94,55.73,61.0,0,0,93.78,123.59,57.69,12.74,1.658,21.06,"heavy traffic, low wind",252.38
2026-04-04,Hyderabad,25.63,73.24,2.05,0.0,70.12,52.44,32.61,0,0,72.07,113.54,44.38,14.18,1.436,20.33,normal urban conditions,208.37
2026-04-05,Mumbai,25.92,63.57,3.97,0.0,100.0,64.17,58.04,0,0,82.91,115.08,71.11,19.27,1.907,34.95,heavy traffic,255.53
2026-04-06,Hyderabad,24.13,41.41,3.98,0.0,81.94,67.84,27.33,0,0,80.88,102.08,59.42,14.44,1.661,24.45,heavy traffic,249.29
2026-04-07,Chennai,31.3,64.35,1.94,0.0,55.59,61.9,32.06,0,0,61.65,92.34,41.46,18.0,1.342,24.23,low wind,186.24
2026-04-08,Hyderabad,30.7,71.82,4.01,0.0,71.11,67.91,46.1,1,0,86.85,106.95,53.9,16.89,1.425,26.24,festival fireworks,223.79
2026-04-09,Mumbai,29.11,65.06,3.75,0.0,67.56,60.12,31.6,0,0,75.84,139.91,39.87,12.97,1.506,23.48,normal urban conditions,214.49
2026-04-10,Delhi,33.42,64.26,5.01,0.0,65.99,61.99,69.05,0,0,78.99,123.53,42.48,22.25,1.15,37.02,normal urban conditions,260.73
2026-04-11,Mumbai,26.93,58.83,3.88,0.0,43.49,38.83,36.44,0,0,70.69,152.94,42.6,12.19,1.127,38.95,normal urban conditions,199.7
2026-04-12,Delhi,36.6,37.57,4.47,0.0,76.19,84.59,43.59,1,0,74.19,122.55,57.61,22.11,1.78,33.66,"heavy traffic, industrial emissions, festival fireworks",282.65
2026-04-13,Delhi,26.82,69.95,3.77,0.0,47.83,29.79,30.4,0,0,40.62,99.71,36.23,8.4,1.063,28.14,normal urban conditions,191.01
2026-04-14,Chennai,28.27,79.51,4.38,0.0,29.59,57.57,68.75,0,0,63.59,91.84,38.43,20.87,1.129,30.81,normal urban conditions,190.2
2026-04-15,Delhi,26.31,74.68,1.66,0.0,64.5,27.94,34.68,0,0,78.97,114.46,46.78,17.31,1.047,24.27,low wind,229.08
2026-04-16,Hyderabad,28.62,41.89,3.05,0.0,57.91,50.23,70.84,0,0,60.29,110.02,41.79,10.53,1.309,22.57,construction activity,189.94
2026-04-17,Chennai,30.01,45.65,3.15,0.0,56.22,41.72,69.37,0,0,69.59,104.05,46.54,13.18,1.186,26.16,normal urban conditions,208.43
2026-04-18,Chennai,27.16,54.33,2.91,0.0,20.35,54.44,39.08,0,0,75.4,107.87,20.0,19.69,0.84,29.3,normal urban conditions,167.82
2026-04-19,Delhi,32.83,42.89,3.73,0.0,56.39,58.15,48.59,0,0,62.3,115.12,39.57,14.9,1.182,33.67,normal urban conditions,200.06
2026-04-20,Delhi,28.22,62.49,3.96,0.0,67.22,34.79,38.53,0,0,68.29,118.75,42.17,13.79,1.297,13.48,normal urban conditions,188.03
2026-04-21,Mumbai,28.31,65.92,3.67,0.0,59.85,51.47,58.91,0,0,82.77,100.08,46.92,10.19,1.305,22.61,normal urban conditions,179.91
2026-04-22,Hyderabad,24.77,50.16,2.99,0.0,76.2,77.09,44.11,0,0,104.71,143.93,53.84,16.97,1.572,20.45,"heavy traffic, industrial emissions",235.13
2026-04-23,Chennai,28.76,69.44,2.32,0.0,92.28,28.38,39.65,0,0,81.33,130.71,42.26,12.46,1.522,31.66,heavy traffic,202.82
2026-04-24,Mumbai,27.1,68.84,4.52,0.0,78.26,36.63,48.92,0,0,77.25,108.18,35.1,11.09,1.304,19.76,heavy traffic,175.09
2026-04-25,Delhi,25.68,58.35,3.62,0.0,86.42,67.49,16.36,0,0,65.35,93.52,56.59,16.72,1.66,21.89,heavy traffic,247.09
2026-04-26,Mumbai,25.17,62.46,1.98,0.0,87.75,53.4,46.48,0,0,86.4,133.33,53.78,11.0,1.7,20.88,"heavy traffic, low wind",227.83
2026-04-27,Chennai,35.52,37.44,2.97,0.0,53.7,54.72,60.99,0,0,60.73,61.55,37.33,17.72,1.301,38.58,normal urban conditions,187.44
2026-04-28,Delhi,26.71,59.78,1.11,0.0,77.03,70.4,50.76,0,0,72.56,115.55,50.56,14.25,1.658,32.3,"heavy traffic, industrial emissions, low wind",266.47
2026-04-29,Mumbai,23.13,65.68,3.24,0.0,85.92,37.71,67.03,0,0,62.96,139.68,52.1,17.66,1.584,26.29,heavy traffic,205.29
2026-04-30,Delhi,25.41,65.7,2.96,0.0,63.02,42.65,40.45,0,0,70.07,65.67,51.74,11.78,1.34,31.83,normal urban conditions,238.26
2026-05-01,Delhi,29.91,64.65,2.51,0.0,56.28,40.43,38.81,0,0,68.57,125.9,42.26,15.87,1.116,35.34,normal urban conditions,238.35
2026-05-02,Chennai,31.7,62.05,5.1,0.0,77.41,45.73,25.65,0,0,47.12,103.22,55.34,16.42,1.481,15.32,heavy traffic,183.67
2026-05-03,Delhi,31.73,56.95,1.81,0.0,45.22,76.11,39.89,0,0,87.58,99.59,42.99,16.22,1.336,32.76,"industrial emissions, low wind",248.65
2026-05-04,Mumbai,32.09,62.2,4.05,0.0,51.52,21.38,87.32,1,0,56.35,117.11,36.66,8.69,0.886,25.6,"construction activity, festival fireworks",173.27
2026-05-05,Chennai,28.13,72.13,5.82,0.0,58.26,30.5,53.51,0,0,50.89,117.61,44.36,10.51,1.021,16.02,normal urban conditions,170.86
2026-05-06,Bengaluru,31.08,59.09,4.49,0.0,76.14,27.42,36.29,0,0,52.92,77.87,43.08,10.22,1.213,25.77,heavy traffic,143.29
2026-05-07,Delhi,27.43,65.77,3.16,0.0,72.43,77.23,27.88,0,0,76.89,103.29,54.33,15.46,1.44,30.31,industrial emissions,265.89
2026-05-08,Hyderabad,28.2,60.2,1.84,0.0,85.45,40.94,16.03,0,0,84.34,120.65,51.2,15.15,1.437,36.47,"heavy traffic, low wind",244.51
2026-05-09,Chennai,27.31,56.22,1.57,0.0,54.18,46.12,31.39,0,0,74.6,132.31,46.49,12.31,1.135,16.86,low wind,199.85
2026-05-10,Hyderabad,26.5,68.48,2.71,0.0,53.32,22.94,63.18,0,0,69.78,105.18,42.02,10.33,1.148,28.68,normal urban conditions,157.74
2026-05-11,Hyderabad,33.25,52.97,2.38,0.0,77.31,47.28,39.46,0,0,80.39,119.27,53.09,17.58,1.426,43.69,heavy traffic,245.32
2026-05-12,Hyderabad,32.13,63.17,2.34,0.0,56.15,67.6,28.84,0,0,57.44,89.57,45.68,19.53,1.208,40.91,normal urban conditions,200.65
2026-05-13,Bengaluru,32.99,58.99,2.81,0.0,59.27,56.55,31.04,0,0,77.08,116.98,36.47,14.18,1.314,4.89,normal urban conditions,185.42
2026-05-14,Delhi,30.18,57.63,3.08,0.0,39.22,50.06,60.99,0,0,49.2,118.06,35.93,18.13,1.006,42.94,normal urban conditions,206.93
2026-05-15,Chennai,32.39,55.84,3.78,0.0,73.58,23.83,46.37,0,0,59.5,107.1,42.04,12.81,1.213,35.84,normal urban conditions,211.84
2026-05-16,Chennai,24.78,59.37,1.71,0.0,93.59,46.1,35.46,0,0,81.78,114.16,59.14,12.26,1.603,8.35,"heavy traffic, low wind",227.49
2026-05-17,Delhi,32.65,42.49,2.38,0.0,52.46,54.64,41.83,0,0,67.89,110.35,43.71,14.2,1.293,25.5,normal urban conditions,228.22
2026-05-18,Chennai,30.59,64.21,3.01,0.0,85.28,34.15,92.12,0,0,79.44,111.22,60.06,15.47,1.365,35.93,"heavy traffic, construction activity",253.74
2026-05-19,Chennai,31.94,61.76,2.97,0.0,67.98,63.79,72.39,0,0,78.75,104.85,45.85,19.54,1.315,30.68,construction activity,203.68
2026-05-20,Bengaluru,31.2,68.46,5.4,0.0,40.68,67.93,77.37,0,0,74.09,141.51,28.11,13.36,1.183,22.93,construction activity,163.58
2026-05-21,Mumbai,27.1,57.51,3.48,0.0,54.61,42.48,12.96,0,0,38.86,115.18,33.22,10.78,1.111,26.47,normal urban conditions,172.23
2026-05-22,Hyderabad,25.57,82.86,1.26,0.0,53.62,65.06,44.98,0,0,80.7,88.67,43.07,19.5,1.408,25.94,low wind,204.42
2026-05-23,Chennai,27.93,58.45,3.7,0.0,63.86,50.02,35.1,0,0,50.74,107.74,51.32,11.48,1.304,22.29,normal urban conditions,176.45
2026-05-24,Delhi,31.76,50.82,3.85,0.0,75.64,72.65,58.88,0,0,83.5,140.15,45.86,21.04,1.586,28.48,"heavy traffic, industrial emissions",255.39
2026-05-25,Chennai,32.13,49.37,3.05,0.0,98.51,88.61,69.2,0,0,90.73,109.54,59.51,26.99,2.027,36.03,"heavy traffic, industrial emissions",260.01
2026-05-26,Chennai,25.96,46.29,1.74,0.0,46.03,32.31,54.53,0,0,62.49,99.92,39.34,13.29,0.862,21.82,low wind,193.93
2026-05-27,Bengaluru,27.12,78.14,5.31,0.0,61.17,65.85,30.55,0,0,44.96,82.0,50.14,14.77,1.406,14.04,normal urban conditions,187.97
2026-05-28,Mumbai,27.89,75.99,1.92,0.0,54.59,75.49,34.78,0,0,90.13,160.99,39.25,19.61,1.329,19.76,"industrial emissions, low wind",208.18
2026-05-29,Hyderabad,28.99,67.51,3.99,0.0,48.64,34.53,60.41,0,0,56.74,134.55,24.97,15.63,1.123,19.62,normal urban conditions,155.97
2026-05-30,Delhi,25.98,54.66,3.44,0.0,70.46,41.65,62.4,0,0,70.75,98.97,41.26,13.96,1.294,21.49,normal urban conditions,221.04
2026-05-31,Chennai,25.8,81.86,3.92,0.0,68.95,41.45,50.82,0,0,75.82,91.69,48.73,15.08,1.34,10.27,normal urban conditions,206.45
2026-06-01,Mumbai,28.53,58.31,5.25,2.73,36.98,49.61,50.6,0,0,27.11,95.32,33.54,12.54,0.963,28.35,normal urban conditions,156.2
2026-06-02,Delhi,31.26,57.23,3.87,2.3,66.29,45.59,49.0,0,0,53.35,110.69,40.16,12.12,1.352,34.4,normal urban conditions,207.57
2026-06-03,Bengaluru,27.46,76.95,2.53,4.93,46.71,48.43,53.38,0,0,59.79,128.64,43.84,17.47,1.081,18.19,rain,169.51
2026-06-04,Bengaluru,30.65,66.93,4.53,0.95,66.19,67.08,62.32,0,0,51.08,81.73,48.88,15.6,1.468,22.26,normal urban conditions,184.76
2026-06-05,Bengaluru,34.18,79.89,2.44,0.85,86.31,17.88,60.6,0,0,60.66,120.79,47.8,2.1,1.533,25.9,heavy traffic,192.39
2026-06-06,Delhi,27.09,65.32,3.4,3.32,73.41,34.47,48.47,0,0,53.28,87.6,36.03,11.6,1.315,18.68,rain,186.62
2026-06-07,Bengaluru,30.38,56.56,1.65,3.99,68.84,64.06,47.02,0,0,63.08,119.17,47.37,18.19,1.493,34.81,"rain, low wind",227.55
2026-06-08,Bengaluru,34.07,51.83,1.96,0.13,57.54,61.95,46.25,0,0,69.73,112.18,58.64,20.09,1.495,24.3,low wind,234.74
2026-06-09,Bengaluru,29.75,42.51,3.26,6.18,67.07,32.95,32.39,0,0,52.07,132.15,41.14,17.21,1.284,25.58,rain,191.96
2026-06-10,Chennai,29.28,58.52,3.64,2.05,75.01,62.07,32.14,0,0,73.77,122.24,45.81,17.19,1.328,21.74,heavy traffic,211.28
2026-06-11,Mumbai,34.49,69.1,1.16,1.02,73.43,75.88,58.88,0,0,110.5,139.29,54.4,21.12,1.533,35.73,"industrial emissions, low wind",248.78
2026-06-12,Mumbai,30.08,66.73,3.8,2.77,64.41,51.12,33.74,0,0,57.64,104.76,45.86,15.54,1.233,24.92,normal urban conditions,189.6
2026-06-13,Chennai,34.31,57.98,2.22,2.68,69.48,33.86,64.28,0,0,71.12,114.24,50.81,13.48,1.361,43.87,normal urban conditions,213.79
2026-06-14,Hyderabad,32.29,49.25,4.74,1.06,44.94,67.75,46.97,0,0,51.72,78.65,43.67,17.28,1.188,32.32,normal urban conditions,203.32
2026-06-15,Hyderabad,29.97,63.09,2.78,0.15,54.25,83.01,64.39,0,0,81.93,158.83,44.83,21.44,1.484,35.02,industrial emissions,232.76
2026-06-16,Mumbai,32.44,69.22,1.85,6.2,77.32,36.05,60.74,0,0,74.28,146.77,57.0,10.58,1.443,25.27,"heavy traffic, rain, low wind",229.57
2026-06-17,Bengaluru,31.96,63.73,3.29,0.76,79.47,52.71,64.86,0,0,87.11,124.94,56.68,21.37,1.568,21.33,heavy traffic,235.08
2026-06-18,Bengaluru,34.06,59.62,2.1,0.62,67.5,71.62,38.47,0,0,87.36,137.73,49.78,11.29,1.392,29.35,industrial emissions,227.83
2026-06-19,Delhi,29.35,53.28,4.72,0.85,89.66,54.08,56.18,0,0,76.53,156.06,53.45,17.36,1.691,23.0,heavy traffic,249.14
2026-06-20,Hyderabad,31.12,68.69,3.2,3.82,74.13,20.55,62.76,0,0,76.85,142.43,47.04,11.25,1.372,12.89,rain,213.93
2026-06-21,Chennai,30.82,28.91,3.02,1.21,62.27,59.98,16.97,0,0,57.38,94.54,53.49,17.71,1.241,38.57,normal urban conditions,204.8
2026-06-22,Mumbai,33.11,62.45,3.91,0.87,46.48,34.38,82.03,0,0,51.77,102.09,25.74,8.95,0.989,28.95,construction activity,139.53
2026-06-23,Mumbai,27.92,87.96,1.99,2.59,89.02,29.13,93.32,1,0,93.82,105.65,52.68,6.63,1.521,17.9,"heavy traffic, construction activity, low wind, festival fireworks",211.94
2026-06-24,Chennai,34.05,42.88,1.65,2.25,78.33,20.9,66.95,0,0,71.06,130.27,46.77,12.16,1.323,34.22,"heavy traffic, low wind",226.38
2026-06-25,Delhi,32.4,56.71,3.69,0.9,94.77,73.43,64.12,0,0,76.07,142.12,57.85,22.77,1.943,29.34,"heavy traffic, industrial emissions",274.14
2026-06-26,Mumbai,27.05,62.79,1.88,0.15,100.0,36.98,59.78,0,0,84.18,147.8,54.68,13.58,1.73,35.21,"heavy traffic, low wind",226.62
2026-06-27,Hyderabad,34.62,52.94,1.88,3.74,45.41,58.0,41.53,0,0,48.28,108.81,47.93,18.7,1.175,33.72,"rain, low wind",201.15
2026-06-28,Bengaluru,37.7,65.77,4.2,2.29,45.45,62.42,45.8,1,0,66.06,116.38,42.92,15.61,1.235,29.75,festival fireworks,192.42
2026-06-29,Delhi,34.01,62.72,3.83,0.07,20.19,54.91,67.29,0,0,54.02,85.63,41.7,16.78,0.883,34.03,normal urban conditions,236.02
2026-06-30,Hyderabad,35.28,58.63,1.7,6.96,80.69,57.34,28.54,0,0,50.9,102.35,51.68,19.85,1.566,30.12,"heavy traffic, rain, low wind",228.39
2026-07-01,Delhi,30.32,68.55,2.46,0.06,72.5,58.86,26.79,0,0,68.12,97.93,52.2,15.48,1.445,27.74,normal urban conditions,234.02
2026-07-02,Bengaluru,25.08,64.41,2.12,0.68,63.56,54.49,40.05,0,0,90.73,137.3,49.37,19.27,1.419,32.65,normal urban conditions,232.99
2026-07-03,Bengaluru,24.53,95.0,5.33,0.74,42.38,38.32,61.13,0,0,56.14,90.69,37.75,8.23,0.929,11.91,normal urban conditions,166.89
2026-07-04,Hyderabad,30.83,61.73,4.29,0.91,60.58,36.71,30.68,0,0,55.87,109.92,48.37,11.03,1.191,21.5,normal urban conditions,194.58
2026-07-05,Mumbai,28.29,63.95,2.69,0.88,64.96,50.11,43.49,0,0,62.38,130.82,47.03,16.66,1.238,22.95,normal urban conditions,202.03
2026-07-06,Delhi,27.32,45.57,3.89,0.34,74.52,49.73,45.87,1,0,77.25,125.23,42.03,20.67,1.501,25.65,festival fireworks,237.49
2026-07-07,Chennai,29.87,55.45,1.57,2.08,66.37,59.73,27.76,0,0,71.48,117.85,46.01,16.6,1.503,35.87,low wind,226.98
2026-07-08,Bengaluru,31.91,70.94,2.39,4.32,72.62,71.83,5.0,0,0,58.63,116.01,54.95,15.39,1.478,17.13,"industrial emissions, rain",198.79
2026-07-09,Mumbai,25.7,50.45,3.33,2.05,60.01,58.19,27.47,0,0,52.99,129.9,52.19,21.95,1.307,25.88,normal urban conditions,228.66
2026-07-10,Hyderabad,28.72,40.12,3.74,2.42,80.9,37.4,53.22,0,0,57.95,102.92,40.05,12.61,1.407,25.12,heavy traffic,205.62
2026-07-11,Bengaluru,34.59,57.91,3.08,1.24,72.11,12.74,57.72,0,0,46.32,106.05,34.23,11.03,1.278,41.98,normal urban conditions,184.44
2026-07-12,Bengaluru,26.84,76.72,3.5,1.97,43.01,38.16,57.89,0,0,41.26,120.09,39.32,12.1,1.108,29.74,normal urban conditions,169.94
2026-07-13,Hyderabad,32.67,59.35,3.29,2.6,84.23,27.8,60.19,1,0,75.04,130.55,40.85,11.87,1.389,30.52,"heavy traffic, festival fireworks",195.43
2026-07-14,Mumbai,28.61,58.41,3.0,3.45,81.61,38.85,35.47,0,0,55.95,65.18,43.43,11.53,1.215,33.51,"heavy traffic, rain",182.79
2026-07-15,Bengaluru,31.7,41.03,2.84,0.79,69.45,56.36,31.19,0,0,62.97,93.09,56.07,22.79,1.514,21.28,normal urban conditions,209.79
2026-07-16,Bengaluru,33.35,62.97,2.69,0.67,66.49,53.52,55.5,0,0,57.52,118.32,46.42,19.14,1.373,42.98,normal urban conditions,207.84
2026-07-17,Hyderabad,32.29,65.81,3.48,0.02,88.54,85.45,43.76,0,0,95.11,124.38,59.77,25.98,1.829,21.97,"heavy traffic, industrial emissions",265.96
2026-07-18,Delhi,32.79,41.03,3.69,8.68,35.87,60.7,66.14,0,0,61.71,135.15,44.55,14.35,1.122,39.91,rain,244.47
2026-07-19,Hyderabad,26.61,74.52,3.44,8.24,81.86,86.37,55.63,0,0,83.97,158.09,52.88,15.34,1.721,27.55,"heavy traffic, industrial emissions, rain",241.6
2026-07-20,Bengaluru,33.4,66.07,1.79,1.64,54.38,64.87,73.68,0,0,90.28,120.93,38.91,16.5,1.241,30.29,"construction activity, low wind",189.3
2026-07-21,Chennai,27.5,73.87,2.0,1.74,79.52,71.54,38.69,0,0,90.53,108.95,66.9,26.0,1.605,32.77,"heavy traffic, industrial emissions",258.98
2026-07-22,Hyderabad,30.84,66.05,3.68,0.35,63.93,45.54,69.35,0,0,71.47,110.42,45.39,13.32,1.329,34.01,normal urban conditions,237.68
2026-07-23,Mumbai,30.84,66.75,4.97,0.58,42.11,32.66,88.69,0,0,53.13,97.95,35.65,15.38,1.022,27.7,construction activity,180.62
2026-07-24,Hyderabad,31.52,64.94,3.38,6.89,54.06,43.92,49.07,0,0,40.0,118.54,38.4,10.95,1.293,24.59,rain,168.0
2026-07-25,Delhi,31.07,68.73,2.71,1.23,78.35,51.79,57.99,0,0,85.63,107.55,51.24,12.8,1.533,27.7,heavy traffic,266.38
2026-07-26,Delhi,27.53,44.34,3.47,0.48,58.64,40.69,29.39,0,0,60.27,117.09,37.03,13.27,1.186,27.1,normal urban conditions,207.8
2026-07-27,Bengaluru,26.01,48.58,1.84,2.75,52.06,33.98,65.88,0,0,58.05,131.42,41.28,18.77,1.149,28.96,low wind,222.13
2026-07-28,Chennai,32.68,51.56,4.77,0.8,51.95,59.5,70.58,0,0,63.88,126.13,45.9,19.82,1.153,36.93,construction activity,217.81
2026-07-29,Chennai,30.62,59.07,3.42,5.94,72.28,33.9,38.11,0,0,45.81,101.78,46.31,6.26,1.434,31.03,rain,191.33
2026-07-30,Hyderabad,33.51,62.22,2.4,1.96,90.01,24.4,59.72,1,0,78.8,118.35,57.57,12.9,1.493,30.26,"heavy traffic, festival fireworks",251.41
2026-07-31,Delhi,29.93,64.1,3.0,0.84,27.75,31.8,53.61,0,0,55.54,136.37,32.28,8.64,0.755,22.19,normal urban conditions,204.57
2026-08-01,Chennai,23.28,76.67,2.57,0.9,100.0,47.78,55.82,0,0,93.73,127.58,53.18,12.6,1.659,23.88,heavy traffic,225.56
2026-08-02,Hyderabad,30.4,72.01,4.77,2.62,61.26,34.16,64.24,0,0,51.77,118.61,38.51,14.0,1.24,14.21,normal urban conditions,195.97
2026-08-03,Mumbai,26.39,54.6,2.96,1.4,67.28,47.89,58.38,0,0,65.45,108.24,43.91,18.86,1.322,20.38,normal urban conditions,191.22
2026-08-04,Chennai,28.53,64.22,3.39,1.21,51.02,62.81,45.22,0,0,64.08,75.33,47.41,21.1,1.232,30.23,normal urban conditions,199.59
2026-08-05,Bengaluru,25.56,55.43,3.89,3.57,57.94,62.34,64.67,0,0,42.9,90.08,47.59,17.97,1.186,31.6,rain,190.92
2026-08-06,Bengaluru,32.43,57.21,2.31,6.63,61.08,40.11,70.24,0,0,53.53,100.76,44.22,14.45,1.189,28.83,"construction activity, rain",197.48
2026-08-07,Mumbai,24.87,67.61,3.43,3.14,41.21,28.53,36.92,0,0,30.62,79.82,38.33,15.6,0.87,24.97,rain,154.12
2026-08-08,Chennai,26.49,29.17,3.53,0.72,45.11,41.64,47.96,0,0,49.3,85.84,25.04,8.94,1.075,31.66,normal urban conditions,166.23
2026-08-09,Hyderabad,27.82,86.44,1.34,0.43,76.95,63.8,12.63,0,0,94.0,138.28,51.78,22.69,1.535,27.7,"heavy traffic, low wind",270.09
2026-08-10,Hyderabad,24.22,70.51,3.5,3.39,33.16,68.01,59.67,0,0,60.07,120.48,33.89,15.67,0.844,21.45,rain,178.34
2026-08-11,Bengaluru,28.49,55.9,3.15,3.13,65.06,58.35,72.46,0,0,64.89,106.86,49.13,17.12,1.348,20.08,"construction activity, rain",188.0
2026-08-12,Bengaluru,32.34,78.44,3.36,1.11,52.07,73.63,42.85,0,0,60.72,100.03,48.8,17.29,1.2,29.08,industrial emissions,213.2
2026-08-13,Delhi,26.03,60.11,3.24,1.43,42.63,83.13,50.67,1,0,66.67,92.17,43.92,16.83,1.177,38.81,"industrial emissions, festival fireworks",209.54
2026-08-14,Mumbai,28.69,63.05,3.51,0.78,89.55,43.3,43.6,1,0,102.76,141.88,45.59,15.31,1.665,19.75,"heavy traffic, festival fireworks",237.77
2026-08-15,Mumbai,19.25,63.45,4.8,0.45,42.73,78.76,40.32,0,0,56.11,126.73,43.66,20.31,1.1,20.09,industrial emissions,184.75
2026-08-16,Chennai,27.38,79.15,1.78,0.86,39.92,47.31,52.64,0,0,68.3,137.36,38.26,14.25,1.036,20.86,low wind,198.81
2026-08-17,Bengaluru,26.56,62.16,2.79,0.01,55.01,70.36,32.32,0,0,47.42,83.66,37.82,17.8,1.292,42.04,industrial emissions,170.71
2026-08-18,Mumbai,25.04,65.76,4.0,5.03,45.7,64.75,43.29,1,0,47.23,131.46,38.75,21.94,1.131,17.16,"rain, festival fireworks",175.02
2026-08-19,Bengaluru,30.74,72.32,3.78,0.27,58.1,16.41,29.91,0,0,49.47,89.18,38.07,16.2,0.967,25.11,normal urban conditions,172.19
2026-08-20,Bengaluru,26.52,69.09,3.75,1.68,60.49,34.61,59.78,0,0,54.79,84.98,50.32,16.3,1.209,21.74,normal urban conditions,197.11
2026-08-21,Mumbai,26.97,62.38,6.5,0.04,61.75,30.02,52.78,0,0,45.65,71.06,30.13,12.63,1.206,16.57,normal urban conditions,138.42
2026-08-22,Hyderabad,26.37,74.45,3.94,3.03,56.02,19.92,39.38,0,0,47.7,76.13,40.29,5.28,0.904,14.41,rain,151.07
2026-08-23,Chennai,21.75,91.96,4.56,3.93,46.77,67.83,48.74,0,0,61.43,112.93,34.41,19.73,1.31,22.91,rain,193.89
2026-08-24,Hyderabad,24.1,68.1,2.83,1.84,68.29,89.24,43.59,0,0,60.94,101.3,47.78,23.29,1.51,28.05,industrial emissions,235.85
2026-08-25,Delhi,30.38,61.7,2.01,1.58,56.21,47.36,70.88,0,0,61.47,98.23,36.15,16.89,1.24,23.39,construction activity,203.87
2026-08-26,Bengaluru,21.17,68.69,2.82,0.77,50.07,67.37,39.18,0,0,65.41,93.51,47.74,14.36,1.161,31.26,normal urban conditions,191.08
2026-08-27,Hyderabad,25.2,77.26,4.05,4.92,81.68,78.72,60.7,0,0,69.11,94.57,57.7,22.15,1.666,6.83,"heavy traffic, industrial emissions, rain",208.45
2026-08-28,Hyderabad,26.3,57.4,3.69,0.18,56.06,55.75,33.9,0,0,56.19,85.2,41.14,20.6,1.155,16.77,normal urban conditions,190.73
2026-08-29,Bengaluru,32.73,56.11,3.68,1.03,75.47,51.54,64.28,0,0,72.93,135.69,52.31,12.3,1.423,23.5,heavy traffic,223.03
2026-08-30,Chennai,29.81,45.56,2.94,0.66,77.63,47.58,68.75,0,0,68.39,147.0,50.73,16.67,1.451,28.86,heavy traffic,225.04
2026-08-31,Mumbai,25.83,51.88,2.75,0.63,78.6,61.68,69.69,0,0,84.41,160.24,54.57,14.43,1.471,22.82,heavy traffic,224.49
2026-09-01,Hyderabad,27.91,57.08,2.98,4.81,66.13,67.74,77.42,0,0,77.69,134.93,48.28,17.53,1.475,25.1,"construction activity, rain",251.24
2026-09-02,Delhi,21.78,66.0,4.07,1.47,55.06,60.31,53.85,0,0,62.03,99.12,36.94,13.8,1.308,25.45,normal urban conditions,183.96
2026-09-03,Bengaluru,27.03,80.57,4.21,0.76,54.05,59.69,72.76,0,0,74.81,107.82,52.57,15.5,1.473,33.4,construction activity,233.3
2026-09-04,Hyderabad,19.92,73.21,1.99,2.37,51.17,51.08,80.48,0,0,52.07,117.32,50.67,14.14,1.245,25.79,"construction activity, low wind",211.8
2026-09-05,Mumbai,27.22,53.63,4.11,2.18,20.4,23.33,25.56,0,0,19.97,68.61,32.02,11.97,0.729,26.93,normal urban conditions,140.68
2026-09-06,Bengaluru,22.78,58.57,2.42,3.86,66.57,68.16,35.94,0,0,77.4,124.77,47.79,20.58,1.316,22.94,rain,204.26
2026-09-07,Hyderabad,20.91,80.91,3.76,2.63,58.98,28.88,18.09,0,0,39.68,121.68,34.58,15.27,0.974,27.5,normal urban conditions,174.09
2026-09-08,Hyderabad,23.35,76.72,2.97,1.55,68.28,63.15,69.22,0,0,69.03,118.98,47.53,15.15,1.424,34.82,normal urban conditions,229.41
2026-09-09,Hyderabad,24.83,64.7,5.08,1.67,53.2,65.6,17.83,0,0,46.74,133.2,48.69,18.58,1.425,28.36,normal urban conditions,216.28
2026-09-10,Mumbai,22.52,61.61,2.7,2.52,65.71,31.47,12.4,0,0,53.81,76.56,43.02,8.74,1.425,19.56,normal urban conditions,152.36
2026-09-11,Delhi,25.66,75.09,3.41,0.53,33.03,41.06,26.05,0,0,41.27,97.13,28.41,13.24,0.838,24.92,normal urban conditions,195.28
2026-09-12,Chennai,22.25,56.29,3.93,2.13,36.36,90.19,13.23,0,0,68.96,113.96,44.33,21.56,1.181,27.55,industrial emissions,214.29
2026-09-13,Delhi,25.86,67.62,2.15,6.5,15.45,50.57,53.44,0,0,45.34,77.71,23.99,12.32,0.782,20.22,rain,159.98
2026-09-14,Mumbai,25.33,86.8,3.11,1.84,52.92,30.04,26.31,0,0,44.56,106.01,29.25,13.48,1.05,27.57,normal urban conditions,160.25
2026-09-15,Bengaluru,23.82,67.18,2.88,1.14,42.71,66.42,14.19,0,0,41.72,115.55,41.83,17.16,1.147,24.89,normal urban conditions,198.58
2026-09-16,Delhi,22.68,58.17,2.58,1.13,40.62,38.09,47.16,0,0,58.86,144.45,31.86,13.56,1.017,31.64,normal urban conditions,199.61
2026-09-17,Bengaluru,24.45,68.79,2.67,2.42,60.43,17.43,48.34,0,0,47.71,103.99,38.16,13.46,1.297,16.36,normal urban conditions,152.27
2026-09-18,Bengaluru,25.65,59.14,4.53,2.02,48.26,61.36,10.6,0,0,66.06,71.61,24.06,15.53,1.302,12.82,normal urban conditions,153.98
2026-09-19,Bengaluru,30.19,46.73,2.48,3.17,32.14,35.5,33.73,0,0,46.76,102.7,25.98,15.23,0.998,26.25,rain,154.85
2026-09-20,Mumbai,26.82,70.04,3.88,0.83,95.79,57.78,46.51,0,0,85.79,138.28,58.03,20.57,1.599,24.51,heavy traffic,236.52
2026-09-21,Delhi,26.93,74.13,3.58,1.38,54.48,37.37,40.86,0,0,58.41,99.48,29.79,17.12,1.214,11.31,normal urban conditions,198.57
2026-09-22,Chennai,33.27,55.41,1.52,3.67,37.74,64.73,41.41,0,0,71.76,117.66,31.56,16.79,1.015,25.39,"rain, low wind",181.17
2026-09-23,Mumbai,25.55,60.14,3.82,3.93,44.35,55.3,71.59,0,0,31.16,78.26,38.56,12.93,1.248,33.82,"construction activity, rain",159.2
2026-09-24,Chennai,25.45,54.37,1.5,3.96,52.3,10.0,90.93,0,0,50.06,101.05,39.28,6.47,1.046,29.21,"construction activity, rain, low wind",172.86
2026-09-25,Delhi,26.11,62.02,3.95,3.33,52.27,58.88,41.73,1,0,73.1,133.15,36.54,11.66,1.279,25.89,"rain, festival fireworks",222.51
2026-09-26,Delhi,20.97,61.5,2.59,3.43,75.91,46.78,21.56,0,0,78.81,141.69,48.52,16.54,1.382,14.77,"heavy traffic, rain",238.91
2026-09-27,Bengaluru,22.67,55.82,3.21,2.13,53.8,77.5,43.31,0,0,52.97,77.05,45.66,21.64,1.322,32.52,industrial emissions,202.66
2026-09-28,Chennai,22.48,84.98,1.65,0.25,84.76,59.11,51.89,0,0,74.16,107.64,47.68,16.81,1.59,17.25,"heavy traffic, low wind",213.2
2026-09-29,Chennai,25.94,68.3,3.35,0.29,48.15,65.61,46.93,0,0,66.35,81.8,49.51,13.37,1.282,24.74,normal urban conditions,207.44
2026-09-30,Bengaluru,23.48,71.09,4.31,1.81,61.89,39.21,60.21,0,0,63.62,143.03,40.09,12.18,1.26,25.23,normal urban conditions,190.13
2026-10-01,Mumbai,20.91,75.99,2.23,1.89,70.35,37.78,92.24,0,1,102.72,158.78,45.58,17.19,1.434,21.58,"construction activity, crop burning",228.72
2026-10-02,Chennai,23.76,72.88,2.47,0.61,73.12,51.54,13.74,0,0,69.0,72.38,52.37,17.08,1.566,32.77,normal urban conditions,220.17
2026-10-03,Bengaluru,23.09,61.51,3.75,0.66,74.99,45.51,37.86,0,0,46.73,93.43,38.74,16.63,1.355,27.34,normal urban conditions,191.23
2026-10-04,Delhi,20.01,70.52,3.78,1.54,49.65,76.08,78.82,0,0,67.28,109.82,50.07,29.1,1.34,22.91,"construction activity, industrial emissions",259.29
2026-10-05,Delhi,18.49,66.17,0.3,9.73,53.91,49.24,37.56,0,1,77.82,104.26,51.28,15.86,1.229,19.62,"rain, low wind, crop burning",233.27
2026-10-06,Chennai,23.91,69.45,5.62,0.47,15.0,29.95,63.79,0,1,45.36,115.33,20.79,5.32,0.602,25.84,crop burning,126.06
2026-10-07,Mumbai,22.82,69.24,3.83,1.08,50.86,37.1,60.62,0,1,57.78,123.85,39.92,9.63,1.158,20.77,crop burning,197.79
2026-10-08,Bengaluru,15.68,67.0,4.04,3.86,71.46,69.37,72.74,0,1,97.34,141.58,49.23,19.02,1.563,19.91,"construction activity, rain, crop burning",238.56
2026-10-09,Delhi,19.56,54.81,3.03,3.26,68.35,48.99,86.27,0,0,80.82,114.42,52.32,14.89,1.318,19.79,"construction activity, rain",244.85
2026-10-10,Mumbai,21.0,68.56,0.97,2.3,52.62,48.03,54.66,0,0,65.0,98.91,38.49,14.17,1.158,17.82,low wind,190.75
2026-10-11,Mumbai,22.84,63.77,4.01,0.1,81.19,71.08,13.08,0,1,87.79,123.21,55.06,17.91,1.623,16.5,"heavy traffic, industrial emissions, crop burning",225.42
2026-10-12,Mumbai,23.23,46.64,2.52,1.3,47.86,35.53,33.99,1,0,56.78,93.44,37.43,10.33,0.979,23.28,festival fireworks,171.03
2026-10-13,Bengaluru,21.35,71.93,3.85,7.7,42.54,11.77,91.72,0,1,56.49,108.27,28.66,10.0,0.824,18.75,"construction activity, rain, crop burning",166.12
2026-10-14,Chennai,22.26,75.87,2.94,0.64,46.51,36.65,19.72,0,0,57.54,110.57,42.89,17.05,0.924,33.94,normal urban conditions,201.15
2026-10-15,Chennai,20.69,92.6,3.49,0.6,36.04,56.36,57.94,0,0,66.55,84.26,48.91,21.21,1.059,25.21,normal urban conditions,221.37
2026-10-16,Bengaluru,18.48,64.95,2.27,6.26,63.96,47.51,5.0,0,0,62.92,89.14,45.42,19.71,1.415,19.43,rain,191.83
2026-10-17,Mumbai,19.72,62.61,4.24,1.53,58.62,23.91,20.98,0,0,54.55,97.82,39.79,7.96,1.101,18.37,normal urban conditions,159.78
2026-10-18,Chennai,20.56,56.32,1.77,0.11,63.76,70.29,65.74,0,1,102.6,168.02,46.34,18.19,1.513,26.85,"industrial emissions, low wind, crop burning",253.25
2026-10-19,Hyderabad,20.4,69.61,5.89,0.39,47.37,54.94,48.72,0,1,96.16,148.18,43.11,14.85,1.161,34.46,crop burning,211.4
2026-10-20,Hyderabad,14.84,73.43,5.89,0.85,53.07,59.0,40.47,0,1,84.91,123.48,36.8,18.22,1.159,22.93,crop burning,208.25
2026-10-21,Bengaluru,19.31,60.17,5.16,2.19,19.15,59.55,31.71,0,1,45.4,100.09,46.87,16.28,0.998,9.36,crop burning,179.9
2026-10-22,Bengaluru,20.67,65.58,4.73,1.36,60.02,28.63,8.07,0,0,42.44,85.97,27.83,10.9,0.948,27.54,normal urban conditions,148.48
2026-10-23,Chennai,19.66,48.25,3.1,0.57,55.58,57.45,61.87,0,0,47.03,117.08,56.78,20.56,1.263,30.3,normal urban conditions,193.15
2026-10-24,Hyderabad,19.76,77.23,4.6,1.38,36.39,68.33,42.34,0,1,71.9,121.82,42.92,18.23,1.035,34.99,crop burning,201.28
2026-10-25,Bengaluru,21.96,58.72,3.08,0.63,52.33,72.53,17.56,1,0,87.15,145.49,38.95,18.98,1.44,21.3,"industrial emissions, festival fireworks",206.22
2026-10-26,Bengaluru,17.26,69.37,1.34,8.07,49.87,64.98,48.6,0,0,90.68,104.44,59.26,18.64,1.256,20.14,"rain, low wind",234.65
2026-10-27,Mumbai,15.62,56.6,5.0,0.36,82.23,61.24,59.62,0,0,69.38,99.68,46.92,18.83,1.809,22.95,heavy traffic,221.05
2026-10-28,Mumbai,19.46,62.36,4.55,0.99,37.02,20.73,43.99,0,1,61.0,110.97,25.86,12.36,0.822,15.87,crop burning,147.13
2026-10-29,Bengaluru,22.79,63.05,3.16,0.83,59.3,51.73,50.32,0,1,91.86,138.82,36.31,19.93,1.211,16.99,crop burning,206.39
2026-10-30,Delhi,25.56,63.79,1.73,0.85,36.55,34.78,48.76,0,0,78.24,162.73,32.89,8.71,0.76,27.2,low wind,214.71
2026-10-31,Mumbai,22.85,70.6,2.5,0.42,45.07,75.08,33.86,0,0,58.03,70.04,43.83,19.99,1.33,11.29,industrial emissions,178.85
2026-11-01,Bengaluru,13.53,86.72,1.01,0.0,59.5,72.35,49.09,0,0,114.81,146.41,55.84,18.27,1.331,5.82,"industrial emissions, low wind",238.9
2026-11-02,Chennai,17.24,77.06,4.33,0.0,51.69,34.89,62.7,0,0,54.38,101.9,51.05,11.68,1.046,23.95,normal urban conditions,181.96
2026-11-03,Hyderabad,18.71,78.33,1.28,0.0,54.98,51.17,68.69,0,0,70.21,120.18,41.52,17.46,1.315,22.37,low wind,214.37
2026-11-04,Mumbai,18.47,83.33,3.54,0.0,60.4,56.47,63.81,0,1,89.88,161.27,28.48,19.93,1.398,26.91,crop burning,195.68
2026-11-05,Hyderabad,19.56,73.81,2.19,0.0,47.17,68.21,34.5,0,1,81.86,136.31,47.83,16.14,1.177,23.14,crop burning,228.59
2026-11-06,Bengaluru,15.19,70.8,1.49,0.0,69.22,21.84,60.72,0,1,100.25,108.6,40.58,15.56,1.175,17.93,"low wind, crop burning",203.3
2026-11-07,Hyderabad,18.13,79.2,3.49,0.0,50.18,12.23,57.31,0,1,57.8,132.83,43.24,4.66,0.785,27.49,crop burning,181.69
2026-11-08,Delhi,19.2,79.09,2.8,0.0,53.51,52.69,33.81,0,1,87.15,151.53,42.3,17.2,1.044,16.11,crop burning,239.86
2026-11-09,Hyderabad,20.41,74.0,4.21,0.0,60.85,10.0,38.71,0,1,76.31,121.61,30.52,5.93,1.101,18.02,crop burning,189.5
2026-11-10,Hyderabad,15.52,56.39,1.68,0.0,58.7,54.85,61.59,0,0,92.38,102.56,40.19,13.85,1.353,19.32,low wind,193.98
2026-11-11,Bengaluru,16.9,61.55,2.29,0.0,65.38,62.66,75.54,0,1,110.02,143.85,53.36,17.21,1.439,23.06,"construction activity, crop burning",253.12
2026-11-12,Chennai,9.83,72.17,0.33,0.0,60.14,74.25,11.77,0,0,96.64,137.33,50.65,17.68,1.432,14.28,"industrial emissions, low wind",236.65
2026-11-13,Chennai,16.07,78.34,0.58,0.0,62.58,40.79,80.8,0,0,82.87,144.79,55.05,4.94,1.189,7.04,"construction activity, low wind",196.31
2026-11-14,Bengaluru,16.36,70.13,5.36,0.0,49.87,54.9,71.28,0,0,61.49,77.8,37.24,17.62,1.295,16.72,construction activity,179.23
2026-11-15,Mumbai,14.88,82.75,5.7,0.0,37.97,63.73,51.98,0,0,28.14,68.5,43.82,19.54,0.945,16.03,normal urban conditions,158.28
2026-11-16,Hyderabad,18.43,82.05,3.31,0.0,32.23,30.84,43.19,0,1,68.59,131.39,21.16,11.45,0.784,19.1,crop burning,170.92
2026-11-17,Delhi,17.77,81.35,2.21,0.0,28.34,68.48,55.81,0,1,91.11,157.06,26.38,17.24,1.014,14.87,crop burning,175.44
2026-11-18,Chennai,11.16,86.04,2.84,0.0,83.28,56.94,35.19,0,0,86.21,131.63,59.6,14.99,1.591,17.35,heavy traffic,251.09
2026-11-19,Chennai,18.58,58.42,4.25,0.0,19.67,41.1,44.45,0,0,22.79,98.1,22.81,8.44,0.732,9.94,normal urban conditions,91.88
2026-11-20,Chennai,15.15,76.02,2.58,0.0,74.17,54.54,18.5,0,1,89.02,132.18,49.41,10.28,1.426,20.12,crop burning,213.97
2026-11-21,Mumbai,19.39,62.15,3.49,0.0,41.94,49.49,13.17,1,1,75.27,130.37,30.58,17.33,1.093,33.76,"festival fireworks, crop burning",183.24
2026-11-22,Mumbai,14.09,55.44,3.18,0.0,74.05,66.04,94.65,0,0,82.15,130.58,46.01,20.76,1.438,14.85,construction activity,232.57
2026-11-23,Chennai,18.03,66.31,2.52,0.0,19.83,45.51,49.26,1,0,67.85,120.44,32.43,16.07,0.75,20.36,festival fireworks,164.62
2026-11-24,Hyderabad,17.09,83.09,2.57,0.0,51.31,56.09,52.07,0,0,69.42,91.32,42.52,17.11,1.237,15.7,normal urban conditions,187.81
2026-11-25,Bengaluru,18.85,73.21,3.55,0.0,78.34,40.82,47.39,0,1,92.55,143.09,42.31,15.88,1.408,17.97,"heavy traffic, crop burning",221.46
2026-11-26,Hyderabad,18.31,89.16,2.03,0.0,66.48,35.12,31.44,1,0,75.99,93.23,49.6,14.77,1.259,10.17,festival fireworks,210.84
2026-11-27,Hyderabad,17.17,71.55,3.74,0.0,49.68,55.09,41.86,0,1,90.79,141.09,47.45,13.46,1.194,32.8,crop burning,229.51
2026-11-28,Bengaluru,13.33,95.0,2.63,0.0,23.98,35.86,49.82,0,0,65.95,102.54,27.47,13.4,0.612,16.63,normal urban conditions,131.93
2026-11-29,Chennai,13.51,74.12,3.35,0.0,33.91,66.41,44.07,0,1,76.14,124.06,43.16,16.74,0.922,11.84,crop burning,172.29
2026-11-30,Mumbai,16.19,70.69,4.86,0.0,77.3,62.66,32.96,0,0,94.96,113.02,45.06,16.18,1.564,12.93,heavy traffic,226.58
2026-12-01,Chennai,16.98,57.12,3.0,0.0,52.43,38.23,57.59,1,0,63.38,100.38,42.43,16.54,1.06,20.91,festival fireworks,188.7
2026-12-02,Mumbai,15.18,82.28,4.3,0.0,56.85,55.85,51.77,0,0,74.35,123.6,43.58,20.66,1.223,1.3,normal urban conditions,191.17
2026-12-03,Hyderabad,18.88,63.57,1.05,0.0,62.54,38.15,55.86,0,0,68.36,126.55,40.38,6.06,1.275,28.12,low wind,201.92
2026-12-04,Chennai,16.16,64.02,2.64,0.0,37.15,23.12,62.1,0,0,62.69,129.16,42.9,9.93,0.755,15.61,normal urban conditions,148.26
2026-12-05,Chennai,14.1,84.74,3.23,0.0,64.52,41.25,44.59,0,0,75.27,96.1,45.28,12.68,1.079,18.31,normal urban conditions,183.03
2026-12-06,Chennai,16.17,82.07,5.51,0.0,51.29,51.09,44.62,0,0,42.1,64.91,34.55,18.66,1.305,20.09,normal urban conditions,155.54
2026-12-07,Mumbai,17.68,80.75,0.85,0.0,62.7,61.39,77.65,0,0,91.63,115.48,50.2,12.47,1.467,24.79,"construction activity, low wind",234.53
2026-12-08,Chennai,17.97,65.6,3.08,0.0,48.75,54.69,29.12,0,0,78.21,97.97,35.54,6.78,1.259,23.46,normal urban conditions,156.42
2026-12-09,Chennai,22.64,65.45,4.95,0.0,32.83,68.34,10.53,0,0,33.68,109.73,28.26,20.4,0.964,27.8,normal urban conditions,169.18
2026-12-10,Chennai,14.99,70.71,2.26,0.0,51.16,34.34,59.11,0,0,70.85,139.35,35.9,15.38,1.064,24.9,normal urban conditions,208.7
2026-12-11,Delhi,16.78,77.88,2.94,0.0,68.25,45.22,35.41,0,0,73.01,96.07,44.16,8.88,1.239,15.57,normal urban conditions,189.17
2026-12-12,Bengaluru,18.28,84.54,3.6,0.0,64.3,81.6,26.45,0,0,73.07,143.76,46.61,19.68,1.506,32.97,industrial emissions,224.94
2026-12-13,Chennai,16.93,73.63,3.42,0.0,58.49,17.24,65.7,0,0,43.52,118.57,44.08,14.35,1.028,20.95,normal urban conditions,182.43
2026-12-14,Bengaluru,15.5,90.7,5.08,0.0,72.37,43.86,45.1,0,0,71.73,84.88,40.58,10.78,1.295,15.44,normal urban conditions,182.84
2026-12-15,Mumbai,12.35,82.13,3.74,0.0,54.74,32.71,22.73,0,0,53.67,79.44,32.27,12.54,1.143,9.05,normal urban conditions,121.22
2026-12-16,Bengaluru,15.47,68.62,4.79,0.0,58.9,48.48,86.7,0,0,77.12,93.38,34.21,16.28,1.227,16.82,construction activity,177.34
2026-12-17,Delhi,13.78,80.44,2.77,0.0,50.32,44.18,15.79,0,0,60.65,100.82,31.95,9.79,1.257,18.74,normal urban conditions,186.42
2026-12-18,Hyderabad,11.82,90.59,2.31,0.0,73.31,62.84,46.27,0,0,85.28,124.83,58.82,15.36,1.514,14.3,normal urban conditions,233.56
2026-12-19,Bengaluru,14.61,91.55,2.93,0.0,62.66,56.6,10.21,0,0,70.64,109.49,48.17,10.98,1.138,27.84,normal urban conditions,222.24
2026-12-20,Hyderabad,13.86,83.97,1.81,0.0,49.09,28.5,53.41,0,0,57.59,68.12,41.32,11.07,0.865,12.82,low wind,162.49
2026-12-21,Bengaluru,18.75,68.93,3.78,0.0,34.18,41.41,35.18,0,0,62.84,80.66,37.84,11.25,1.076,24.8,normal urban conditions,172.95
2026-12-22,Mumbai,18.8,66.47,2.74,0.0,75.68,52.0,64.39,0,0,76.94,125.12,48.87,15.94,1.441,12.49,heavy traffic,206.1
2026-12-23,Bengaluru,14.29,77.56,2.39,0.0,46.09,65.31,47.65,0,0,67.35,122.43,51.54,19.35,1.214,31.83,normal urban conditions,221.6
2026-12-24,Bengaluru,16.22,87.19,3.8,0.0,59.15,95.79,75.01,0,0,98.05,101.18,48.32,26.49,1.535,8.1,"construction activity, industrial emissions",224.88
2026-12-25,Bengaluru,11.43,78.14,1.83,0.0,95.64,64.65,39.41,1,0,105.95,116.13,55.51,24.34,1.899,29.43,"heavy traffic, low wind, festival fireworks",270.73
2026-12-26,Mumbai,15.52,75.48,4.12,0.0,70.82,33.78,15.91,0,0,54.1,115.89,45.96,13.03,1.15,16.53,normal urban conditions,174.73
2026-12-27,Mumbai,18.2,69.58,2.63,0.0,83.78,50.31,52.75,1,0,95.52,110.93,54.61,14.1,1.664,4.02,"heavy traffic, festival fireworks",219.55
2026-12-28,Mumbai,19.47,64.89,4.59,0.0,49.39,55.26,42.95,0,0,60.89,105.56,40.17,14.72,1.275,30.39,normal urban conditions,195.26
2026-12-29,Hyderabad,14.86,69.78,2.73,0.0,75.14,42.65,11.61,0,0,65.58,81.83,54.9,10.93,1.408,18.38,heavy traffic,188.53
2026-12-30,Hyderabad,20.16,69.05,3.96,0.0,58.43,60.46,26.89,0,0,69.95,125.65,45.18,18.02,1.347,17.63,normal urban conditions,199.08
2026-12-31,Mumbai,12.45,90.26,3.42,0.0,63.86,11.12,33.26,0,0,44.21,55.85,39.27,7.29,1.053,18.51,normal urban conditions,160.05
2027-01-01,Hyderabad,14.19,69.47,4.09,0.0,94.33,61.96,79.11,1,0,99.73,133.81,66.48,18.47,1.619,22.12,"heavy traffic, construction activity, festival fireworks",265.67
2027-01-02,Mumbai,20.07,68.28,3.33,0.0,57.54,43.43,62.15,0,0,74.64,135.37,43.15,11.15,1.247,23.75,normal urban conditions,231.48
2027-01-03,Mumbai,22.95,57.08,1.2,0.0,62.31,50.03,41.05,0,0,82.23,132.58,50.2,13.61,1.318,31.72,low wind,237.75
2027-01-04,Bengaluru,19.42,75.37,4.41,0.0,47.55,78.38,57.42,1,0,52.61,93.0,34.95,20.84,1.312,21.4,"industrial emissions, festival fireworks",178.18
2027-01-05,Chennai,17.82,83.0,3.09,0.0,76.22,29.29,7.21,0,0,61.25,89.22,68.42,11.31,1.379,22.39,heavy traffic,240.84
2027-01-06,Mumbai,11.35,90.1,4.15,0.0,53.03,56.91,36.7,0,0,49.44,92.29,32.01,10.34,1.179,9.78,normal urban conditions,155.1
2027-01-07,Chennai,11.87,75.52,4.03,0.0,78.36,66.29,56.02,0,0,91.18,106.9,49.97,17.56,1.708,20.82,heavy traffic,226.5
2027-01-08,Hyderabad,18.33,74.72,2.27,0.0,35.6,55.07,51.31,0,0,60.53,104.76,33.4,13.41,1.008,15.49,normal urban conditions,152.07
2027-01-09,Delhi,16.86,68.46,2.1,0.0,70.78,22.94,37.21,0,0,79.92,117.91,56.61,14.22,1.28,11.19,normal urban conditions,248.87
2027-01-10,Mumbai,14.62,76.85,3.99,0.0,51.7,76.31,47.23,0,0,55.45,94.74,41.52,22.12,1.306,15.38,industrial emissions,202.88
2027-01-11,Delhi,18.13,72.25,2.84,0.0,73.69,48.2,54.76,0,0,80.85,140.21,51.89,7.86,1.507,17.37,normal urban conditions,233.2
2027-01-12,Delhi,18.28,69.58,4.32,0.0,61.78,42.5,47.81,0,0,59.96,86.44,38.41,16.21,1.255,26.2,normal urban conditions,188.63
2027-01-13,Mumbai,20.77,68.64,2.99,0.0,53.43,46.41,65.22,0,0,95.9,104.07,34.76,15.59,1.163,11.02,normal urban conditions,171.03
2027-01-14,Hyderabad,18.35,73.48,4.43,0.0,55.82,45.12,54.37,0,0,71.16,105.44,43.34,9.77,1.287,26.93,normal urban conditions,222.67
2027-01-15,Bengaluru,21.62,63.72,3.71,0.0,48.39,30.58,58.22,0,0,66.45,114.06,30.74,14.53,0.876,17.89,normal urban conditions,159.82
2027-01-16,Delhi,17.96,66.8,3.55,0.0,75.4,54.97,82.27,0,0,101.22,138.87,51.64,11.96,1.462,2.61,"heavy traffic, construction activity",258.56
2027-01-17,Chennai,17.59,86.56,2.75,0.0,45.22,41.25,64.55,0,0,69.79,112.37,40.89,17.04,0.991,8.84,normal urban conditions,175.66
2027-01-18,Mumbai,21.13,94.11,3.48,0.0,57.73,64.08,82.82,0,0,79.13,104.01,57.02,15.31,1.357,16.18,construction activity,212.58
2027-01-19,Delhi,15.0,59.25,4.63,0.0,67.52,61.32,34.56,0,0,59.44,86.04,39.79,12.26,1.453,22.25,normal urban conditions,233.29
2027-01-20,Bengaluru,26.38,50.74,3.13,0.0,87.82,81.26,16.15,0,0,82.47,110.0,59.94,26.36,1.79,25.49,"heavy traffic, industrial emissions",246.14
2027-01-21,Bengaluru,19.06,58.88,3.84,0.0,61.85,48.19,45.19,0,0,34.29,75.93,42.87,10.07,1.224,12.95,normal urban conditions,147.4
2027-01-22,Bengaluru,19.08,67.41,3.26,0.0,58.12,37.54,43.49,0,0,61.46,126.08,40.69,10.59,1.171,14.96,normal urban conditions,178.05
2027-01-23,Delhi,19.51,77.1,3.35,0.0,66.38,25.54,77.19,0,0,72.41,123.32,56.73,9.26,1.226,11.13,construction activity,227.79
2027-01-24,Delhi,23.57,71.21,5.27,0.0,28.82,91.48,25.4,0,0,47.32,83.95,36.89,20.27,1.131,24.23,industrial emissions,211.24
2027-01-25,Mumbai,20.32,69.3,4.64,0.0,42.82,63.92,46.42,0,0,39.93,110.23,23.36,19.32,1.236,20.22,normal urban conditions,157.18
2027-01-26,Hyderabad,13.12,77.9,3.3,0.0,55.99,39.54,56.1,0,0,63.67,117.52,39.04,13.5,1.208,20.17,normal urban conditions,196.0
2027-01-27,Chennai,22.15,59.38,3.46,0.0,50.59,82.48,50.0,0,0,54.41,77.38,45.86,23.21,1.353,10.67,industrial emissions,176.56
2027-01-28,Mumbai,16.92,67.52,2.36,0.0,36.39,76.41,44.57,0,0,85.47,66.1,39.83,20.34,0.957,15.46,industrial emissions,165.01
2027-01-29,Delhi,18.26,68.82,2.99,0.0,75.72,27.68,55.17,0,0,68.25,88.94,41.41,6.41,1.307,33.99,heavy traffic,206.36
2027-01-30,Chennai,14.1,56.09,3.57,0.0,66.16,38.44,69.58,0,0,46.98,109.3,35.61,14.8,1.325,23.51,normal urban conditions,162.11
2027-01-31,Delhi,19.52,56.53,4.22,0.0,64.24,49.62,78.71,0,0,66.32,130.23,57.23,15.64,1.296,19.88,construction activity,250.6
2027-02-01,Delhi,18.55,57.6,4.1,0.0,54.9,32.74,48.66,0,0,62.62,77.92,39.4,10.36,1.129,14.38,normal urban conditions,182.11
2027-02-02,Hyderabad,20.8,74.88,1.87,0.0,67.27,50.26,31.68,0,0,77.03,128.43,47.22,21.26,1.341,28.21,low wind,213.75
2027-02-03,Hyderabad,19.65,70.5,4.37,0.0,74.23,64.82,78.69,0,0,69.25,127.56,63.69,19.2,1.548,31.07,construction activity,243.54
2027-02-04,Bengaluru,26.28,69.52,3.09,0.0,61.76,27.28,26.45,0,0,50.88,121.45,35.0,14.19,1.267,16.07,normal urban conditions,168.7
2027-02-05,Chennai,26.45,44.89,2.02,0.0,73.11,57.27,83.81,0,0,83.16,144.53,55.43,19.09,1.534,19.78,construction activity,242.42
2027-02-06,Chennai,20.64,52.52,4.8,0.0,53.26,73.03,74.88,0,0,60.95,134.03,36.59,17.43,1.224,25.0,"construction activity, industrial emissions",181.4
2027-02-07,Mumbai,20.69,73.95,4.96,0.0,67.56,59.2,77.79,0,0,58.33,116.87,51.07,18.37,1.283,23.11,construction activity,204.57
2027-02-08,Chennai,19.38,40.45,3.52,0.0,84.28,50.64,61.71,0,0,74.73,126.64,46.13,16.05,1.601,27.18,heavy traffic,222.9
2027-02-09,Bengaluru,23.82,77.37,4.05,0.0,85.71,39.97,5.75,0,0,50.02,87.13,53.53,11.72,1.612,34.72,heavy traffic,208.4
2027-02-10,Delhi,19.51,49.91,4.12,0.0,87.24,66.96,27.22,0,0,81.31,134.01,68.32,14.05,1.566,15.94,heavy traffic,287.01
2027-02-11,Chennai,19.24,76.77,4.87,0.0,70.57,30.82,54.14,0,0,70.71,90.54,42.69,12.0,1.265,19.65,normal urban conditions,181.14
2027-02-12,Delhi,23.44,56.51,4.07,0.0,66.51,56.37,34.49,0,0,52.34,95.9,33.5,17.78,1.576,29.16,normal urban conditions,200.97
2027-02-13,Hyderabad,18.89,79.07,1.61,0.0,58.82,52.46,41.69,0,0,69.19,121.61,46.13,15.44,1.249,23.87,low wind,224.64
2027-02-14,Bengaluru,20.39,95.0,5.61,0.0,37.08,72.26,60.26,0,0,52.33,126.83,39.69,18.01,1.331,13.28,industrial emissions,172.87
2027-02-15,Mumbai,15.76,48.04,4.48,0.0,44.48,41.51,44.6,0,0,46.71,86.78,40.24,13.72,0.967,16.64,normal urban conditions,153.41
2027-02-16,Mumbai,22.61,72.92,2.59,0.0,63.31,43.04,23.62,0,0,68.01,126.24,53.4,13.03,1.216,18.47,normal urban conditions,218.92
2027-02-17,Hyderabad,26.32,45.29,1.96,0.0,64.27,29.65,65.71,0,0,75.3,115.81,52.14,16.39,1.143,38.97,low wind,253.44
2027-02-18,Chennai,22.66,70.2,3.81,0.0,88.6,59.87,58.3,0,0,86.45,144.6,55.29,17.39,1.57,15.19,heavy traffic,232.34
2027-02-19,Mumbai,24.89,62.31,2.87,0.0,87.04,44.37,43.02,0,0,93.18,115.62,49.55,12.64,1.425,21.94,heavy traffic,207.38
2027-02-20,Bengaluru,17.96,70.52,3.6,0.0,55.02,36.48,62.23,0,0,63.07,122.83,32.18,7.41,1.111,24.84,normal urban conditions,181.52
2027-02-21,Hyderabad,21.21,57.84,4.09,0.0,79.09,38.2,49.9,0,0,53.41,99.33,44.54,12.52,1.44,15.1,heavy traffic,192.97
2027-02-22,Delhi,17.67,77.24,2.52,0.0,58.37,61.67,74.63,0,0,64.58,91.06,49.35,15.14,1.263,20.26,construction activity,227.52
2027-02-23,Bengaluru,19.82,53.44,1.86,0.0,76.92,32.15,51.02,0,0,91.98,127.35,40.33,10.3,1.328,9.19,"heavy traffic, low wind",180.52
2027-02-24,Chennai,22.82,78.24,3.66,0.0,78.9,33.75,74.48,0,0,81.02,148.5,41.77,15.23,1.515,22.51,"heavy traffic, construction activity",223.02
2027-02-25,Hyderabad,20.81,63.14,2.56,0.0,85.87,68.13,10.53,0,0,80.49,98.29,61.56,18.14,1.767,22.23,heavy traffic,235.29
2027-02-26,Delhi,16.26,56.39,3.38,0.0,58.12,49.01,57.18,0,0,69.84,87.52,38.96,9.79,1.221,21.32,normal urban conditions,189.63
2027-02-27,Delhi,16.55,86.16,1.59,0.0,82.23,69.2,40.04,0,0,93.98,137.47,60.4,19.93,1.686,10.68,"heavy traffic, low wind",294.62
2027-02-28,Hyderabad,16.36,69.68,2.9,0.0,36.03,45.53,30.82,0,0,57.59,71.69,29.44,9.54,0.825,20.23,normal urban conditions,140.53
2027-03-01,Hyderabad,25.47,83.04,4.06,0.0,89.67,51.98,71.17,0,0,79.97,151.66,56.33,17.4,1.659,21.77,"heavy traffic, construction activity",258.9
2027-03-02,Hyderabad,30.19,72.88,3.93,0.0,68.53,54.81,65.78,0,0,83.54,153.24,42.66,14.34,1.396,34.95,normal urban conditions,247.69
2027-03-03,Mumbai,28.09,54.16,2.25,0.0,68.87,76.97,7.87,0,0,67.75,125.45,42.45,19.58,1.508,31.41,industrial emissions,217.67
2027-03-04,Hyderabad,18.31,68.13,1.8,0.0,36.33,75.51,62.31,0,0,65.5,111.4,47.48,19.01,1.142,9.75,"industrial emissions, low wind",188.87
2027-03-05,Mumbai,28.26,63.23,3.22,0.0,62.71,72.76,59.88,0,0,59.64,136.88,45.34,18.2,1.429,20.13,industrial emissions,212.16
2027-03-06,Bengaluru,26.81,78.3,3.87,0.0,90.62,40.68,33.54,0,0,70.61,136.2,51.43,14.14,1.476,19.03,heavy traffic,226.62
2027-03-07,Bengaluru,19.36,72.62,3.69,0.0,62.1,34.24,31.29,0,0,70.71,102.2,36.88,12.72,1.335,21.2,normal urban conditions,181.7
2027-03-08,Bengaluru,23.09,67.4,2.59,0.0,80.34,65.69,16.19,0,0,72.43,137.16,58.83,23.12,1.684,21.43,heavy traffic,230.62
2027-03-09,Delhi,27.29,60.7,3.56,0.0,69.48,76.78,41.25,0,0,60.59,88.99,54.49,19.96,1.513,24.51,industrial emissions,248.41
2027-03-10,Chennai,25.65,63.34,5.0,0.0,85.93,72.93,44.45,0,0,76.7,114.31,59.49,19.41,1.578,44.23,"heavy traffic, industrial emissions",237.82
2027-03-11,Delhi,20.07,80.8,3.45,0.0,71.99,52.23,63.94,0,0,70.74,83.45,45.37,13.23,1.231,15.75,normal urban conditions,201.59
2027-03-12,Chennai,25.83,63.75,1.24,0.0,54.02,65.1,53.39,0,0,95.51,135.66,46.76,18.56,1.449,34.29,low wind,232.73
2027-03-13,Delhi,17.59,65.54,3.44,0.0,69.83,65.42,26.8,0,0,80.27,113.12,52.99,14.4,1.467,18.78,normal urban conditions,245.46
2027-03-14,Hyderabad,23.33,59.82,5.65,0.0,94.55,54.68,52.78,1,0,66.64,103.18,64.35,19.2,1.774,8.4,"heavy traffic, festival fireworks",221.36
2027-03-15,Delhi,27.41,57.07,1.66,0.0,76.89,55.46,42.92,0,0,80.29,117.39,55.16,11.42,1.43,27.57,"heavy traffic, low wind",255.74
2027-03-16,Delhi,24.06,50.94,3.24,0.0,67.07,53.77,29.3,0,0,56.97,90.81,41.34,13.07,1.353,32.95,normal urban conditions,224.88
2027-03-17,Bengaluru,22.5,58.54,2.93,0.0,100.0,37.81,16.21,0,0,63.22,105.11,58.66,8.16,1.656,27.79,heavy traffic,212.79
2027-03-18,Bengaluru,26.67,78.12,3.32,0.0,87.48,39.65,60.5,0,0,79.7,145.14,51.2,14.6,1.557,25.09,heavy traffic,197.62
2027-03-19,Delhi,26.92,60.89,3.43,0.0,82.0,39.37,56.93,0,0,81.88,104.13,37.92,12.03,1.477,25.67,heavy traffic,224.46
2027-03-20,Chennai,27.93,69.29,4.57,0.0,74.01,23.21,59.14,0,0,60.27,122.82,31.21,12.77,1.204,21.58,normal urban conditions,189.04
2027-03-21,Mumbai,26.62,38.38,3.3,0.0,80.61,54.57,33.44,0,0,64.35,111.15,52.19,12.8,1.47,34.31,heavy traffic,225.39
2027-03-22,Mumbai,27.24,68.41,4.73,0.0,81.13,51.27,51.42,0,0,47.35,103.42,50.51,16.8,1.525,21.74,heavy traffic,201.47
2027-03-23,Mumbai,26.2,61.85,3.06,0.0,34.0,65.72,20.49,0,0,47.01,92.16,35.63,19.25,0.912,20.51,normal urban conditions,161.38
2027-03-24,Hyderabad,24.8,59.63,2.78,0.0,75.25,74.69,28.27,0,0,83.17,107.85,60.5,19.59,1.535,27.36,"heavy traffic, industrial emissions",259.31
2027-03-25,Delhi,24.27,66.62,2.4,0.0,66.36,75.84,48.67,0,0,68.19,119.99,46.9,19.23,1.489,21.25,industrial emissions,240.99
2027-03-26,Hyderabad,23.29,60.54,1.02,0.0,60.93,77.53,53.25,0,0,100.14,145.84,44.12,19.82,1.478,32.51,"industrial emissions, low wind",254.97
2027-03-27,Mumbai,20.36,46.31,3.53,0.0,65.8,38.37,15.42,0,0,48.44,78.77,38.49,10.41,1.39,26.91,normal urban conditions,159.1
2027-03-28,Delhi,21.13,76.23,5.66,0.0,44.03,26.22,26.85,0,0,38.28,62.84,26.52,7.97,0.898,15.03,normal urban conditions,150.61
2027-03-29,Mumbai,23.15,68.02,3.75,0.0,40.05,68.75,40.69,0,0,54.82,102.53,39.12,19.63,1.146,14.56,normal urban conditions,171.36
2027-03-30,Bengaluru,24.72,61.35,4.02,0.0,88.87,76.88,67.17,0,0,74.6,132.6,54.53,18.19,1.628,20.22,"heavy traffic, industrial emissions",229.37
2027-03-31,Bengaluru,28.32,52.31,2.7,0.0,76.32,80.01,31.74,0,0,84.11,139.98,43.91,21.16,1.673,43.67,"heavy traffic, industrial emissions",216.44
2027-04-01,Mumbai,27.37,47.94,2.91,0.0,31.39,60.73,50.81,1,0,59.53,127.41,20.17,21.37,0.918,25.64,festival fireworks,157.25
2027-04-02,Mumbai,30.51,62.68,4.38,0.0,60.78,16.06,52.91,0,0,43.46,100.63,36.79,8.2,1.051,32.57,normal urban conditions,174.16
2027-04-03,Bengaluru,30.74,76.42,5.61,0.0,84.09,58.58,43.01,0,0,43.55,88.08,45.16,14.57,1.649,16.6,heavy traffic,186.07
2027-04-04,Bengaluru,26.81,65.07,4.99,0.0,65.52,62.0,53.36,0,0,76.95,119.08,34.28,15.95,1.45,17.35,normal urban conditions,182.16
2027-04-05,Chennai,29.28,47.47,4.17,0.0,89.92,74.54,21.1,0,0,73.24,90.09,62.83,19.04,1.66,27.09,"heavy traffic, industrial emissions",212.82
2027-04-06,Chennai,26.77,65.31,3.24,0.0,86.8,77.73,34.88,0,0,94.53,117.79,68.91,21.28,1.822,36.79,"heavy traffic, industrial emissions",287.11
2027-04-07,Chennai,31.47,59.24,3.45,0.0,48.29,68.37,76.69,0,0,76.85,120.88,42.32,17.85,1.237,19.16,construction activity,216.79
2027-04-08,Chennai,29.41,69.86,2.3,0.0,67.71,41.43,78.1,0,0,91.16,127.95,47.87,19.86,1.412,21.38,construction activity,213.03
2027-04-09,Hyderabad,23.93,71.12,1.46,0.0,62.83,33.48,64.86,0,0,71.9,118.36,45.48,13.62,1.322,28.94,low wind,209.89
2027-04-10,Mumbai,27.98,32.35,1.85,0.0,47.77,61.61,70.01,0,0,58.12,82.24,29.38,19.2,1.321,40.66,"construction activity, low wind",194.77
2027-04-11,Mumbai,32.44,64.54,3.26,0.0,46.73,37.74,11.48,0,0,56.5,78.03,41.73,12.93,0.923,31.16,normal urban conditions,189.92
2027-04-12,Mumbai,26.96,52.9,2.85,0.0,57.1,78.55,29.03,1,0,79.64,132.17,56.43,22.6,1.439,31.21,"industrial emissions, festival fireworks",260.41
2027-04-13,Bengaluru,28.84,47.39,1.44,0.0,59.75,21.32,41.78,0,0,59.59,89.7,51.26,9.8,0.969,21.9,low wind,195.02
2027-04-14,Bengaluru,29.14,59.52,3.16,0.0,74.53,62.2,96.31,0,0,94.15,125.0,49.35,15.02,1.622,17.62,construction activity,200.61
2027-04-15,Chennai,24.39,68.84,2.82,0.0,86.71,57.75,41.74,0,0,85.28,125.68,49.31,18.96,1.753,15.13,heavy traffic,215.53
2027-04-16,Delhi,29.03,45.07,1.79,0.0,78.22,48.28,62.9,0,0,88.84,112.42,60.38,14.55,1.557,22.45,"heavy traffic, low wind",273.49
2027-04-17,Hyderabad,23.32,72.52,2.76,0.0,82.01,35.35,55.57,0,0,67.52,132.22,52.92,13.39,1.412,23.7,heavy traffic,223.01
2027-04-18,Mumbai,25.62,71.5,2.81,0.0,65.73,14.89,55.12,0,0,73.89,94.41,44.83,12.33,1.172,14.98,normal urban conditions,190.78
2027-04-19,Chennai,30.73,60.76,2.46,0.0,79.65,42.43,47.53,0,0,76.72,118.27,46.92,14.21,1.416,29.36,heavy traffic,211.02
2027-04-20,Mumbai,28.57,53.12,4.31,0.0,67.63,42.75,24.0,0,0,65.78,93.74,45.7,13.39,1.319,25.13,normal urban conditions,191.28
2027-04-21,Delhi,26.59,53.4,0.92,0.0,62.94,72.01,5.0,0,0,85.24,122.34,45.9,16.92,1.43,22.28,"industrial emissions, low wind",240.41
2027-04-22,Hyderabad,28.84,71.87,0.82,0.0,100.0,37.91,73.64,0,0,107.96,135.86,59.57,16.25,1.518,31.43,"heavy traffic, construction activity, low wind",255.27
2027-04-23,Chennai,27.32,47.56,3.2,0.0,32.71,60.15,35.67,0,0,50.81,96.96,33.53,15.6,0.939,20.6,normal urban conditions,149.94
2027-04-24,Chennai,27.54,73.17,3.32,0.0,40.03,28.74,10.66,0,0,51.24,116.69,46.04,11.45,1.084,34.42,normal urban conditions,192.07
2027-04-25,Delhi,29.47,59.52,3.69,0.0,76.12,60.64,56.76,0,0,86.49,114.31,54.93,17.56,1.52,32.88,heavy traffic,268.17
2027-04-26,Mumbai,25.32,63.12,2.55,0.0,65.76,11.72,56.38,1,0,78.77,108.32,26.36,9.72,1.122,17.42,festival fireworks,167.15
2027-04-27,Delhi,27.62,45.38,2.1,0.0,47.01,89.72,63.36,0,0,80.5,117.3,48.28,24.4,1.352,36.16,industrial emissions,260.3
2027-04-28,Mumbai,26.56,61.74,3.19,0.0,53.13,49.46,70.31,0,0,75.05,146.26,43.46,14.7,1.151,17.44,construction activity,219.99
2027-04-29,Hyderabad,22.74,72.02,2.67,0.0,55.21,10.0,29.62,0,0,48.02,92.95,31.93,12.73,0.975,30.92,normal urban conditions,185.07
2027-04-30,Mumbai,24.74,51.12,5.06,0.0,84.28,39.08,30.5,0,0,73.55,136.04,42.15,12.51,1.463,27.8,heavy traffic,201.23
2027-05-01,Delhi,34.77,62.45,2.81,0.0,88.33,36.24,41.63,0,0,59.14,101.17,56.4,13.91,1.345,18.57,heavy traffic,236.22
2027-05-02,Hyderabad,31.22,60.84,3.14,0.0,95.16,40.2,64.43,0,0,83.47,146.75,49.67,12.88,1.696,18.8,heavy traffic,244.68
2027-05-03,Delhi,26.09,57.1,6.17,0.0,43.5,45.44,5.95,0,0,27.17,83.43,36.67,20.55,1.174,22.66,normal urban conditions,182.98
2027-05-04,Mumbai,25.44,72.54,2.97,0.0,47.05,40.07,50.56,0,0,54.68,112.06,31.06,12.36,0.962,29.36,normal urban conditions,158.14
2027-05-05,Delhi,29.73,38.97,3.87,0.0,45.96,37.3,66.64,0,0,56.41,79.46,32.08,12.19,0.992,28.48,normal urban conditions,205.27
2027-05-06,Delhi,34.75,60.94,3.98,0.0,89.55,31.14,65.82,0,0,62.52,81.27,56.22,12.33,1.631,28.43,heavy traffic,251.76
2027-05-07,Hyderabad,29.5,77.34,4.08,0.0,75.6,66.79,62.17,0,0,100.09,156.8,55.13,16.89,1.496,25.23,heavy traffic,269.4
2027-05-08,Chennai,33.98,72.41,3.55,0.0,70.21,73.62,69.26,1,0,77.28,140.31,52.34,19.72,1.565,14.04,"industrial emissions, festival fireworks",225.24
2027-05-09,Bengaluru,31.12,63.92,3.43,0.0,72.6,47.42,5.0,0,0,51.24,137.62,47.77,18.27,1.752,33.21,normal urban conditions,213.91
2027-05-10,Delhi,31.48,56.75,3.32,0.0,68.02,51.68,80.27,1,0,74.53,93.78,47.74,15.71,1.427,37.88,"construction activity, festival fireworks",231.43
2027-05-11,Delhi,26.06,57.2,2.51,0.0,50.99,31.73,54.61,0,0,63.61,118.0,32.96,12.63,1.058,30.99,normal urban conditions,208.15
2027-05-12,Mumbai,32.87,55.76,3.59,0.0,77.14,53.28,74.69,0,0,87.82,111.4,41.56,14.84,1.566,26.43,"heavy traffic, construction activity",227.0
2027-05-13,Bengaluru,29.06,66.9,5.63,0.0,65.95,56.14,24.51,0,0,58.09,88.18,47.94,14.47,1.44,19.76,normal urban conditions,203.55
2027-05-14,Bengaluru,32.65,50.87,4.65,0.0,49.72,48.05,12.92,0,0,58.44,91.34,47.1,14.98,1.082,22.28,normal urban conditions,197.37
2027-05-15,Chennai,27.62,70.04,3.56,0.0,78.12,59.13,83.73,0,0,75.76,128.75,55.86,16.48,1.403,16.85,"heavy traffic, construction activity",229.17
2027-05-16,Mumbai,30.59,81.72,4.23,0.0,62.12,57.56,29.47,1,0,78.15,105.19,46.57,19.73,1.388,40.87,festival fireworks,256.17
2027-05-17,Delhi,31.12,59.4,2.16,0.0,72.57,33.03,41.78,0,0,68.11,111.7,39.34,9.41,1.378,27.44,normal urban conditions,197.87
2027-05-18,Delhi,29.6,47.64,2.89,0.0,66.93,73.47,58.55,0,0,80.12,137.09,56.93,23.12,1.47,34.9,industrial emissions,283.55
2027-05-19,Delhi,31.28,46.46,4.34,0.0,83.19,48.26,63.46,0,0,82.11,144.5,53.95,14.28,1.669,35.57,heavy traffic,260.88
2027-05-20,Delhi,29.26,69.08,4.98,0.0,72.45,82.16,69.57,0,0,59.94,120.77,57.54,20.59,1.728,26.8,industrial emissions,280.95
2027-05-21,Chennai,28.11,61.52,2.27,0.0,54.79,59.57,52.47,0,0,92.5,138.81,51.21,13.34,1.327,19.56,normal urban conditions,213.65
2027-05-22,Mumbai,34.88,66.15,2.62,0.0,74.08,87.48,26.91,0,0,80.81,116.29,67.02,22.68,1.642,32.88,industrial emissions,278.97
2027-05-23,Chennai,33.21,53.22,5.82,0.0,74.6,73.15,62.13,0,0,50.64,90.2,44.31,15.82,1.417,22.3,industrial emissions,179.44
2027-05-24,Hyderabad,27.78,70.66,3.32,0.0,77.11,56.09,62.45,0,0,72.58,126.63,43.81,17.09,1.498,29.02,heavy traffic,226.79
2027-05-25,Hyderabad,31.77,57.98,5.39,0.0,85.5,38.98,11.7,0,0,55.05,78.78,49.71,14.06,1.363,21.26,heavy traffic,198.16
2027-05-26,Hyderabad,27.83,54.99,3.45,0.0,59.07,39.37,76.37,0,0,59.76,111.13,35.65,12.32,1.007,23.66,construction activity,179.37
2027-05-27,Chennai,26.51,59.23,3.5,0.0,79.62,61.59,5.0,0,0,46.35,71.0,46.8,10.66,1.627,22.41,heavy traffic,184.43
2027-05-28,Delhi,33.16,46.61,2.83,0.0,41.33,54.58,68.69,0,0,64.37,110.78,45.54,22.21,1.167,40.44,normal urban conditions,258.59
2027-05-29,Delhi,24.95,84.23,4.33,0.0,67.01,41.4,35.32,0,0,54.11,80.85,37.49,10.46,1.146,4.58,normal urban conditions,175.29
2027-05-30,Hyderabad,32.84,57.85,4.83,0.0,64.53,67.0,62.11,0,0,73.09,110.06,47.06,18.54,1.406,45.44,normal urban conditions,249.46
2027-05-31,Mumbai,29.3,67.73,1.96,0.0,92.09,52.7,58.2,0,0,80.71,110.35,48.4,13.24,1.67,20.35,"heavy traffic, low wind",226.19
2027-06-01,Hyderabad,30.37,55.18,2.78,0.94,63.5,67.1,47.26,0,0,94.69,117.35,49.6,20.88,1.391,27.22,normal urban conditions,236.65
2027-06-02,Bengaluru,32.23,48.72,4.3,0.29,75.73,34.44,57.02,0,0,67.55,110.93,52.6,11.37,1.255,32.77,heavy traffic,232.83
2027-06-03,Hyderabad,32.74,56.54,3.04,2.73,37.81,69.99,46.27,0,0,58.58,60.86,46.99,15.94,1.23,31.52,normal urban conditions,211.4
2027-06-04,Mumbai,28.52,72.85,2.61,3.86,60.37,61.02,62.28,1,0,85.82,94.39,53.29,18.55,1.232,30.85,"rain, festival fireworks",223.79
2027-06-05,Mumbai,33.15,53.39,4.41,1.45,52.46,73.56,91.71,0,0,50.31,118.2,43.88,14.95,1.165,34.1,"construction activity, industrial emissions",204.98
2027-06-06,Bengaluru,31.34,51.16,4.52,1.69,100.0,69.59,21.18,0,0,66.93,110.39,68.16,16.9,1.758,43.36,heavy traffic,272.33
2027-06-07,Mumbai,27.23,64.29,2.66,1.02,55.33,50.47,5.0,0,0,74.15,98.19,45.51,17.15,1.255,30.38,normal urban conditions,216.6
2027-06-08,Hyderabad,30.49,65.45,3.45,1.59,67.17,49.02,39.69,0,0,60.44,122.62,43.55,19.36,1.329,26.09,normal urban conditions,213.7
2027-06-09,Hyderabad,35.14,73.63,1.75,2.93,68.03,84.09,38.32,0,0,81.1,108.92,57.86,17.57,1.509,24.62,"industrial emissions, low wind",200.52
2027-06-10,Bengaluru,36.03,60.12,2.13,2.42,40.57,46.77,40.45,0,0,51.56,88.09,42.53,12.65,1.06,26.55,normal urban conditions,162.02
2027-06-11,Bengaluru,33.15,65.03,3.35,1.58,57.58,65.47,29.47,0,0,76.87,102.09,37.99,18.53,1.36,37.48,normal urban conditions,212.78
2027-06-12,Hyderabad,27.43,69.79,3.24,0.94,72.48,45.14,65.45,0,0,71.18,150.56,41.32,8.23,1.206,37.0,normal urban conditions,201.27
2027-06-13,Mumbai,32.47,47.54,2.04,3.57,67.37,18.49,20.37,0,0,39.94,91.63,40.99,14.03,1.211,37.18,rain,190.94
2027-06-14,Mumbai,33.55,48.68,2.34,1.06,29.19,29.91,57.02,0,0,75.37,121.89,21.94,8.79,0.874,8.46,normal urban conditions,151.18
2027-06-15,Hyderabad,33.18,47.74,1.92,0.33,56.93,59.31,60.77,0,0,60.84,116.31,38.77,15.18,1.279,14.79,low wind,185.13
2027-06-16,Mumbai,33.35,45.13,3.75,2.02,82.33,64.62,54.33,0,0,71.66,81.91,52.19,18.12,1.607,30.88,heavy traffic,202.44
2027-06-17,Bengaluru,32.09,67.29,0.84,0.12,75.41,59.37,57.74,0,0,83.1,113.56,60.47,16.65,1.663,26.41,"heavy traffic, low wind",230.52
2027-06-18,Mumbai,30.78,63.15,1.99,2.33,85.49,72.63,66.99,0,0,83.89,134.15,65.47,15.73,1.655,27.49,"heavy traffic, industrial emissions, low wind",264.82
2027-06-19,Bengaluru,29.17,62.17,0.96,2.5,50.23,59.04,49.07,0,0,61.86,107.21,46.66,21.61,1.194,35.35,low wind,225.59
2027-06-20,Bengaluru,25.31,38.16,3.7,0.85,86.49,38.05,41.07,0,0,60.04,144.66,52.12,5.36,1.543,35.75,heavy traffic,187.94
2027-06-21,Chennai,32.02,79.94,1.04,1.0,65.29,62.7,57.73,0,0,96.96,125.01,63.63,13.67,1.414,27.24,low wind,249.56
2027-06-22,Delhi,31.56,50.77,3.24,4.05,91.48,55.05,60.01,0,0,56.28,121.39,53.65,13.9,1.656,18.6,"heavy traffic, rain",220.0
2027-06-23,Bengaluru,32.67,79.45,5.17,8.96,66.05,41.64,65.79,0,0,58.83,121.53,43.67,10.81,1.3,17.83,rain,181.28
2027-06-24,Delhi,26.99,48.42,5.21,1.79,33.24,60.51,13.75,0,0,44.21,92.38,29.95,20.34,1.137,27.51,normal urban conditions,192.13
2027-06-25,Mumbai,32.94,50.62,1.03,0.87,79.59,53.43,44.33,0,0,88.96,132.88,46.97,10.57,1.59,32.96,"heavy traffic, low wind",255.28
2027-06-26,Delhi,37.16,33.76,3.56,2.52,58.9,41.11,26.69,0,0,49.11,89.81,48.45,18.25,1.198,25.87,normal urban conditions,216.29
2027-06-27,Delhi,31.24,63.56,2.01,1.51,59.98,48.8,59.22,0,0,75.19,82.98,43.31,13.97,1.193,32.18,normal urban conditions,239.77
2027-06-28,Delhi,30.82,49.22,1.77,2.36,42.75,77.44,62.53,0,0,85.33,132.79,48.78,15.31,1.169,16.78,"industrial emissions, low wind",250.6
2027-06-29,Delhi,31.93,48.72,3.06,2.02,91.96,76.86,42.51,0,0,64.61,116.27,60.16,12.99,1.891,11.07,"heavy traffic, industrial emissions",245.36
2027-06-30,Chennai,37.1,42.11,4.67,2.08,57.66,55.39,33.41,0,0,55.95,111.52,49.86,15.22,1.147,27.22,normal urban conditions,201.01
2027-07-01,Delhi,26.99,70.68,3.92,0.05,87.2,53.03,59.94,0,0,71.76,117.15,48.06,13.38,1.807,33.98,heavy traffic,251.79
2027-07-02,Mumbai,30.67,67.44,2.34,1.0,55.1,26.21,45.34,0,0,68.8,129.51,45.35,11.9,1.066,37.43,normal urban conditions,200.47
2027-07-03,Bengaluru,27.66,80.56,4.05,0.89,47.16,82.95,76.53,0,0,66.37,98.38,50.02,18.92,1.203,12.38,"construction activity, industrial emissions",182.76
2027-07-04,Chennai,28.42,55.05,0.51,0.88,83.11,70.65,83.46,0,0,109.5,173.57,49.34,21.17,1.686,16.4,"heavy traffic, construction activity, industrial emissions, low wind",241.19
2027-07-05,Chennai,29.91,63.05,2.3,3.14,60.83,65.54,68.01,0,0,59.37,89.91,45.36,17.06,1.309,32.21,rain,185.8
2027-07-06,Delhi,34.1,45.03,2.21,0.38,60.98,11.05,52.65,0,0,42.1,90.95,43.86,7.5,1.015,28.27,normal urban conditions,191.95
2027-07-07,Chennai,35.47,53.62,3.29,0.06,41.49,52.74,84.51,0,0,63.73,125.19,47.19,18.36,0.943,40.64,construction activity,211.91
2027-07-08,Bengaluru,31.41,54.63,2.96,0.85,54.68,49.71,52.81,0,0,77.9,110.49,46.47,15.64,1.185,33.93,normal urban conditions,212.53
2027-07-09,Delhi,28.93,66.19,3.03,0.65,68.86,64.29,38.42,0,0,77.89,131.51,48.01,19.61,1.292,32.38,normal urban conditions,259.89
2027-07-10,Hyderabad,37.54,65.69,2.99,1.8,41.21,43.88,34.49,0,0,56.88,95.63,30.04,17.47,0.96,25.01,normal urban conditions,170.16
2027-07-11,Chennai,28.78,71.57,3.23,1.28,53.37,47.83,33.93,0,0,67.15,111.56,44.38,13.77,1.111,28.35,normal urban conditions,186.05
2027-07-12,Mumbai,28.35,53.53,3.85,1.09,55.27,63.15,47.87,0,0,57.02,100.25,41.46,17.22,1.252,41.28,normal urban conditions,209.5
2027-07-13,Delhi,24.74,74.47,3.38,5.2,63.06,38.08,57.26,0,0,63.97,99.47,40.22,15.62,1.174,23.67,rain,223.19
2027-07-14,Chennai,34.25,57.38,2.86,0.67,85.67,41.67,19.7,0,0,63.44,145.46,51.11,6.31,1.531,29.64,heavy traffic,204.84
2027-07-15,Chennai,32.97,55.48,3.68,2.97,57.2,55.48,39.02,0,0,52.44,83.9,48.7,15.57,1.34,26.42,normal urban conditions,181.78
2027-07-16,Chennai,37.32,48.59,4.19,1.57,50.95,76.09,52.26,0,0,58.25,63.81,55.39,18.5,1.347,21.48,industrial emissions,197.09
2027-07-17,Chennai,25.89,58.08,2.53,4.12,100.0,66.55,60.87,0,0,81.93,109.29,69.43,18.77,1.953,17.58,"heavy traffic, rain",251.88
2027-07-18,Chennai,34.44,75.12,3.13,6.59,55.07,71.36,47.48,0,0,59.75,107.87,46.5,16.01,1.299,21.68,"industrial emissions, rain",207.9
2027-07-19,Hyderabad,30.27,63.68,4.59,1.54,58.95,53.14,52.89,0,0,55.01,95.82,37.12,18.79,1.302,15.5,normal urban conditions,190.42
2027-07-20,Delhi,32.48,60.81,1.88,0.13,56.27,78.91,23.23,0,0,67.02,126.38,53.92,17.41,1.428,17.76,"industrial emissions, low wind",243.94
2027-07-21,Bengaluru,25.12,61.59,5.37,0.39,57.57,20.66,29.76,0,0,38.87,105.4,44.56,8.93,1.157,7.29,normal urban conditions,176.5
2027-07-22,Mumbai,34.47,82.13,1.59,0.26,63.24,88.4,46.78,0,0,91.15,123.24,60.82,19.15,1.481,21.62,"industrial emissions, low wind",246.04
2027-07-23,Hyderabad,32.42,72.15,2.79,1.01,76.73,90.73,58.21,0,0,78.43,90.53,60.21,25.21,1.778,31.9,"heavy traffic, industrial emissions",278.16
2027-07-24,Bengaluru,29.95,53.63,2.06,0.83,68.46,60.22,52.63,0,0,81.64,99.45,47.65,10.38,1.364,25.82,normal urban conditions,216.5
2027-07-25,Chennai,32.0,56.67,5.83,2.12,79.23,66.98,31.02,0,0,51.93,97.09,53.59,23.08,1.557,26.61,heavy traffic,230.64
2027-07-26,Mumbai,27.77,60.22,2.6,3.85,78.7,51.32,43.27,0,0,72.12,86.12,58.98,19.63,1.474,31.41,"heavy traffic, rain",239.31
2027-07-27,Mumbai,28.32,63.43,2.6,0.1,65.34,48.23,78.24,0,0,71.5,111.39,47.75,13.02,1.36,37.79,construction activity,219.37
2027-07-28,Bengaluru,28.67,54.72,2.76,1.7,68.02,41.0,58.89,0,0,78.55,146.56,45.12,16.64,1.225,43.12,normal urban conditions,226.25
2027-07-29,Delhi,24.5,69.04,3.31,0.69,79.74,51.12,44.75,0,0,83.48,129.15,47.42,15.57,1.438,24.2,heavy traffic,256.67
2027-07-30,Hyderabad,32.65,73.47,2.81,1.76,44.22,62.01,27.48,0,0,48.24,95.3,56.37,21.88,1.101,25.17,normal urban conditions,208.6
2027-07-31,Bengaluru,33.64,45.12,3.04,1.01,100.0,59.56,33.73,0,0,85.57,104.49,55.92,19.38,1.811,28.19,heavy traffic,235.94
2027-08-01,Hyderabad,25.4,52.74,0.3,3.29,49.8,87.76,48.13,0,0,95.38,135.58,45.22,27.62,1.299,29.78,"industrial emissions, rain, low wind",267.39
2027-08-02,Mumbai,28.54,56.99,3.27,0.43,52.38,53.8,53.52,1,0,62.73,103.82,42.73,10.92,1.223,25.77,festival fireworks,195.54
2027-08-03,Chennai,26.7,58.74,3.22,0.75,38.61,25.2,59.31,0,0,41.53,97.56,29.63,11.61,0.836,24.57,normal urban conditions,156.06
2027-08-04,Mumbai,28.48,81.85,4.45,1.43,39.09,81.6,55.76,0,0,68.3,126.01,46.98,14.88,1.261,23.24,industrial emissions,190.71
2027-08-05,Bengaluru,25.62,73.89,4.77,1.14,73.58,30.02,40.6,0,0,43.17,108.41,49.58,10.25,1.318,16.63,normal urban conditions,172.27
2027-08-06,Hyderabad,24.85,73.85,2.97,1.42,94.32,41.93,37.78,0,0,69.88,114.27,48.37,20.46,1.774,6.48,heavy traffic,217.9
2027-08-07,Delhi,30.66,57.7,4.18,5.78,48.92,56.89,88.94,0,0,45.63,109.11,35.42,17.51,1.188,23.25,"construction activity, rain",200.04
2027-08-08,Hyderabad,27.31,59.82,1.88,0.92,63.56,59.51,36.87,1,0,89.83,117.58,43.55,19.48,1.272,36.04,"low wind, festival fireworks",218.91
2027-08-09,Delhi,33.57,43.79,4.12,0.47,61.52,25.98,22.17,0,0,38.97,107.27,43.34,12.7,1.127,41.08,normal urban conditions,227.67
2027-08-10,Chennai,27.64,70.27,2.51,1.47,74.0,38.56,15.23,0,0,61.68,87.12,50.39,14.52,1.371,31.35,normal urban conditions,218.37
2027-08-11,Bengaluru,24.72,69.41,1.78,1.71,93.5,25.35,40.94,0,0,71.24,109.61,51.24,9.49,1.451,19.81,"heavy traffic, low wind",195.86
2027-08-12,Mumbai,31.18,72.83,2.98,7.99,82.34,63.19,66.8,0,0,84.1,148.35,56.65,14.98,1.739,20.88,"heavy traffic, rain",249.66
2027-08-13,Hyderabad,29.39,59.12,4.88,4.41,54.18,73.3,36.48,0,0,41.43,81.78,37.63,17.08,1.315,38.44,"industrial emissions, rain",216.23
2027-08-14,Bengaluru,29.68,59.61,3.42,1.11,66.46,30.01,77.55,1,0,61.44,86.25,37.7,3.61,1.176,19.59,"construction activity, festival fireworks",173.95
2027-08-15,Mumbai,31.07,61.75,5.0,6.87,68.05,69.92,47.85,0,0,38.68,82.36,41.05,17.94,1.501,27.96,rain,181.08
2027-08-16,Mumbai,25.54,72.84,2.3,5.79,57.68,68.75,70.19,1,0,87.43,154.04,48.78,18.72,1.282,35.13,"construction activity, rain, festival fireworks",226.24
2027-08-17,Hyderabad,27.12,48.12,4.46,0.48,40.47,40.14,32.85,0,0,49.17,54.95,33.91,11.56,1.054,28.01,normal urban conditions,166.62
2027-08-18,Mumbai,26.99,70.27,2.42,0.94,45.22,16.31,33.16,0,0,63.24,108.25,26.64,9.22,0.952,22.36,normal urban conditions,181.64
2027-08-19,Bengaluru,23.63,65.06,3.47,1.93,76.37,32.72,49.82,0,0,52.08,88.63,48.93,13.81,1.373,31.31,heavy traffic,211.61
2027-08-20,Delhi,26.71,52.52,3.46,5.06,78.02,41.29,57.65,0,0,59.77,103.73,55.1,16.26,1.481,26.89,"heavy traffic, rain",245.29
2027-08-21,Chennai,31.51,38.9,3.99,0.11,54.68,79.75,44.42,0,0,87.66,119.8,40.75,16.17,1.345,32.04,industrial emissions,230.93
2027-08-22,Mumbai,28.21,60.69,3.5,1.42,62.18,49.87,53.85,0,0,61.06,124.54,42.44,12.59,1.175,36.84,normal urban conditions,216.01
2027-08-23,Hyderabad,23.46,79.85,2.31,2.24,77.16,33.88,59.77,0,0,69.95,115.6,51.4,14.68,1.353,3.51,heavy traffic,179.07
2027-08-24,Delhi,22.83,82.56,4.26,4.27,30.73,54.66,19.59,0,0,37.53,103.69,32.46,17.51,0.907,23.16,rain,198.12
2027-08-25,Mumbai,32.49,62.61,5.28,1.63,50.86,28.68,41.18,0,0,45.71,117.34,25.5,15.62,0.869,22.99,normal urban conditions,152.55
2027-08-26,Bengaluru,27.23,82.36,2.5,0.11,90.29,61.26,37.63,0,0,92.6,129.5,55.92,20.71,1.616,21.64,heavy traffic,229.55
2027-08-27,Mumbai,25.56,63.48,1.0,7.94,62.79,34.4,38.6,0,0,52.98,92.9,41.7,19.75,1.111,25.23,"rain, low wind",188.36
2027-08-28,Delhi,26.68,72.66,3.8,1.69,39.93,37.01,56.14,0,0,44.8,102.12,32.0,12.04,0.867,19.23,normal urban conditions,182.24
2027-08-29,Hyderabad,23.07,61.14,2.8,2.33,59.88,58.76,37.9,0,0,61.34,115.82,45.37,21.14,1.428,24.95,normal urban conditions,206.65
2027-08-30,Delhi,31.77,54.42,3.04,0.2,74.34,83.5,7.9,0,0,65.33,84.19,65.7,17.6,1.684,31.64,industrial emissions,269.4
2027-08-31,Mumbai,26.32,56.6,3.87,5.58,17.26,91.56,43.27,0,0,30.75,87.5,33.98,28.83,1.084,27.11,"industrial emissions, rain",170.39
2027-09-01,Hyderabad,28.1,41.52,2.65,0.96,57.89,33.28,26.71,0,0,72.24,107.82,30.16,13.69,1.185,29.25,normal urban conditions,196.02
2027-09-02,Hyderabad,24.15,77.76,2.88,0.69,49.11,41.26,57.93,0,0,59.92,99.32,39.01,15.23,1.174,21.13,normal urban conditions,183.24
2027-09-03,Bengaluru,28.29,55.58,3.08,4.56,28.8,61.28,64.11,0,0,46.9,85.43,44.99,19.77,0.965,26.2,rain,160.75
2027-09-04,Bengaluru,24.77,56.45,4.96,0.25,56.38,73.04,5.0,0,0,47.45,79.93,44.07,14.62,1.486,25.41,industrial emissions,175.97
2027-09-05,Chennai,26.56,51.41,3.24,2.36,52.89,13.05,32.52,0,0,42.47,113.35,31.19,5.86,0.864,19.84,normal urban conditions,128.76
2027-09-06,Delhi,26.16,61.45,1.72,0.67,54.69,53.57,55.07,0,0,77.64,113.29,42.6,15.92,1.222,33.9,low wind,222.29
2027-09-07,Mumbai,25.87,81.33,1.76,2.64,49.5,43.23,19.82,0,0,54.83,119.09,43.84,14.95,1.021,21.83,low wind,200.62
2027-09-08,Delhi,25.04,85.21,3.37,3.33,38.73,17.37,63.65,0,0,58.95,109.21,27.29,16.03,0.918,18.73,rain,193.42
2027-09-09,Delhi,23.3,48.88,1.84,0.92,31.79,27.93,68.99,0,0,61.81,89.25,21.36,8.62,0.833,27.72,low wind,157.85
2027-09-10,Mumbai,29.75,57.43,1.33,5.31,44.02,41.78,44.76,0,0,54.22,104.47,34.46,18.31,1.124,26.67,"rain, low wind",163.19
2027-09-11,Hyderabad,21.28,56.56,3.96,1.69,68.82,53.06,32.52,0,0,52.96,77.24,46.62,14.69,1.282,31.61,normal urban conditions,200.51
2027-09-12,Chennai,24.01,74.87,4.02,8.03,58.8,70.15,5.0,0,0,55.71,108.31,49.76,17.38,1.328,28.48,"industrial emissions, rain",189.77
2027-09-13,Bengaluru,24.04,67.83,2.76,4.61,53.97,58.38,64.28,0,0,62.85,106.11,40.38,15.85,1.105,23.73,rain,178.87
2027-09-14,Bengaluru,25.21,57.79,3.55,1.9,38.44,69.06,88.05,0,0,52.29,120.18,37.38,17.13,1.154,31.5,construction activity,184.57
2027-09-15,Bengaluru,22.71,66.63,3.43,1.88,49.09,52.48,83.91,0,0,76.22,148.04,40.31,16.86,1.12,24.14,construction activity,202.5
2027-09-16,Delhi,24.94,59.56,3.92,0.29,66.87,39.31,44.1,0,0,53.37,69.08,38.9,12.1,1.349,16.49,normal urban conditions,196.53
2027-09-17,Chennai,23.49,81.5,3.93,4.56,63.15,48.69,26.15,0,0,61.91,96.27,43.47,10.56,1.302,27.37,rain,177.39
2027-09-18,Chennai,19.25,73.79,0.3,0.81,47.44,64.52,64.75,1,0,68.47,92.35,48.37,16.52,1.036,6.43,"low wind, festival fireworks",181.58
2027-09-19,Delhi,24.03,71.68,2.91,2.11,15.0,70.59,45.46,0,0,46.77,134.38,24.2,19.66,0.721,1.0,industrial emissions,176.86
2027-09-20,Hyderabad,20.7,40.64,3.82,7.97,44.27,49.34,57.56,0,0,51.73,92.78,38.94,10.69,1.084,29.39,rain,156.39
2027-09-21,Chennai,18.8,67.97,2.71,5.22,47.35,35.28,54.06,0,0,52.03,76.84,30.26,14.39,1.067,23.29,rain,157.18
2027-09-22,Hyderabad,24.41,85.54,3.24,0.52,40.56,58.04,49.86,0,0,68.51,152.69,31.71,19.83,0.908,23.8,normal urban conditions,179.3
2027-09-23,Chennai,25.46,77.24,4.1,1.7,48.46,60.6,68.57,0,0,53.81,90.52,36.64,21.14,1.188,32.46,normal urban conditions,202.53
2027-09-24,Chennai,25.58,45.42,3.3,2.33,68.14,74.19,69.31,0,0,77.64,92.36,59.97,19.88,1.431,26.45,industrial emissions,243.02
2027-09-25,Hyderabad,25.7,60.67,5.01,5.78,54.48,39.78,37.55,0,0,38.1,67.23,27.35,7.95,1.054,22.21,rain,149.94
2027-09-26,Delhi,18.2,57.04,4.55,5.07,70.91,39.98,29.54,0,0,49.42,98.19,41.69,15.34,1.288,26.74,rain,202.47
2027-09-27,Mumbai,19.92,84.97,3.06,2.95,30.94,65.61,5.0,0,0,67.41,106.98,36.05,20.4,1.025,13.76,normal urban conditions,180.61
2027-09-28,Mumbai,29.92,63.3,2.96,2.69,50.19,44.67,41.08,0,0,68.54,96.28,46.45,12.06,1.064,25.19,normal urban conditions,198.02
2027-09-29,Hyderabad,20.86,59.52,0.3,1.67,24.05,43.91,26.13,0,0,64.06,97.45,44.25,13.81,0.643,24.1,low wind,159.97
2027-09-30,Hyderabad,25.83,64.06,2.81,2.27,48.25,74.57,56.38,0,0,76.13,119.82,42.35,20.38,1.286,26.85,industrial emissions,219.83
2027-10-01,Hyderabad,18.44,42.82,1.58,1.28,37.27,27.32,41.28,0,0,42.86,115.93,35.97,16.73,0.833,20.67,low wind,179.07
2027-10-02,Delhi,20.74,56.43,3.47,3.63,74.5,89.01,43.45,0,0,69.17,118.09,56.39,20.47,1.603,19.2,"industrial emissions, rain",238.54
2027-10-03,Mumbai,18.6,69.14,3.38,2.82,60.56,40.97,64.24,0,1,67.21,102.98,41.54,16.23,1.198,12.09,crop burning,189.15
2027-10-04,Bengaluru,22.18,74.73,4.04,4.42,70.24,67.6,55.95,0,1,74.21,113.26,52.01,18.77,1.471,15.72,"rain, crop burning",211.79
2027-10-05,Delhi,20.91,47.75,4.88,4.31,47.13,50.04,45.67,0,0,31.99,98.33,27.55,15.6,1.119,36.5,rain,203.69
2027-10-06,Mumbai,19.16,64.58,3.17,0.81,37.68,56.88,81.73,0,1,84.38,158.33,36.61,20.09,1.024,18.93,"construction activity, crop burning",196.73
2027-10-07,Chennai,17.35,79.75,5.94,0.03,37.17,47.27,62.76,0,0,33.79,67.99,34.16,12.07,0.993,19.3,normal urban conditions,142.68
2027-10-08,Delhi,21.3,52.37,3.48,0.73,58.25,67.42,39.68,1,1,92.83,149.44,41.28,18.48,1.35,12.99,"festival fireworks, crop burning",241.47
2027-10-09,Hyderabad,16.86,72.29,1.63,2.25,82.96,45.75,40.57,0,0,78.37,113.02,56.47,14.4,1.586,36.54,"heavy traffic, low wind",213.72
2027-10-10,Mumbai,21.78,67.21,2.53,1.28,60.6,41.69,63.77,0,0,58.51,77.3,32.96,9.15,1.354,15.88,normal urban conditions,152.02
2027-10-11,Delhi,28.38,79.08,2.75,1.22,48.0,84.64,52.06,0,0,89.53,95.59,47.43,24.24,1.333,15.89,industrial emissions,244.97
2027-10-12,Hyderabad,24.55,62.31,3.91,0.68,50.98,52.53,25.58,0,0,39.65,111.82,48.24,17.89,1.127,23.6,normal urban conditions,169.88
2027-10-13,Hyderabad,22.66,64.23,2.06,2.57,53.5,39.84,65.89,0,0,77.56,147.24,39.51,13.48,1.016,16.51,normal urban conditions,205.4
2027-10-14,Delhi,20.24,76.18,2.84,2.92,86.43,25.17,73.14,0,1,73.02,108.3,43.6,10.24,1.49,22.55,"heavy traffic, construction activity, crop burning",224.82
2027-10-15,Delhi,14.68,58.26,3.01,2.98,73.74,85.58,71.63,0,0,81.33,120.77,47.98,20.69,1.576,8.5,"construction activity, industrial emissions",240.03
2027-10-16,Delhi,16.53,68.02,2.66,4.33,58.16,42.07,78.85,0,0,54.09,72.94,44.66,15.85,1.388,26.89,"construction activity, rain",226.04
2027-10-17,Bengaluru,24.35,60.2,4.17,0.02,55.76,89.11,89.38,0,0,72.21,133.6,54.57,21.42,1.676,30.75,"construction activity, industrial emissions",233.19
2027-10-18,Chennai,18.13,67.72,3.97,2.85,58.79,59.18,82.6,0,0,85.49,128.52,44.08,14.47,1.294,19.01,construction activity,203.96
2027-10-19,Delhi,18.4,77.4,4.6,3.4,61.91,54.57,54.81,0,1,74.92,89.82,41.14,14.18,1.187,7.24,"rain, crop burning",213.03
2027-10-20,Mumbai,20.0,73.34,2.8,0.74,47.39,55.06,43.83,1,1,81.6,125.14,29.07,15.77,1.201,14.52,"festival fireworks, crop burning",176.25
2027-10-21,Mumbai,17.31,62.19,4.64,1.39,40.49,91.89,11.41,0,0,55.63,73.08,43.94,18.9,1.455,20.5,industrial emissions,167.05
2027-10-22,Mumbai,16.82,71.39,1.56,0.98,70.52,12.54,48.22,0,0,65.65,120.06,38.29,10.01,1.066,10.21,low wind,168.43
2027-10-23,Mumbai,20.35,82.46,1.53,3.03,54.35,55.86,58.38,0,0,75.93,99.47,41.19,13.56,1.389,11.96,"rain, low wind",186.1
2027-10-24,Delhi,17.83,61.01,1.74,4.75,69.18,47.23,48.87,0,1,79.97,126.91,58.34,11.69,1.216,27.83,"rain, low wind, crop burning",267.07
2027-10-25,Hyderabad,18.28,70.46,3.21,0.36,80.34,48.16,10.24,0,0,58.49,88.34,40.5,24.29,1.387,20.68,heavy traffic,196.48
2027-10-26,Mumbai,18.16,67.16,4.64,2.6,62.33,54.69,42.27,0,0,47.64,53.22,34.04,21.57,1.351,20.79,normal urban conditions,155.06
2027-10-27,Mumbai,22.07,65.72,2.48,5.63,59.74,47.21,60.91,0,0,70.58,133.17,45.56,14.99,1.331,25.94,rain,197.83
2027-10-28,Mumbai,19.8,51.63,2.63,0.81,100.0,55.39,27.48,0,0,79.12,136.56,58.61,18.41,1.777,21.55,heavy traffic,261.02
2027-10-29,Chennai,19.96,81.93,2.94,0.58,57.31,51.58,51.31,0,0,59.12,96.1,40.45,18.31,1.283,18.73,normal urban conditions,185.09
2027-10-30,Bengaluru,22.29,58.45,3.89,0.49,36.55,28.36,56.63,0,1,67.97,117.71,31.53,11.31,0.947,26.44,crop burning,183.45
2027-10-31,Hyderabad,20.07,78.01,2.63,0.62,49.5,58.86,70.36,1,0,83.17,133.71,43.97,17.27,1.295,25.34,"construction activity, festival fireworks",240.6
2027-11-01,Mumbai,17.1,63.61,2.56,0.0,79.9,64.89,82.25,0,0,96.42,145.65,49.43,16.6,1.548,23.26,"heavy traffic, construction activity",226.14
2027-11-02,Chennai,19.35,62.0,1.59,0.0,34.37,42.24,40.44,1,0,63.95,138.88,31.05,17.53,0.847,31.42,"low wind, festival fireworks",170.43
2027-11-03,Chennai,19.94,79.97,2.51,0.0,43.03,85.62,51.68,0,0,75.1,125.03,45.76,24.51,1.364,19.54,industrial emissions,212.3
2027-11-04,Delhi,17.5,79.49,4.61,0.0,72.77,76.04,52.3,0,1,99.32,129.32,53.33,23.85,1.616,8.65,"industrial emissions, crop burning",270.71
2027-11-05,Chennai,18.18,71.16,3.31,0.0,50.73,67.19,60.99,0,1,80.44,130.35,46.64,18.55,1.309,27.08,crop burning,200.9
